Date,location,pm2.5
2020-01-01,Cannon Hill,5.925
2020-01-01,Collingwood Park,6.916666666666670
2020-01-01,Fisherman Island,7.054166666666670
2020-01-01,Hopeland,8.295833333333330
2020-01-01,Lytton,3.670833333333330
2020-01-01,Miles Airport,26.520833333333300
2020-01-01,Rocklea,6.770833333333330
2020-01-01,South Brisbane,7.170833333333330
2020-01-01,South Gladstone,6.4750000000000000
2020-01-01,Springwood,3.3125
2020-01-01,Tara Region,10.263636363636400
2020-01-01,Woolloongabba,7.979166666666670
2020-01-01,Wynnum North,4.794736842105260
2020-01-01,Wynnum West,3.0833333333333300
2020-01-02,Brisbane City,5.416666666666670
2020-01-02,Cannon Hill,5.3625
2020-01-02,Collingwood Park,5.575
2020-01-02,Fisherman Island,4.683333333333330
2020-01-02,Hopeland,5.45
2020-01-02,Lytton,1.4666666666666700
2020-01-02,Miles Airport,8.308333333333330
2020-01-02,Rocklea,5.8375000000000000
2020-01-02,South Brisbane,5.391666666666670
2020-01-02,South Gladstone,4.783333333333330
2020-01-02,Southport,4.483333333333330
2020-01-02,Tara Region,7.070833333333330
2020-01-02,Woolloongabba,5.266666666666670
2020-01-02,Wynnum North,1.9333333333333300
2020-01-02,Wynnum West,1.7739130434782600
2020-01-03,Brisbane City,6.454166666666670
2020-01-03,Cannon Hill,6.0125
2020-01-03,Fisherman Island,6.691666666666670
2020-01-03,Hopeland,4.979166666666670
2020-01-03,Miles Airport,4.75
2020-01-03,Mount Coot-tha,6.791666666666670
2020-01-03,Rocklea,5.495833333333330
2020-01-03,South Brisbane,6.4750000000000000
2020-01-03,South Gladstone,3.420833333333330
2020-01-03,Southport,5.354166666666670
2020-01-03,Springwood,3.475
2020-01-03,Tara Region,5.9000000000000000
2020-01-03,Woolloongabba,6.083333333333330
2020-01-03,Wynnum North,3.0875
2020-01-03,Wynnum West,2.4291666666666700
2020-01-04,Brisbane City,5.1000000000000000
2020-01-04,Fisherman Island,7.520833333333330
2020-01-04,Hopeland,2.9291666666666700
2020-01-04,Lytton,4.291666666666670
2020-01-04,Miles Airport,5.373913043478260
2020-01-04,Mount Coot-tha,5.3500000000000000
2020-01-04,Rocklea,6.204166666666670
2020-01-04,South Brisbane,5.516666666666670
2020-01-04,South Gladstone,2.6791666666666700
2020-01-04,Southport,6.429166666666670
2020-01-04,Springwood,3.045833333333330
2020-01-04,Tara Region,4.4750000000000000
2020-01-04,Woolloongabba,5.48695652173913
2020-01-04,Wynnum North,3.55
2020-01-04,Wynnum West,4.07
2020-01-05,Brisbane City,3.8125
2020-01-05,Cannon Hill,4.8625
2020-01-05,Fisherman Island,2.8041666666666700
2020-01-05,Hopeland,0.8125
2020-01-05,Lytton,4.509090909090910
2020-01-05,Miles Airport,1.0166666666666700
2020-01-05,Mount Coot-tha,2.6125000000000000
2020-01-05,Rocklea,3.545833333333330
2020-01-05,South Brisbane,4.983333333333330
2020-01-05,South Gladstone,2.8958333333333300
2020-01-05,Southport,1.2583333333333300
2020-01-05,Springwood,4.183333333333330
2020-01-05,Tara Region,1.5291666666666700
2020-01-05,Woolloongabba,4.954166666666670
2020-01-05,Wynnum North,2.9476190476190500
2020-01-05,Wynnum West,1.508333333333330
2020-01-06,Brisbane City,6.966666666666670
2020-01-06,Cannon Hill,7.0375000000000000
2020-01-06,Hopeland,1.4750000000000000
2020-01-06,Lytton,8.513636363636360
2020-01-06,Miles Airport,2.8541666666666700
2020-01-06,Mount Coot-tha,6.433333333333330
2020-01-06,Rocklea,10.478947368421100
2020-01-06,South Brisbane,6.0125
2020-01-06,South Gladstone,8.666666666666670
2020-01-06,Southport,2.9416666666666700
2020-01-06,Springwood,6.8
2020-01-06,Tara Region,2.970833333333330
2020-01-06,Woolloongabba,7.3375000000000000
2020-01-06,Wynnum North,3.7950000000000000
2020-01-06,Wynnum West,2.8250000000000000
2020-01-07,Brisbane City,6.658333333333330
2020-01-07,Cannon Hill,6.233333333333330
2020-01-07,Hopeland,1.7750000000000000
2020-01-07,Lytton,4.070833333333330
2020-01-07,Miles Airport,3.6875
2020-01-07,Mount Coot-tha,4.504166666666670
2020-01-07,Rocklea,6.921739130434780
2020-01-07,South Brisbane,8.033333333333330
2020-01-07,South Gladstone,3.4125
2020-01-07,Southport,4.695833333333330
2020-01-07,Springwood,6.104166666666670
2020-01-07,Tara Region,4.466666666666670
2020-01-07,Woolloongabba,8.183333333333330
2020-01-07,Wynnum North,3.2416666666666700
2020-01-07,Wynnum West,3.6958333333333300
2020-01-08,Brisbane City,5.004166666666670
2020-01-08,Cannon Hill,4.3375000000000000
2020-01-08,Hopeland,1.7083333333333300
2020-01-08,Lytton,2.6916666666666700
2020-01-08,Miles Airport,3.4583333333333300
2020-01-08,Mount Coot-tha,3.9916666666666700
2020-01-08,Rocklea,5.577272727272730
2020-01-08,South Brisbane,5.133333333333330
2020-01-08,South Gladstone,5.341666666666670
2020-01-08,Southport,4.708333333333330
2020-01-08,Springwood,3.4250000000000000
2020-01-08,Tara Region,3.529166666666670
2020-01-08,Woolloongabba,6.75
2020-01-08,Wynnum North,2.433333333333330
2020-01-08,Wynnum West,2.0434782608695700
2020-01-09,Brisbane City,11.5
2020-01-09,Cannon Hill,10.700000000000000
2020-01-09,Hopeland,6.070833333333330
2020-01-09,Lytton,11.458333333333300
2020-01-09,Miles Airport,7.816666666666670
2020-01-09,Mount Coot-tha,12.791666666666700
2020-01-09,Rocklea,9.220833333333330
2020-01-09,South Brisbane,11.35
2020-01-09,South Gladstone,7.375
2020-01-09,Southport,10.795833333333300
2020-01-09,Springwood,10.875
2020-01-09,Tara Region,6.033333333333330
2020-01-09,Woolloongabba,11.291666666666700
2020-01-09,Wynnum North,8.279166666666670
2020-01-09,Wynnum West,8.378260869565220
2020-01-10,Brisbane City,5.233333333333330
2020-01-10,Cannon Hill,5.170833333333330
2020-01-10,Hopeland,4.175
2020-01-10,Lytton,3.3666666666666700
2020-01-10,Miles Airport,7.25
2020-01-10,Mount Coot-tha,4.4125
2020-01-10,Rocklea,3.345833333333330
2020-01-10,South Brisbane,5.104166666666670
2020-01-10,South Gladstone,7.720833333333330
2020-01-10,Southport,3.6916666666666700
2020-01-10,Springwood,3.3125
2020-01-10,Tara Region,6.191666666666670
2020-01-10,Woolloongabba,5.4875
2020-01-10,Wynnum North,4.968181818181820
2020-01-10,Wynnum West,3.404166666666670
2020-01-11,Brisbane City,5.3875
2020-01-11,Cannon Hill,7.979166666666670
2020-01-11,Hopeland,1.325
2020-01-11,Lytton,4.179166666666670
2020-01-11,Mount Coot-tha,4.429166666666670
2020-01-11,Rocklea,4.745833333333330
2020-01-11,South Brisbane,5.154166666666670
2020-01-11,South Gladstone,6.454166666666670
2020-01-11,Southport,4.904166666666670
2020-01-11,Springwood,3.9875000000000000
2020-01-11,Tara Region,2.4916666666666700
2020-01-11,Woolloongabba,4.729166666666670
2020-01-11,Wynnum North,10.210000000000000
2020-01-11,Wynnum West,3.5
2020-01-12,Brisbane City,10.491666666666700
2020-01-12,Cannon Hill,7.308333333333330
2020-01-12,Hopeland,25.141666666666700
2020-01-12,Lytton,4.352173913043480
2020-01-12,Miles Airport,18.720833333333300
2020-01-12,Mount Coot-tha,9.629166666666670
2020-01-12,Rocklea,7.8
2020-01-12,South Brisbane,10.129166666666700
2020-01-12,South Gladstone,4.304166666666670
2020-01-12,Southport,7.266666666666670
2020-01-12,Springwood,7.866666666666670
2020-01-12,Tara Region,35.00833333333330
2020-01-12,Woolloongabba,9.604166666666670
2020-01-12,Wynnum North,6.233333333333330
2020-01-12,Wynnum West,4.458333333333330
2020-02-01,Cannon Hill,5.945833333333330
2020-02-01,Collingwood Park,6.608333333333330
2020-02-01,Fisherman Island,6.283333333333330
2020-02-01,Hopeland,11.116666666666700
2020-02-01,Lytton,3.220833333333330
2020-02-01,Miles Airport,13.920833333333300
2020-02-01,Rocklea,6.129166666666670
2020-02-01,South Brisbane,5.358333333333330
2020-02-01,South Gladstone,6.6000000000000000
2020-02-01,Springwood,1.3041666666666700
2020-02-01,Tara Region,12.645833333333300
2020-02-01,Woolloongabba,6.295833333333330
2020-02-01,Wynnum North,2.0095238095238100
2020-02-01,Wynnum West,2.5708333333333300
2020-02-02,Brisbane City,5.295833333333330
2020-02-02,Cannon Hill,4.1625000000000000
2020-02-02,Collingwood Park,4.829166666666670
2020-02-02,Fisherman Island,5.291666666666670
2020-02-02,Hopeland,6.991666666666670
2020-02-02,Lytton,2.534782608695650
2020-02-02,Miles Airport,5.1875
2020-02-02,Rocklea,4.777272727272730
2020-02-02,South Brisbane,5.2
2020-02-02,South Gladstone,4.741666666666670
2020-02-02,Southport,5.620833333333330
2020-02-02,Tara Region,7.745833333333330
2020-02-02,Woolloongabba,5.066666666666670
2020-02-02,Wynnum North,8.08235294117647
2020-02-02,Wynnum West,2.9791666666666700
2020-02-03,Brisbane City,6.2375
2020-02-03,Cannon Hill,6.99
2020-02-03,Fisherman Island,6.979166666666670
2020-02-03,Hopeland,4.508333333333330
2020-02-03,Miles Airport,6.05
2020-02-03,Mount Coot-tha,5.8500000000000000
2020-02-03,Rocklea,5.870833333333330
2020-02-03,South Brisbane,6.083333333333330
2020-02-03,South Gladstone,3.1458333333333300
2020-02-03,Southport,6.908333333333330
2020-02-03,Springwood,4.05
2020-02-03,Tara Region,5.508333333333330
2020-02-03,Woolloongabba,5.866666666666670
2020-02-03,Wynnum North,7.413636363636360
2020-02-03,Wynnum West,3.3625000000000000
2020-02-04,Brisbane City,5.345833333333330
2020-02-04,Cannon Hill,2.4583333333333300
2020-02-04,Fisherman Island,6.05
2020-02-04,Hopeland,2.8541666666666700
2020-02-04,Lytton,3.1130434782608700
2020-02-04,Miles Airport,4.433333333333330
2020-02-04,Mount Coot-tha,5.22608695652174
2020-02-04,Rocklea,4.670833333333330
2020-02-04,South Brisbane,5.545833333333330
2020-02-04,South Gladstone,2.066666666666670
2020-02-04,Southport,4.870833333333330
2020-02-04,Springwood,3.8666666666666700
2020-02-04,Tara Region,3.5375
2020-02-04,Woolloongabba,5.533333333333330
2020-02-04,Wynnum North,4.340909090909090
2020-02-04,Wynnum West,2.317391304347830
2020-02-05,Brisbane City,4.345833333333330
2020-02-05,Cannon Hill,5.004166666666670
2020-02-05,Fisherman Island,4.120833333333330
2020-02-05,Hopeland,2.4916666666666700
2020-02-05,Lytton,5.2625
2020-02-05,Miles Airport,3.216666666666670
2020-02-05,Mount Coot-tha,4.020833333333330
2020-02-05,Rocklea,5.1875
2020-02-05,South Brisbane,4.920833333333330
2020-02-05,South Gladstone,1.3958333333333300
2020-02-05,Southport,2.191666666666670
2020-02-05,Springwood,9.866666666666670
2020-02-05,Tara Region,3.908333333333330
2020-02-05,Woolloongabba,4.616666666666670
2020-02-05,Wynnum North,3.1666666666666700
2020-02-05,Wynnum West,1.7708333333333300
2020-02-06,Brisbane City,3.6208333333333300
2020-02-06,Cannon Hill,1.5782608695652200
2020-02-06,Hopeland,1.3125
2020-02-06,Lytton,5.519047619047620
2020-02-06,Miles Airport,2.6125000000000000
2020-02-06,Mount Coot-tha,3.5750000000000000
2020-02-06,Rocklea,3.447058823529410
2020-02-06,South Brisbane,3.3333333333333300
2020-02-06,South Gladstone,3.525
2020-02-06,Southport,1.6125
2020-02-06,Springwood,4.325
2020-02-06,Tara Region,3.0083333333333300
2020-02-06,Woolloongabba,3.725
2020-02-06,Wynnum North,2.3333333333333300
2020-02-06,Wynnum West,1.4727272727272700
2020-02-07,Brisbane City,8.112500000000000
2020-02-07,Cannon Hill,10.6875
2020-02-07,Hopeland,1.8666666666666700
2020-02-07,Lytton,6.120833333333330
2020-02-07,Miles Airport,3.5083333333333300
2020-02-07,Mount Coot-tha,6.633333333333330
2020-02-07,Rocklea,7.976923076923080
2020-02-07,South Brisbane,8.333333333333330
2020-02-07,South Gladstone,3.3125
2020-02-07,Southport,4.0250000000000000
2020-02-07,Springwood,12.783333333333300
2020-02-07,Tara Region,2.7000000000000000
2020-02-07,Woolloongabba,8.8375
2020-02-07,Wynnum North,5.1
2020-02-07,Wynnum West,4.465217391304350
2020-02-08,Brisbane City,7.483333333333330
2020-02-08,Cannon Hill,9.725
2020-02-08,Hopeland,1.5833333333333300
2020-02-08,Lytton,4.5125
2020-02-08,Miles Airport,2.5500000000000000
2020-02-08,Mount Coot-tha,4.470833333333330
2020-02-08,Rocklea,9.335000000000000
2020-02-08,South Brisbane,8.233333333333330
2020-02-08,South Gladstone,3.4250000000000000
2020-02-08,Southport,4.741666666666670
2020-02-08,Springwood,6.216666666666670
2020-02-08,Tara Region,3.1333333333333300
2020-02-08,Woolloongabba,8.975
2020-02-08,Wynnum North,4.521739130434780
2020-02-08,Wynnum West,3.7875
2020-02-09,Brisbane City,9.625
2020-02-09,Cannon Hill,8.604166666666670
2020-02-09,Hopeland,13.800000000000000
2020-02-09,Lytton,5.1500000000000000
2020-02-09,Miles Airport,14.829166666666700
2020-02-09,Mount Coot-tha,10.208333333333300
2020-02-09,Rocklea,6.970833333333330
2020-02-09,South Brisbane,9.241666666666670
2020-02-09,South Gladstone,7.041666666666670
2020-02-09,Southport,5.395833333333330
2020-02-09,Springwood,6.691666666666670
2020-02-09,Tara Region,15.945833333333300
2020-02-09,Woolloongabba,9.762500000000000
2020-02-09,Wynnum North,3.8708333333333300
2020-02-09,Wynnum West,3.6333333333333300
2020-02-10,Brisbane City,8.145833333333330
2020-02-10,Cannon Hill,7.516666666666670
2020-02-10,Hopeland,2.954166666666670
2020-02-10,Lytton,6.5250000000000000
2020-02-10,Miles Airport,4.633333333333330
2020-02-10,Mount Coot-tha,7.254166666666670
2020-02-10,Rocklea,6.1125
2020-02-10,South Brisbane,8.183333333333330
2020-02-10,South Gladstone,12.362500000000000
2020-02-10,Southport,4.4125000000000000
2020-02-10,Springwood,4.279166666666670
2020-02-10,Tara Region,3.7708333333333300
2020-02-10,Woolloongabba,7.658333333333330
2020-02-10,Wynnum North,5.229166666666670
2020-02-10,Wynnum West,4.833333333333330
2020-02-11,Brisbane City,5.45
2020-02-11,Cannon Hill,4.858333333333330
2020-02-11,Hopeland,3.295833333333330
2020-02-11,Lytton,3.8041666666666700
2020-02-11,Mount Coot-tha,5.0875000000000000
2020-02-11,Rocklea,4.233333333333330
2020-02-11,South Brisbane,6.895833333333330
2020-02-11,South Gladstone,16.675
2020-02-11,Southport,4.1375
2020-02-11,Springwood,3.3791666666666700
2020-02-11,Tara Region,4.179166666666670
2020-02-11,Woolloongabba,5.25
2020-02-11,Wynnum North,0.6125000000000000
2020-02-11,Wynnum West,2.433333333333330
2020-02-12,Brisbane City,12.25
2020-02-12,Cannon Hill,5.4375
2020-02-12,Hopeland,9.130000000000000
2020-02-12,Lytton,6.0875000000000000
2020-02-12,Miles Airport,10.683333333333300
2020-02-12,Mount Coot-tha,13.416666666666700
2020-02-12,Rocklea,11.791666666666700
2020-02-12,South Brisbane,11.025
2020-02-12,South Gladstone,3.904166666666670
2020-02-12,Southport,13.762500000000000
2020-02-12,Springwood,8.725
2020-02-12,Tara Region,12.945833333333300
2020-02-12,Woolloongabba,10.30909090909090
2020-02-12,Wynnum North,6.279166666666670
2020-02-12,Wynnum West,5.4125000000000000
2020-03-01,Cannon Hill,7.5875000000000000
2020-03-01,Collingwood Park,7.866666666666670
2020-03-01,Fisherman Island,8.445833333333330
2020-03-01,Hopeland,7.3875
2020-03-01,Lytton,5.045833333333330
2020-03-01,Miles Airport,11.629166666666700
2020-03-01,Rocklea,6.983333333333330
2020-03-01,South Brisbane,7.395833333333330
2020-03-01,South Gladstone,7.720833333333330
2020-03-01,Southport,10.1
2020-03-01,Springwood,2.875
2020-03-01,Tara Region,8.887500000000000
2020-03-01,Woolloongabba,8.3125
2020-03-01,Wynnum North,3.965217391304350
2020-03-01,Wynnum West,4.575
2020-03-02,Brisbane City,6.754166666666670
2020-03-02,Cannon Hill,6.608695652173910
2020-03-02,Collingwood Park,6.066666666666670
2020-03-02,Fisherman Island,7.329166666666670
2020-03-02,Hopeland,6.454166666666670
2020-03-02,Lytton,3.4625
2020-03-02,Miles Airport,7.483333333333330
2020-03-02,Rocklea,5.7176470588235300
2020-03-02,South Brisbane,6.990909090909090
2020-03-02,South Gladstone,5.3
2020-03-02,Southport,6.110526315789470
2020-03-02,Tara Region,8.058333333333330
2020-03-02,Woolloongabba,6.579166666666670
2020-03-02,Wynnum North,7.93157894736842
2020-03-02,Wynnum West,4.1500000000000000
2020-03-03,Brisbane City,5.45
2020-03-03,Fisherman Island,6.0250000000000000
2020-03-03,Hopeland,4.345833333333330
2020-03-03,Miles Airport,5.0625
2020-03-03,Mount Coot-tha,5.4125000000000000
2020-03-03,Rocklea,6.520833333333330
2020-03-03,South Brisbane,5.741666666666670
2020-03-03,South Gladstone,3.0500000000000000
2020-03-03,Southport,7.091666666666670
2020-03-03,Springwood,3.9500000000000000
2020-03-03,Tara Region,5.395833333333330
2020-03-03,Woolloongabba,5.441666666666670
2020-03-03,Wynnum North,4.021052631578950
2020-03-03,Wynnum West,2.4625
2020-03-04,Brisbane City,4.254166666666670
2020-03-04,Cannon Hill,3.4130434782608700
2020-03-04,Fisherman Island,13.19090909090910
2020-03-04,Hopeland,3.2541666666666700
2020-03-04,Lytton,3.140909090909090
2020-03-04,Miles Airport,4.095833333333330
2020-03-04,Mount Coot-tha,4.183333333333330
2020-03-04,Rocklea,5.733333333333330
2020-03-04,South Brisbane,4.191666666666670
2020-03-04,South Gladstone,1.6875
2020-03-04,Southport,22.766666666666700
2020-03-04,Springwood,2.275
2020-03-04,Tara Region,4.108333333333330
2020-03-04,Woolloongabba,4.333333333333330
2020-03-04,Wynnum North,4.678571428571430
2020-03-04,Wynnum West,3.022222222222220
2020-03-05,Brisbane City,3.0
2020-03-05,Cannon Hill,7.595833333333330
2020-03-05,Fisherman Island,4.354166666666670
2020-03-05,Hopeland,1.6291666666666700
2020-03-05,Lytton,4.6761904761904800
2020-03-05,Miles Airport,2.2708333333333300
2020-03-05,Mount Coot-tha,2.658333333333330
2020-03-05,Rocklea,4.354166666666670
2020-03-05,South Brisbane,3.8541666666666700
2020-03-05,South Gladstone,2.15
2020-03-05,Southport,2.4791666666666700
2020-03-05,Springwood,4.6875
2020-03-05,Tara Region,2.875
2020-03-05,Woolloongabba,3.6
2020-03-05,Wynnum North,4.825
2020-03-05,Wynnum West,2.6
2020-03-06,Brisbane City,5.991666666666670
2020-03-06,Cannon Hill,3.4458333333333300
2020-03-06,Hopeland,1.05
2020-03-06,Lytton,6.504166666666670
2020-03-06,Miles Airport,2.1166666666666700
2020-03-06,Mount Coot-tha,4.304166666666670
2020-03-06,Rocklea,7.5285714285714300
2020-03-06,South Brisbane,5.154166666666670
2020-03-06,South Gladstone,4.416666666666670
2020-03-06,Southport,2.7083333333333300
2020-03-06,Springwood,12.183333333333300
2020-03-06,Tara Region,3.0
2020-03-06,Woolloongabba,6.220833333333330
2020-03-06,Wynnum North,4.933333333333330
2020-03-06,Wynnum West,3.1166666666666700
2020-03-07,Brisbane City,10.908333333333300
2020-03-07,Cannon Hill,10.591666666666700
2020-03-07,Hopeland,2.0625
2020-03-07,Lytton,7.4875
2020-03-07,Miles Airport,2.283333333333330
2020-03-07,Mount Coot-tha,7.691666666666670
2020-03-07,Rocklea,9.017391304347830
2020-03-07,South Brisbane,11.125
2020-03-07,South Gladstone,3.7416666666666700
2020-03-07,Southport,8.5
2020-03-07,Springwood,9.775
2020-03-07,Tara Region,2.466666666666670
2020-03-07,Woolloongabba,12.016666666666700
2020-03-07,Wynnum North,5.422727272727270
2020-03-07,Wynnum West,5.716666666666670
2020-03-08,Brisbane City,6.033333333333330
2020-03-08,Cannon Hill,6.833333333333330
2020-03-08,Hopeland,1.7208333333333300
2020-03-08,Lytton,4.420833333333330
2020-03-08,Miles Airport,4.175
2020-03-08,Mount Coot-tha,4.270833333333330
2020-03-08,Rocklea,6.7
2020-03-08,South Brisbane,6.491666666666670
2020-03-08,South Gladstone,5.1875
2020-03-08,Southport,3.345833333333330
2020-03-08,Springwood,6.166666666666670
2020-03-08,Tara Region,3.1625
2020-03-08,Woolloongabba,7.2125000000000000
2020-03-08,Wynnum North,4.027272727272730
2020-03-08,Wynnum West,2.220833333333330
2020-03-09,Brisbane City,11.1
2020-03-09,Cannon Hill,7.345833333333330
2020-03-09,Hopeland,5.2
2020-03-09,Lytton,4.6375
2020-03-09,Miles Airport,7.770833333333330
2020-03-09,Mount Coot-tha,11.225
2020-03-09,Rocklea,9.404166666666670
2020-03-09,South Brisbane,10.454166666666700
2020-03-09,South Gladstone,7.554166666666670
2020-03-09,Southport,5.979166666666670
2020-03-09,Springwood,4.7125000000000000
2020-03-09,Tara Region,8.108333333333330
2020-03-09,Woolloongabba,10.85909090909090
2020-03-09,Wynnum North,3.073913043478260
2020-03-09,Wynnum West,3.420833333333330
2020-03-10,Brisbane City,6.6625000000000000
2020-03-10,Cannon Hill,4.983333333333330
2020-03-10,Hopeland,4.458333333333330
2020-03-10,Lytton,2.3041666666666700
2020-03-10,Miles Airport,6.070833333333330
2020-03-10,Mount Coot-tha,6.658333333333330
2020-03-10,Rocklea,4.125
2020-03-10,South Brisbane,7.3625
2020-03-10,South Gladstone,7.783333333333330
2020-03-10,Southport,3.5875
2020-03-10,Springwood,3.5375
2020-03-10,Tara Region,6.545833333333330
2020-03-10,Woolloongabba,6.295833333333330
2020-03-10,Wynnum North,-0.1416666666666670
2020-03-10,Wynnum West,2.375
2020-03-11,Brisbane City,7.308333333333330
2020-03-11,Cannon Hill,6.316666666666670
2020-03-11,Hopeland,4.2250000000000000
2020-03-11,Lytton,5.873333333333330
2020-03-11,Miles Airport,7.761538461538460
2020-03-11,Mount Coot-tha,7.425
2020-03-11,Rocklea,4.1375
2020-03-11,South Brisbane,8.225
2020-03-11,South Gladstone,11.879166666666700
2020-03-11,Southport,4.4875
2020-03-11,Springwood,4.3
2020-03-11,Tara Region,5.3
2020-03-11,Woolloongabba,6.966666666666670
2020-03-11,Wynnum North,2.2125
2020-03-11,Wynnum West,2.1666666666666700
2020-03-12,Brisbane City,6.0
2020-03-12,Cannon Hill,3.358333333333330
2020-03-12,Hopeland,9.083333333333330
2020-03-12,Lytton,1.7041666666666700
2020-03-12,Miles Airport,11.912500000000000
2020-03-12,Mount Coot-tha,5.5125
2020-03-12,Rocklea,6.766666666666670
2020-03-12,South Brisbane,6.709090909090910
2020-03-12,South Gladstone,5.0875000000000000
2020-03-12,Southport,5.2375
2020-03-12,Springwood,3.608333333333330
2020-03-12,Tara Region,11.941666666666700
2020-03-12,Woolloongabba,6.075
2020-03-12,Wynnum North,2.425
2020-03-12,Wynnum West,1.1833333333333300
2020-04-01,Cannon Hill,7.3125
2020-04-01,Collingwood Park,7.933333333333330
2020-04-01,Fisherman Island,7.454166666666670
2020-04-01,Hopeland,13.675000000000000
2020-04-01,Lytton,4.8375000000000000
2020-04-01,Miles Airport,16.008333333333300
2020-04-01,Rocklea,6.970833333333330
2020-04-01,South Brisbane,6.441666666666670
2020-04-01,South Gladstone,7.245833333333330
2020-04-01,Southport,8.2875
2020-04-01,Springwood,3.6916666666666700
2020-04-01,Tara Region,14.645833333333300
2020-04-01,Woolloongabba,7.2750000000000000
2020-04-01,Wynnum North,3.630434782608700
2020-04-01,Wynnum West,3.8166666666666700
2020-04-02,Brisbane City,8.762500000000000
2020-04-02,Cannon Hill,9.307692307692310
2020-04-02,Collingwood Park,5.5
2020-04-02,Fisherman Island,10.475
2020-04-02,Hopeland,7.620833333333330
2020-04-02,Lytton,11.042857142857100
2020-04-02,Miles Airport,8.104166666666670
2020-04-02,South Brisbane,8.804166666666670
2020-04-02,South Gladstone,7.2750000000000000
2020-04-02,Southport,6.459090909090910
2020-04-02,Tara Region,10.216666666666700
2020-04-02,Woolloongabba,8.5
2020-04-02,Wynnum North,4.368421052631580
2020-04-02,Wynnum West,5.714285714285710
2020-04-03,Brisbane City,5.504166666666670
2020-04-03,Cannon Hill,4.291666666666670
2020-04-03,Fisherman Island,7.0250000000000000
2020-04-03,Hopeland,4.0
2020-04-03,Miles Airport,4.879166666666670
2020-04-03,Mount Coot-tha,6.0125
2020-04-03,Rocklea,5.4625000000000000
2020-04-03,South Brisbane,5.745833333333330
2020-04-03,South Gladstone,4.1625000000000000
2020-04-03,Southport,7.895833333333330
2020-04-03,Springwood,3.0875
2020-04-03,Tara Region,4.658333333333330
2020-04-03,Woolloongabba,5.675
2020-04-03,Wynnum North,2.4700000000000000
2020-04-03,Wynnum West,2.4521739130434800
2020-04-04,Brisbane City,4.754166666666670
2020-04-04,Cannon Hill,4.7727272727272700
2020-04-04,Fisherman Island,7.141666666666670
2020-04-04,Hopeland,4.891666666666670
2020-04-04,Lytton,2.3105263157894700
2020-04-04,Miles Airport,6.1875
2020-04-04,Mount Coot-tha,6.0375000000000000
2020-04-04,Rocklea,4.5
2020-04-04,South Brisbane,4.808333333333330
2020-04-04,South Gladstone,2.0166666666666700
2020-04-04,Southport,5.233333333333330
2020-04-04,Springwood,2.6583333333333300
2020-04-04,Tara Region,6.516666666666670
2020-04-04,Woolloongabba,4.658333333333330
2020-04-04,Wynnum North,5.8
2020-04-04,Wynnum West,1.675
2020-04-05,Brisbane City,5.541666666666670
2020-04-05,Cannon Hill,9.095833333333330
2020-04-05,Fisherman Island,7.675
2020-04-05,Hopeland,1.575
2020-04-05,Lytton,9.660869565217390
2020-04-05,Miles Airport,2.0541666666666700
2020-04-05,Mount Coot-tha,5.208333333333330
2020-04-05,Rocklea,5.816666666666670
2020-04-05,South Brisbane,5.8875
2020-04-05,South Gladstone,1.6791666666666700
2020-04-05,Southport,4.658333333333330
2020-04-05,Springwood,8.5375
2020-04-05,Tara Region,2.0208333333333300
2020-04-05,Woolloongabba,6.375
2020-04-05,Wynnum North,6.534782608695650
2020-04-05,Wynnum West,4.725
2020-04-06,Brisbane City,7.233333333333330
2020-04-06,Cannon Hill,6.683333333333330
2020-04-06,Hopeland,0.8208333333333330
2020-04-06,Lytton,8.054545454545460
2020-04-06,Miles Airport,2.3043478260869600
2020-04-06,Mount Coot-tha,5.0625
2020-04-06,Rocklea,9.683333333333330
2020-04-06,South Brisbane,7.240909090909090
2020-04-06,South Gladstone,6.3500000000000000
2020-04-06,Southport,3.4458333333333300
2020-04-06,Springwood,6.829166666666670
2020-04-06,Tara Region,1.6916666666666700
2020-04-06,Woolloongabba,10.558333333333300
2020-04-06,Wynnum North,4.3875
2020-04-06,Wynnum West,4.3875
2020-04-07,Brisbane City,4.429166666666670
2020-04-07,Cannon Hill,3.875
2020-04-07,Hopeland,1.7875000000000000
2020-04-07,Lytton,3.141666666666670
2020-04-07,Miles Airport,1.9291666666666700
2020-04-07,Mount Coot-tha,3.045833333333330
2020-04-07,Rocklea,3.6166666666666700
2020-04-07,South Brisbane,4.95
2020-04-07,South Gladstone,3.6916666666666700
2020-04-07,Southport,4.166666666666670
2020-04-07,Springwood,2.3666666666666700
2020-04-07,Tara Region,1.9916666666666700
2020-04-07,Woolloongabba,3.6916666666666700
2020-04-07,Wynnum North,0.6904761904761910
2020-04-07,Wynnum West,1.625
2020-04-08,Brisbane City,7.991666666666670
2020-04-08,Cannon Hill,8.495833333333330
2020-04-08,Hopeland,3.466666666666670
2020-04-08,Lytton,6.454166666666670
2020-04-08,Miles Airport,3.904166666666670
2020-04-08,Mount Coot-tha,7.5250000000000000
2020-04-08,Rocklea,9.120833333333330
2020-04-08,South Brisbane,8.408333333333330
2020-04-08,South Gladstone,5.8625
2020-04-08,Southport,6.5625
2020-04-08,Springwood,6.25
2020-04-08,Tara Region,4.158333333333330
2020-04-08,Woolloongabba,7.66
2020-04-08,Wynnum North,5.659090909090910
2020-04-08,Wynnum West,4.1625000000000000
2020-04-09,Brisbane City,8.050000000000000
2020-04-09,Cannon Hill,6.6875
2020-04-09,Hopeland,4.841666666666670
2020-04-09,Lytton,3.275
2020-04-09,Miles Airport,4.6375
2020-04-09,Mount Coot-tha,8.175000000000000
2020-04-09,Rocklea,6.920833333333330
2020-04-09,South Brisbane,8.477272727272730
2020-04-09,South Gladstone,6.833333333333330
2020-04-09,Southport,5.095833333333330
2020-04-09,Springwood,2.9958333333333300
2020-04-09,Tara Region,6.4375
2020-04-09,Woolloongabba,7.758333333333330
2020-04-09,Wynnum North,4.360869565217390
2020-04-09,Wynnum West,3.5782608695652200
2020-04-10,Brisbane City,5.691666666666670
2020-04-10,Cannon Hill,3.6666666666666700
2020-04-10,Hopeland,3.1833333333333300
2020-04-10,Lytton,1.8956521739130400
2020-04-10,Miles Airport,4.745833333333330
2020-04-10,Mount Coot-tha,5.358333333333330
2020-04-10,Rocklea,3.6750000000000000
2020-04-10,South Brisbane,5.754166666666670
2020-04-10,South Gladstone,9.375
2020-04-10,Southport,3.783333333333330
2020-04-10,Springwood,3.529166666666670
2020-04-10,Tara Region,4.508333333333330
2020-04-10,Woolloongabba,5.504166666666670
2020-04-10,Wynnum North,2.2708333333333300
2020-04-10,Wynnum West,1.5608695652173900
2020-04-11,Brisbane City,6.470833333333330
2020-04-11,Cannon Hill,5.541666666666670
2020-04-11,Hopeland,6.7125000000000000
2020-04-11,Lytton,2.9458333333333300
2020-04-11,Miles Airport,12.766666666666700
2020-04-11,Mount Coot-tha,6.320833333333330
2020-04-11,Rocklea,4.925
2020-04-11,South Brisbane,6.341666666666670
2020-04-11,South Gladstone,8.716666666666670
2020-04-11,Southport,3.391666666666670
2020-04-11,Springwood,2.3625
2020-04-11,Tara Region,10.520833333333300
2020-04-11,Woolloongabba,6.05
2020-04-11,Wynnum North,3.8708333333333300
2020-04-11,Wynnum West,1.9375
2020-04-12,Brisbane City,6.520833333333330
2020-04-12,Cannon Hill,3.4291666666666700
2020-04-12,Hopeland,12.454166666666700
2020-04-12,Lytton,2.6375000000000000
2020-04-12,Miles Airport,15.104166666666700
2020-04-12,Mount Coot-tha,5.683333333333330
2020-04-12,Rocklea,5.875
2020-04-12,South Brisbane,6.816666666666670
2020-04-12,South Gladstone,4.175
2020-04-12,Southport,5.8
2020-04-12,Springwood,4.256521739130440
2020-04-12,Tara Region,14.612500000000000
2020-04-12,Woolloongabba,5.7
2020-04-12,Wynnum North,4.840909090909090
2020-04-12,Wynnum West,2.0875
2020-05-01,Cannon Hill,5.4875
2020-05-01,Collingwood Park,8.554166666666670
2020-05-01,Fisherman Island,6.308333333333330
2020-05-01,Hopeland,11.091666666666700
2020-05-01,Lytton,3.9125
2020-05-01,Miles Airport,17.958333333333300
2020-05-01,Rocklea,6.045833333333330
2020-05-01,South Brisbane,5.629166666666670
2020-05-01,South Gladstone,7.379166666666670
2020-05-01,Southport,5.370833333333330
2020-05-01,Springwood,2.9500000000000000
2020-05-01,Tara Region,21.754166666666700
2020-05-01,Woolloongabba,6.216666666666670
2020-05-01,Wynnum North,5.735
2020-05-01,Wynnum West,4.016666666666670
2020-05-02,Brisbane City,8.387500000000000
2020-05-02,Cannon Hill,7.504166666666670
2020-05-02,Collingwood Park,6.4375
2020-05-02,Fisherman Island,9.066666666666670
2020-05-02,Hopeland,3.345833333333330
2020-05-02,Lytton,7.4625000000000000
2020-05-02,Miles Airport,3.3833333333333300
2020-05-02,Rocklea,5.8100000000000000
2020-05-02,South Brisbane,8.5875
2020-05-02,South Gladstone,4.283333333333330
2020-05-02,Southport,5.6500000000000000
2020-05-02,Springwood,2.65
2020-05-02,Tara Region,4.55
2020-05-02,Woolloongabba,8.3125
2020-05-02,Wynnum North,3.5250000000000000
2020-05-02,Wynnum West,3.470833333333330
2020-05-03,Brisbane City,5.829166666666670
2020-05-03,Cannon Hill,4.979166666666670
2020-05-03,Fisherman Island,7.165217391304350
2020-05-03,Hopeland,3.0583333333333300
2020-05-03,Miles Airport,3.1291666666666700
2020-05-03,Mount Coot-tha,5.883333333333330
2020-05-03,Rocklea,4.816666666666670
2020-05-03,South Brisbane,6.179166666666670
2020-05-03,South Gladstone,1.7458333333333300
2020-05-03,Southport,5.45
2020-05-03,Springwood,3.3000000000000000
2020-05-03,Tara Region,3.579166666666670
2020-05-03,Woolloongabba,5.879166666666670
2020-05-03,Wynnum North,3.7476190476190500
2020-05-03,Wynnum West,2.35
2020-05-04,Brisbane City,9.737500000000000
2020-05-04,Cannon Hill,9.4
2020-05-04,Fisherman Island,10.075000000000000
2020-05-04,Hopeland,7.145833333333330
2020-05-04,Lytton,6.05
2020-05-04,Miles Airport,7.716666666666670
2020-05-04,Mount Coot-tha,10.075000000000000
2020-05-04,Rocklea,9.054166666666670
2020-05-04,South Brisbane,10.079166666666700
2020-05-04,South Gladstone,4.308333333333330
2020-05-04,Southport,7.708333333333330
2020-05-04,Springwood,2.1333333333333300
2020-05-04,Tara Region,6.429166666666670
2020-05-04,Woolloongabba,9.729166666666670
2020-05-04,Wynnum North,5.055
2020-05-04,Wynnum West,4.633333333333330
2020-05-05,Brisbane City,6.633333333333330
2020-05-05,Cannon Hill,5.658333333333330
2020-05-05,Fisherman Island,8.591666666666670
2020-05-05,Hopeland,3.1666666666666700
2020-05-05,Lytton,11.682608695652200
2020-05-05,Miles Airport,3.5416666666666700
2020-05-05,Mount Coot-tha,7.566666666666670
2020-05-05,Rocklea,6.616666666666670
2020-05-05,South Brisbane,6.829166666666670
2020-05-05,South Gladstone,3.1166666666666700
2020-05-05,Southport,4.2375
2020-05-05,Springwood,8.020833333333330
2020-05-05,Tara Region,2.6416666666666700
2020-05-05,Woolloongabba,6.9375
2020-05-05,Wynnum North,4.3
2020-05-05,Wynnum West,3.4333333333333300
2020-05-06,Brisbane City,5.95
2020-05-06,Cannon Hill,7.533333333333330
2020-05-06,Hopeland,0.8375
2020-05-06,Lytton,7.457142857142860
2020-05-06,Miles Airport,2.5916666666666700
2020-05-06,Mount Coot-tha,4.879166666666670
2020-05-06,Rocklea,10.075000000000000
2020-05-06,South Brisbane,6.320000000000000
2020-05-06,South Gladstone,5.238095238095240
2020-05-06,Southport,3.9458333333333300
2020-05-06,Springwood,4.291666666666670
2020-05-06,Tara Region,3.954166666666670
2020-05-06,Woolloongabba,7.433333333333330
2020-05-06,Wynnum North,3.341666666666670
2020-05-06,Wynnum West,3.5869565217391300
2020-05-07,Brisbane City,4.320833333333330
2020-05-07,Cannon Hill,5.2250000000000000
2020-05-07,Hopeland,1.075
2020-05-07,Lytton,4.1875
2020-05-07,Miles Airport,1.1791666666666700
2020-05-07,Mount Coot-tha,2.4250000000000000
2020-05-07,Rocklea,4.2875000000000000
2020-05-07,South Brisbane,5.9125000000000000
2020-05-07,South Gladstone,5.05
2020-05-07,Southport,3.9333333333333300
2020-05-07,Springwood,5.9125000000000000
2020-05-07,Tara Region,1.3208333333333300
2020-05-07,Woolloongabba,4.8375000000000000
2020-05-07,Wynnum North,4.465217391304350
2020-05-07,Wynnum West,3.795833333333330
2020-05-08,Brisbane City,22.6125
2020-05-08,Cannon Hill,13.762500000000000
2020-05-08,Hopeland,2.5500000000000000
2020-05-08,Lytton,12.391666666666700
2020-05-08,Miles Airport,4.304166666666670
2020-05-08,Mount Coot-tha,21.379166666666700
2020-05-08,Rocklea,16.5125
2020-05-08,South Brisbane,22.320833333333300
2020-05-08,South Gladstone,9.145833333333330
2020-05-08,Southport,11.008333333333300
2020-05-08,Springwood,11.550000000000000
2020-05-08,Tara Region,4.3500000000000000
2020-05-08,Woolloongabba,23.141666666666700
2020-05-08,Wynnum North,11.35
2020-05-08,Wynnum West,9.454166666666670
2020-05-09,Brisbane City,7.7750000000000000
2020-05-09,Cannon Hill,5.304166666666670
2020-05-09,Hopeland,4.333333333333330
2020-05-09,Lytton,3.9416666666666700
2020-05-09,Miles Airport,4.820833333333330
2020-05-09,Mount Coot-tha,8.504166666666670
2020-05-09,Rocklea,6.991666666666670
2020-05-09,South Brisbane,7.1500000000000000
2020-05-09,South Gladstone,6.479166666666670
2020-05-09,Southport,4.704166666666670
2020-05-09,Springwood,4.956521739130440
2020-05-09,Tara Region,5.2375
2020-05-09,Woolloongabba,7.866666666666670
2020-05-09,Wynnum North,3.3375000000000000
2020-05-09,Wynnum West,2.9
2020-05-10,Brisbane City,6.6375
2020-05-10,Cannon Hill,5.7250000000000000
2020-05-10,Hopeland,3.0416666666666700
2020-05-10,Lytton,2.3875000000000000
2020-05-10,Miles Airport,6.383333333333330
2020-05-10,Mount Coot-tha,6.004166666666670
2020-05-10,Rocklea,4.441666666666670
2020-05-10,South Brisbane,6.370833333333330
2020-05-10,South Gladstone,9.125
2020-05-10,Southport,4.0625
2020-05-10,Springwood,4.516666666666670
2020-05-10,Tara Region,3.8625000000000000
2020-05-10,Woolloongabba,6.2250000000000000
2020-05-10,Wynnum North,3.5500000000000000
2020-05-10,Wynnum West,1.8250000000000000
2020-05-11,Brisbane City,10.591666666666700
2020-05-11,Cannon Hill,9.795833333333330
2020-05-11,Hopeland,10.770833333333300
2020-05-11,Lytton,7.256521739130440
2020-05-11,Miles Airport,11.741666666666700
2020-05-11,Mount Coot-tha,9.975
2020-05-11,Rocklea,9.125
2020-05-11,South Brisbane,10.083333333333300
2020-05-11,South Gladstone,7.6875
2020-05-11,Southport,9.808333333333330
2020-05-11,Springwood,5.670833333333330
2020-05-11,Tara Region,15.65
2020-05-11,Woolloongabba,9.758333333333330
2020-05-11,Wynnum North,11.357142857142900
2020-05-11,Wynnum West,6.930434782608700
2020-05-12,Brisbane City,14.629166666666700
2020-05-12,Cannon Hill,10.354166666666700
2020-05-12,Hopeland,11.283333333333300
2020-05-12,Lytton,8.929166666666670
2020-05-12,Miles Airport,10.5625
2020-05-12,Mount Coot-tha,13.733333333333300
2020-05-12,Rocklea,12.4
2020-05-12,South Brisbane,15.9375
2020-05-12,South Gladstone,4.7250000000000000
2020-05-12,Southport,11.716666666666700
2020-05-12,Springwood,13.704166666666700
2020-05-12,Tara Region,16.383333333333300
2020-05-12,Woolloongabba,13.112500000000000
2020-05-12,Wynnum North,10.765217391304300
2020-05-12,Wynnum West,9.929166666666670
2020-06-01,Cannon Hill,4.6900000000000000
2020-06-01,Collingwood Park,5.7125000000000000
2020-06-01,Fisherman Island,6.4875
2020-06-01,Hopeland,4.55
2020-06-01,Lytton,2.558333333333330
2020-06-01,Miles Airport,4.208333333333330
2020-06-01,Rocklea,4.583333333333330
2020-06-01,South Brisbane,5.586956521739130
2020-06-01,South Gladstone,6.291666666666670
2020-06-01,Southport,5.866666666666670
2020-06-01,Springwood,2.191666666666670
2020-06-01,Tara Region,4.05
2020-06-01,Woolloongabba,5.691666666666670
2020-06-01,Wynnum North,3.4368421052631600
2020-06-01,Wynnum West,2.65
2020-06-02,Brisbane City,3.908333333333330
2020-06-02,Cannon Hill,4.220833333333330
2020-06-02,Collingwood Park,2.8791666666666700
2020-06-02,Fisherman Island,5.472727272727270
2020-06-02,Hopeland,1.5583333333333300
2020-06-02,Lytton,4.070833333333330
2020-06-02,Miles Airport,1.9958333333333300
2020-06-02,Rocklea,2.7291666666666700
2020-06-02,South Brisbane,4.25
2020-06-02,South Gladstone,3.0833333333333300
2020-06-02,Southport,2.5208333333333300
2020-06-02,Springwood,1.4541666666666700
2020-06-02,Tara Region,1.8208333333333300
2020-06-02,Woolloongabba,3.904166666666670
2020-06-02,Wynnum North,4.185714285714290
2020-06-02,Wynnum West,1.4285714285714300
2020-06-03,Brisbane City,5.304166666666670
2020-06-03,Cannon Hill,3.5136363636363600
2020-06-03,Fisherman Island,5.679166666666670
2020-06-03,Hopeland,1.7208333333333300
2020-06-03,Miles Airport,1.9166666666666700
2020-06-03,Mount Coot-tha,5.045833333333330
2020-06-03,Rocklea,4.079166666666670
2020-06-03,South Brisbane,6.179166666666670
2020-06-03,South Gladstone,1.875
2020-06-03,Southport,4.816666666666670
2020-06-03,Springwood,2.7125
2020-06-03,Tara Region,2.1125000000000000
2020-06-03,Woolloongabba,5.216666666666670
2020-06-03,Wynnum North,4.266666666666670
2020-06-03,Wynnum West,2.909090909090910
2020-06-04,Brisbane City,6.141666666666670
2020-06-04,Cannon Hill,7.2043478260869600
2020-06-04,Fisherman Island,7.8375000000000000
2020-06-04,Hopeland,3.0541666666666700
2020-06-04,Lytton,4.616666666666670
2020-06-04,Miles Airport,3.779166666666670
2020-06-04,Mount Coot-tha,5.9000000000000000
2020-06-04,Rocklea,5.625
2020-06-04,South Brisbane,6.7250000000000000
2020-06-04,South Gladstone,5.95
2020-06-04,Southport,6.2375
2020-06-04,Springwood,2.2916666666666700
2020-06-04,Tara Region,3.045833333333330
2020-06-04,Woolloongabba,6.575
2020-06-04,Wynnum North,3.9416666666666700
2020-06-04,Wynnum West,3.0125000000000000
2020-06-05,Brisbane City,6.05
2020-06-05,Cannon Hill,4.766666666666670
2020-06-05,Fisherman Island,7.866666666666670
2020-06-05,Hopeland,2.983333333333330
2020-06-05,Lytton,8.577272727272730
2020-06-05,Miles Airport,4.143478260869570
2020-06-05,Mount Coot-tha,6.116666666666670
2020-06-05,Rocklea,4.495833333333330
2020-06-05,South Brisbane,6.75
2020-06-05,South Gladstone,1.8708333333333300
2020-06-05,Southport,3.0500000000000000
2020-06-05,Springwood,7.829166666666670
2020-06-05,Tara Region,2.3583333333333300
2020-06-05,Woolloongabba,6.6000000000000000
2020-06-05,Wynnum North,4.2700000000000000
2020-06-05,Wynnum West,2.4250000000000000
2020-06-06,Brisbane City,10.2125
2020-06-06,Cannon Hill,15.075000000000000
2020-06-06,Hopeland,0.8166666666666670
2020-06-06,Lytton,8.8375
2020-06-06,Miles Airport,4.4875
2020-06-06,Mount Coot-tha,5.608333333333330
2020-06-06,Rocklea,11.3375
2020-06-06,Southport,5.25
2020-06-06,Springwood,9.158333333333330
2020-06-06,Tara Region,2.975
2020-06-06,Woolloongabba,12.595833333333300
2020-06-06,Wynnum North,8.800000000000000
2020-06-06,Wynnum West,12.033333333333300
2020-06-07,Brisbane City,6.920833333333330
2020-06-07,Cannon Hill,9.283333333333330
2020-06-07,Hopeland,0.9291666666666670
2020-06-07,Lytton,5.6000000000000000
2020-06-07,Miles Airport,1.1625000000000000
2020-06-07,Mount Coot-tha,4.875
2020-06-07,Rocklea,9.314285714285710
2020-06-07,South Brisbane,9.216666666666670
2020-06-07,South Gladstone,5.9000000000000000
2020-06-07,Southport,4.570833333333330
2020-06-07,Springwood,8.670833333333330
2020-06-07,Tara Region,1.9916666666666700
2020-06-07,Woolloongabba,8.595833333333330
2020-06-07,Wynnum North,5.033333333333330
2020-06-07,Wynnum West,5.3625
2020-06-08,Brisbane City,20.629166666666700
2020-06-08,Cannon Hill,16.375
2020-06-08,Hopeland,4.3625
2020-06-08,Lytton,15.333333333333300
2020-06-08,Miles Airport,5.333333333333330
2020-06-08,Mount Coot-tha,23.316666666666700
2020-06-08,Rocklea,20.429166666666700
2020-06-08,South Brisbane,20.570833333333300
2020-06-08,South Gladstone,6.229166666666670
2020-06-08,Southport,9.4
2020-06-08,Springwood,9.008333333333330
2020-06-08,Tara Region,7.420833333333330
2020-06-08,Woolloongabba,22.670833333333300
2020-06-08,Wynnum North,11.718181818181800
2020-06-08,Wynnum West,10.320833333333300
2020-06-09,Brisbane City,8.895833333333330
2020-06-09,Cannon Hill,7.291666666666670
2020-06-09,Hopeland,4.5250000000000000
2020-06-09,Lytton,5.25
2020-06-09,Miles Airport,4.8125
2020-06-09,Mount Coot-tha,11.0375
2020-06-09,Rocklea,6.75
2020-06-09,South Brisbane,8.225
2020-06-09,South Gladstone,5.5875000000000000
2020-06-09,Southport,4.270833333333330
2020-06-09,Springwood,4.654166666666670
2020-06-09,Tara Region,3.9458333333333300
2020-06-09,Woolloongabba,8.670833333333330
2020-06-09,Wynnum North,5.461904761904760
2020-06-09,Wynnum West,4.9
2020-06-10,Brisbane City,7.408333333333330
2020-06-10,Cannon Hill,5.678260869565220
2020-06-10,Hopeland,3.525
2020-06-10,Lytton,3.4375
2020-06-10,Miles Airport,6.137500000000000
2020-06-10,Mount Coot-tha,6.908333333333330
2020-06-10,Rocklea,5.216666666666670
2020-06-10,South Brisbane,7.216666666666670
2020-06-10,South Gladstone,7.627272727272730
2020-06-10,Southport,4.570833333333330
2020-06-10,Springwood,3.670833333333330
2020-06-10,Tara Region,5.670833333333330
2020-06-10,Woolloongabba,6.904166666666670
2020-06-10,Wynnum North,2.368181818181820
2020-06-10,Wynnum West,2.4250000000000000
2020-06-11,Brisbane City,5.866666666666670
2020-06-11,Cannon Hill,5.533333333333330
2020-06-11,Hopeland,2.2708333333333300
2020-06-11,Lytton,6.170833333333330
2020-06-11,Miles Airport,2.5375
2020-06-11,Mount Coot-tha,5.866666666666670
2020-06-11,Rocklea,4.808333333333330
2020-06-11,South Brisbane,6.641666666666670
2020-06-11,South Gladstone,14.262500000000000
2020-06-11,Southport,5.408333333333330
2020-06-11,Springwood,3.720833333333330
2020-06-11,Tara Region,2.9791666666666700
2020-06-11,Woolloongabba,6.108333333333330
2020-06-11,Wynnum North,5.5
2020-06-11,Wynnum West,3.0833333333333300
2020-06-12,Brisbane City,8.5
2020-06-12,Cannon Hill,3.216666666666670
2020-06-12,Hopeland,10.425000000000000
2020-06-12,Lytton,6.0636363636363600
2020-06-12,Miles Airport,8.008333333333330
2020-06-12,Mount Coot-tha,7.7375
2020-06-12,Rocklea,7.183333333333330
2020-06-12,South Brisbane,9.033333333333330
2020-06-12,South Gladstone,4.854166666666670
2020-06-12,Southport,11.5
2020-06-12,Springwood,7.5875000000000000
2020-06-12,Tara Region,17.675
2020-06-12,Woolloongabba,7.716666666666670
2020-06-12,Wynnum North,10.931818181818200
2020-06-12,Wynnum West,6.791666666666670
2020-07-01,Cannon Hill,7.858333333333330
2020-07-01,Collingwood Park,7.966666666666670
2020-07-01,Fisherman Island,7.7750000000000000
2020-07-01,Hopeland,7.366666666666670
2020-07-01,Lytton,4.456521739130440
2020-07-01,Miles Airport,6.533333333333330
2020-07-01,Rocklea,7.308333333333330
2020-07-01,South Brisbane,8.179166666666670
2020-07-01,South Gladstone,6.708333333333330
2020-07-01,Southport,7.079166666666670
2020-07-01,Springwood,3.3125
2020-07-01,Tara Region,6.366666666666670
2020-07-01,Woolloongabba,7.841666666666670
2020-07-01,Wynnum North,3.3318181818181800
2020-07-01,Wynnum West,3.9458333333333300
2020-07-02,Brisbane City,5.195833333333330
2020-07-02,Cannon Hill,3.9791666666666700
2020-07-02,Collingwood Park,4.116666666666670
2020-07-02,Fisherman Island,6.933333333333330
2020-07-02,Hopeland,2.725
2020-07-02,Lytton,2.8523809523809500
2020-07-02,Miles Airport,3.3875000000000000
2020-07-02,Rocklea,3.8541666666666700
2020-07-02,South Brisbane,5.3500000000000000
2020-07-02,South Gladstone,6.070833333333330
2020-07-02,Southport,4.7750000000000000
2020-07-02,Springwood,2.3375
2020-07-02,Tara Region,3.5833333333333300
2020-07-02,Woolloongabba,5.4
2020-07-02,Wynnum North,4.38421052631579
2020-07-02,Wynnum West,2.273913043478260
2020-07-03,Brisbane City,5.220833333333330
2020-07-03,Cannon Hill,6.195000000000000
2020-07-03,Fisherman Island,6.4750000000000000
2020-07-03,Hopeland,2.6875
2020-07-03,Miles Airport,2.8541666666666700
2020-07-03,Mount Coot-tha,5.945833333333330
2020-07-03,Rocklea,4.954166666666670
2020-07-03,South Brisbane,5.395833333333330
2020-07-03,South Gladstone,2.3041666666666700
2020-07-03,Southport,4.8625
2020-07-03,Springwood,2.9458333333333300
2020-07-03,Tara Region,3.0416666666666700
2020-07-03,Woolloongabba,4.720833333333330
2020-07-03,Wynnum North,3.3625
2020-07-03,Wynnum West,3.025
2020-07-04,Brisbane City,4.508333333333330
2020-07-04,Cannon Hill,6.2
2020-07-04,Fisherman Island,6.258333333333330
2020-07-04,Hopeland,3.0500000000000000
2020-07-04,Lytton,4.6863636363636400
2020-07-04,Miles Airport,5.116666666666670
2020-07-04,Mount Coot-tha,4.783333333333330
2020-07-04,Rocklea,4.075
2020-07-04,South Brisbane,4.7875000000000000
2020-07-04,South Gladstone,5.1000000000000000
2020-07-04,Southport,4.158333333333330
2020-07-04,Springwood,1.0708333333333300
2020-07-04,Tara Region,4.472727272727270
2020-07-04,Woolloongabba,4.604166666666670
2020-07-04,Wynnum North,3.227272727272730
2020-07-04,Wynnum West,2.2583333333333300
2020-07-05,Brisbane City,6.404166666666670
2020-07-05,Cannon Hill,5.614285714285720
2020-07-05,Fisherman Island,7.833333333333330
2020-07-05,Hopeland,3.204166666666670
2020-07-05,Lytton,9.816666666666670
2020-07-05,Miles Airport,5.516666666666670
2020-07-05,Mount Coot-tha,6.2250000000000000
2020-07-05,Rocklea,4.854166666666670
2020-07-05,South Brisbane,7.241666666666670
2020-07-05,South Gladstone,2.6625
2020-07-05,Southport,4.958333333333330
2020-07-05,Springwood,8.145833333333330
2020-07-05,Tara Region,3.670833333333330
2020-07-05,Woolloongabba,7.370833333333330
2020-07-05,Wynnum North,2.890909090909090
2020-07-05,Wynnum West,3.2681818181818200
2020-07-06,Brisbane City,9.1875
2020-07-06,Cannon Hill,11.658333333333300
2020-07-06,Hopeland,1.0
2020-07-06,Lytton,9.881818181818180
2020-07-06,Miles Airport,2.7875
2020-07-06,Mount Coot-tha,5.479166666666670
2020-07-06,Rocklea,25.600000000000000
2020-07-06,Southport,2.625
2020-07-06,Springwood,9.941666666666670
2020-07-06,Tara Region,2.279166666666670
2020-07-06,Woolloongabba,10.933333333333300
2020-07-06,Wynnum North,7.98125
2020-07-06,Wynnum West,6.700000000000000
2020-07-07,Brisbane City,8.387500000000000
2020-07-07,Cannon Hill,8.904166666666670
2020-07-07,Hopeland,1.6166666666666700
2020-07-07,Lytton,5.320833333333330
2020-07-07,Miles Airport,2.704166666666670
2020-07-07,Mount Coot-tha,6.429166666666670
2020-07-07,Rocklea,8.341666666666670
2020-07-07,South Brisbane,9.533333333333330
2020-07-07,South Gladstone,5.858333333333330
2020-07-07,Southport,4.295833333333330
2020-07-07,Springwood,7.175
2020-07-07,Tara Region,3.204166666666670
2020-07-07,Woolloongabba,9.729166666666670
2020-07-07,Wynnum North,4.558333333333330
2020-07-07,Wynnum West,4.483333333333330
2020-07-08,Brisbane City,5.925
2020-07-08,Cannon Hill,3.466666666666670
2020-07-08,Hopeland,3.2541666666666700
2020-07-08,Lytton,2.345833333333330
2020-07-08,Miles Airport,3.625
2020-07-08,Mount Coot-tha,6.579166666666670
2020-07-08,Rocklea,6.045833333333330
2020-07-08,South Brisbane,6.0375000000000000
2020-07-08,South Gladstone,7.054166666666670
2020-07-08,Southport,3.0125000000000000
2020-07-08,Springwood,2.4166666666666700
2020-07-08,Tara Region,3.6375000000000000
2020-07-08,Woolloongabba,6.05
2020-07-08,Wynnum North,2.652173913043480
2020-07-08,Wynnum West,1.4000000000000000
2020-07-09,Brisbane City,7.916666666666670
2020-07-09,Cannon Hill,4.4750000000000000
2020-07-09,Hopeland,3.8125
2020-07-09,Lytton,3.2583333333333300
2020-07-09,Miles Airport,4.079166666666670
2020-07-09,Mount Coot-tha,8.612500000000000
2020-07-09,Rocklea,5.331818181818180
2020-07-09,South Brisbane,8.316666666666670
2020-07-09,South Gladstone,5.5125
2020-07-09,Southport,4.404166666666670
2020-07-09,Springwood,4.420833333333330
2020-07-09,Tara Region,4.395833333333330
2020-07-09,Woolloongabba,7.679166666666670
2020-07-09,Wynnum North,0.16190476190476200
2020-07-09,Wynnum West,2.245833333333330
2020-07-10,Brisbane City,7.3500000000000000
2020-07-10,Cannon Hill,4.3
2020-07-10,Hopeland,4.016666666666670
2020-07-10,Lytton,3.460869565217390
2020-07-10,Miles Airport,5.304166666666670
2020-07-10,Mount Coot-tha,6.570833333333330
2020-07-10,Rocklea,5.9875
2020-07-10,South Brisbane,7.366666666666670
2020-07-10,South Gladstone,4.191666666666670
2020-07-10,Southport,3.358333333333330
2020-07-10,Springwood,3.9500000000000000
2020-07-10,Tara Region,4.941666666666670
2020-07-10,Woolloongabba,7.304166666666670
2020-07-10,Wynnum North,2.3260869565217400
2020-07-10,Wynnum West,2.525
2020-07-11,Brisbane City,8.716666666666670
2020-07-11,Cannon Hill,7.366666666666670
2020-07-11,Hopeland,17.970833333333300
2020-07-11,Lytton,4.741666666666670
2020-07-11,Miles Airport,20.304166666666700
2020-07-11,Mount Coot-tha,9.15
2020-07-11,Rocklea,6.7750000000000000
2020-07-11,South Brisbane,8.483333333333330
2020-07-11,South Gladstone,12.370833333333300
2020-07-11,Southport,5.0
2020-07-11,Springwood,4.575
2020-07-11,Tara Region,23.504166666666700
2020-07-11,Woolloongabba,7.9000000000000000
2020-07-11,Wynnum North,4.1000000000000000
2020-07-11,Wynnum West,4.066666666666670
2020-07-12,Brisbane City,13.904166666666700
2020-07-12,Cannon Hill,11.462500000000000
2020-07-12,Hopeland,7.818181818181820
2020-07-12,Lytton,11.504166666666700
2020-07-12,Miles Airport,9.445833333333330
2020-07-12,Mount Coot-tha,11.329166666666700
2020-07-12,Rocklea,11.845833333333300
2020-07-12,South Brisbane,16.233333333333300
2020-07-12,South Gladstone,8.129166666666670
2020-07-12,Southport,13.383333333333300
2020-07-12,Springwood,11.979166666666700
2020-07-12,Tara Region,11.672727272727300
2020-07-12,Woolloongabba,13.279166666666700
2020-07-12,Wynnum North,15.066666666666700
2020-07-12,Wynnum West,11.295833333333300
2020-08-01,Brisbane City,16.34
2020-08-01,Cannon Hill,12.958333333333300
2020-08-01,Collingwood Park,15.175000000000000
2020-08-01,Fisherman Island,14.895833333333300
2020-08-01,Hopeland,12.333333333333300
2020-08-01,Lytton,11.247826086956500
2020-08-01,Miles Airport,9.7875
2020-08-01,Rocklea,14.645833333333300
2020-08-01,South Brisbane,14.816666666666700
2020-08-01,South Gladstone,11.104166666666700
2020-08-01,Southport,14.895833333333300
2020-08-01,Springwood,9.666666666666670
2020-08-01,Tara Region,14.191666666666700
2020-08-01,Woolloongabba,14.512500000000000
2020-08-01,Wynnum North,11.290909090909100
2020-08-01,Wynnum West,10.241666666666700
2020-08-02,Brisbane City,4.675
2020-08-02,Cannon Hill,4.2875000000000000
2020-08-02,Collingwood Park,3.85
2020-08-02,Fisherman Island,6.491666666666670
2020-08-02,Hopeland,2.875
2020-08-02,Lytton,2.15
2020-08-02,Miles Airport,3.25
2020-08-02,Rocklea,4.066666666666670
2020-08-02,South Brisbane,4.675
2020-08-02,South Gladstone,5.066666666666670
2020-08-02,Southport,3.1041666666666700
2020-08-02,Springwood,1.3833333333333300
2020-08-02,Tara Region,3.204166666666670
2020-08-02,Woolloongabba,4.554166666666670
2020-08-02,Wynnum North,4.588888888888890
2020-08-02,Wynnum West,1.3
2020-08-03,Brisbane City,6.5875000000000000
2020-08-03,Cannon Hill,3.691304347826090
2020-08-03,Fisherman Island,9.704166666666670
2020-08-03,Hopeland,3.9583333333333300
2020-08-03,Miles Airport,4.191666666666670
2020-08-03,Mount Coot-tha,6.808333333333330
2020-08-03,Rocklea,4.158333333333330
2020-08-03,South Brisbane,6.795833333333330
2020-08-03,South Gladstone,2.1041666666666700
2020-08-03,Southport,5.408333333333330
2020-08-03,Springwood,3.329166666666670
2020-08-03,Tara Region,3.891666666666670
2020-08-03,Woolloongabba,6.479166666666670
2020-08-03,Wynnum North,2.6375000000000000
2020-08-03,Wynnum West,2.2416666666666700
2020-08-04,Brisbane City,3.3375
2020-08-04,Cannon Hill,1.7875000000000000
2020-08-04,Fisherman Island,5.395833333333330
2020-08-04,Hopeland,2.0833333333333300
2020-08-04,Lytton,2.0045454545454500
2020-08-04,Miles Airport,3.725
2020-08-04,Mount Coot-tha,3.6791666666666700
2020-08-04,Rocklea,3.1125000000000000
2020-08-04,South Brisbane,4.004166666666670
2020-08-04,South Gladstone,2.4
2020-08-04,Southport,3.2416666666666700
2020-08-04,Springwood,2.341666666666670
2020-08-04,Tara Region,1.9750000000000000
2020-08-04,Woolloongabba,3.6875
2020-08-04,Wynnum North,2.1555555555555600
2020-08-04,Wynnum West,0.9875000000000000
2020-08-05,Brisbane City,6.8375000000000000
2020-08-05,Cannon Hill,9.225
2020-08-05,Fisherman Island,14.058333333333300
2020-08-05,Hopeland,2.8166666666666700
2020-08-05,Lytton,9.704166666666670
2020-08-05,Miles Airport,6.454166666666670
2020-08-05,Mount Coot-tha,5.595833333333330
2020-08-05,Rocklea,7.608333333333330
2020-08-05,South Brisbane,7.704166666666670
2020-08-05,South Gladstone,1.1625
2020-08-05,Southport,9.833333333333330
2020-08-05,Springwood,6.0375000000000000
2020-08-05,Tara Region,3.683333333333330
2020-08-05,Woolloongabba,8.879166666666670
2020-08-05,Wynnum North,5.436842105263160
2020-08-05,Wynnum West,4.716666666666670
2020-08-06,Brisbane City,10.475
2020-08-06,Cannon Hill,7.791666666666670
2020-08-06,Hopeland,0.8375
2020-08-06,Lytton,7.043478260869570
2020-08-06,Miles Airport,2.2125
2020-08-06,Mount Coot-tha,9.579166666666670
2020-08-06,Rocklea,11.783333333333300
2020-08-06,South Brisbane,15.746153846153800
2020-08-06,South Gladstone,4.8
2020-08-06,Southport,3.7916666666666700
2020-08-06,Springwood,7.966666666666670
2020-08-06,Tara Region,1.6541666666666700
2020-08-06,Woolloongabba,12.7125
2020-08-06,Wynnum North,3.506666666666670
2020-08-06,Wynnum West,4.119047619047620
2020-08-07,Brisbane City,5.358333333333330
2020-08-07,Cannon Hill,4.716666666666670
2020-08-07,Hopeland,2.4833333333333300
2020-08-07,Lytton,3.5208333333333300
2020-08-07,Miles Airport,6.083333333333330
2020-08-07,Mount Coot-tha,4.508333333333330
2020-08-07,Rocklea,6.429166666666670
2020-08-07,South Brisbane,6.333333333333330
2020-08-07,South Gladstone,5.754166666666670
2020-08-07,Southport,3.8083333333333300
2020-08-07,Springwood,4.491666666666670
2020-08-07,Tara Region,3.5875
2020-08-07,Woolloongabba,6.3625
2020-08-07,Wynnum North,3.641666666666670
2020-08-07,Wynnum West,2.65
2020-08-08,Brisbane City,4.8500000000000000
2020-08-08,Cannon Hill,3.1291666666666700
2020-08-08,Hopeland,1.2916666666666700
2020-08-08,Lytton,2.7000000000000000
2020-08-08,Miles Airport,1.2666666666666700
2020-08-08,Mount Coot-tha,4.720833333333330
2020-08-08,Rocklea,3.6291666666666700
2020-08-08,South Brisbane,5.366666666666670
2020-08-08,South Gladstone,7.116666666666670
2020-08-08,Southport,2.966666666666670
2020-08-08,Springwood,3.15
2020-08-08,Tara Region,1.7791666666666700
2020-08-08,Woolloongabba,3.920833333333330
2020-08-08,Wynnum North,-0.07000000000000010
2020-08-08,Wynnum West,1.0875000000000000
2020-08-09,Brisbane City,6.795833333333330
2020-08-09,Cannon Hill,5.158333333333330
2020-08-09,Hopeland,4.4125
2020-08-09,Lytton,2.845833333333330
2020-08-09,Miles Airport,5.0250000000000000
2020-08-09,Mount Coot-tha,7.195833333333330
2020-08-09,Rocklea,5.0125
2020-08-09,South Brisbane,7.579166666666670
2020-08-09,South Gladstone,7.045833333333330
2020-08-09,Southport,3.5375
2020-08-09,Springwood,2.0458333333333300
2020-08-09,Tara Region,5.408333333333330
2020-08-09,Woolloongabba,7.020833333333330
2020-08-09,Wynnum North,2.858333333333330
2020-08-09,Wynnum West,2.1608695652173900
2020-08-10,Brisbane City,6.5
2020-08-10,Cannon Hill,4.45
2020-08-10,Hopeland,4.791666666666670
2020-08-10,Lytton,3.5
2020-08-10,Miles Airport,10.9625
2020-08-10,Mount Coot-tha,5.879166666666670
2020-08-10,Rocklea,4.629411764705880
2020-08-10,South Brisbane,6.029166666666670
2020-08-10,South Gladstone,5.020833333333330
2020-08-10,Southport,3.9333333333333300
2020-08-10,Springwood,4.15
2020-08-10,Tara Region,7.6000000000000000
2020-08-10,Woolloongabba,6.208333333333330
2020-08-10,Wynnum North,3.9958333333333300
2020-08-10,Wynnum West,2.5958333333333300
2020-08-11,Brisbane City,6.391666666666670
2020-08-11,Cannon Hill,5.191666666666670
2020-08-11,Hopeland,12.733333333333300
2020-08-11,Lytton,3.6750000000000000
2020-08-11,Miles Airport,13.929166666666700
2020-08-11,Mount Coot-tha,6.591666666666670
2020-08-11,Rocklea,3.5583333333333300
2020-08-11,South Brisbane,6.25
2020-08-11,South Gladstone,12.116666666666700
2020-08-11,Southport,3.5208333333333300
2020-08-11,Springwood,3.845833333333330
2020-08-11,Tara Region,10.045833333333300
2020-08-11,Woolloongabba,5.995833333333330
2020-08-11,Wynnum North,2.0
2020-08-11,Wynnum West,2.154166666666670
2020-08-12,Brisbane City,7.491666666666670
2020-08-12,Cannon Hill,5.7875000000000000
2020-08-12,Hopeland,3.3125
2020-08-12,Lytton,5.3619047619047600
2020-08-12,Miles Airport,4.154166666666670
2020-08-12,Mount Coot-tha,7.233333333333330
2020-08-12,Rocklea,6.480952380952380
2020-08-12,South Brisbane,8.908333333333330
2020-08-12,South Gladstone,9.033333333333330
2020-08-12,Southport,8.137500000000000
2020-08-12,Springwood,7.883333333333330
2020-08-12,Tara Region,4.533333333333330
2020-08-12,Woolloongabba,7.0250000000000000
2020-08-12,Wynnum North,6.370588235294120
2020-08-12,Wynnum West,4.7250000000000000
2020-09-01,Brisbane City,18.525000000000000
2020-09-01,Cannon Hill,16.8875
2020-09-01,Collingwood Park,18.254166666666700
2020-09-01,Fisherman Island,31.34583333333330
2020-09-01,Hopeland,21.925
2020-09-01,Lytton,14.673913043478300
2020-09-01,Miles Airport,27.291666666666700
2020-09-01,Rocklea,17.316666666666700
2020-09-01,South Brisbane,18.537500000000000
2020-09-01,South Gladstone,12.775
2020-09-01,Southport,16.695833333333300
2020-09-01,Springwood,14.304166666666700
2020-09-01,Tara Region,25.670833333333300
2020-09-01,Woolloongabba,17.962500000000000
2020-09-01,Wynnum North,14.378260869565200
2020-09-01,Wynnum West,13.491304347826100
2020-09-02,Brisbane City,4.529166666666670
2020-09-02,Cannon Hill,3.0666666666666700
2020-09-02,Collingwood Park,3.841666666666670
2020-09-02,Fisherman Island,11.029166666666700
2020-09-02,Hopeland,1.8208333333333300
2020-09-02,Lytton,0.8954545454545460
2020-09-02,Miles Airport,1.8583333333333300
2020-09-02,Rocklea,2.8000000000000000
2020-09-02,South Brisbane,4.7125000000000000
2020-09-02,South Gladstone,5.762500000000000
2020-09-02,Southport,3.029166666666670
2020-09-02,Springwood,1.8125
2020-09-02,Tara Region,2.35
2020-09-02,Woolloongabba,4.575
2020-09-02,Wynnum North,4.61875
2020-09-02,Wynnum West,2.165
2020-09-03,Brisbane City,4.958333333333330
2020-09-03,Cannon Hill,2.768181818181820
2020-09-03,Fisherman Island,6.404166666666670
2020-09-03,Hopeland,2.0166666666666700
2020-09-03,Miles Airport,2.6958333333333300
2020-09-03,Mount Coot-tha,4.7750000000000000
2020-09-03,Rocklea,2.733333333333330
2020-09-03,South Brisbane,5.320833333333330
2020-09-03,South Gladstone,2.0458333333333300
2020-09-03,Southport,2.595833333333330
2020-09-03,Springwood,0.8166666666666670
2020-09-03,Tara Region,2.3333333333333300
2020-09-03,Woolloongabba,5.295833333333330
2020-09-03,Wynnum North,1.434782608695650
2020-09-03,Wynnum West,0.8608695652173910
2020-09-04,Brisbane City,4.079166666666670
2020-09-04,Cannon Hill,4.013636363636360
2020-09-04,Fisherman Island,6.3625
2020-09-04,Hopeland,2.4500000000000000
2020-09-04,Lytton,2.8095238095238100
2020-09-04,Miles Airport,3.2416666666666700
2020-09-04,Mount Coot-tha,4.108333333333330
2020-09-04,Rocklea,3.5708333333333300
2020-09-04,South Brisbane,4.6
2020-09-04,South Gladstone,3.158333333333330
2020-09-04,Southport,1.2958333333333300
2020-09-04,Springwood,2.3666666666666700
2020-09-04,Tara Region,3.0
2020-09-04,Woolloongabba,4.2250000000000000
2020-09-04,Wynnum North,1.6000000000000000
2020-09-04,Wynnum West,1.9125000000000000
2020-09-05,Brisbane City,6.529166666666670
2020-09-05,Cannon Hill,8.154166666666670
2020-09-05,Fisherman Island,10.15
2020-09-05,Hopeland,1.9375
2020-09-05,Lytton,11.016666666666700
2020-09-05,Miles Airport,2.1958333333333300
2020-09-05,Mount Coot-tha,5.4750000000000000
2020-09-05,Rocklea,12.74
2020-09-05,South Brisbane,6.529166666666670
2020-09-05,South Gladstone,1.2250000000000000
2020-09-05,Southport,18.308333333333300
2020-09-05,Springwood,5.5250000000000000
2020-09-05,Tara Region,2.5500000000000000
2020-09-05,Woolloongabba,7.083333333333330
2020-09-05,Wynnum North,6.258823529411770
2020-09-05,Wynnum West,5.241666666666670
2020-09-06,Brisbane City,5.983333333333330
2020-09-06,Cannon Hill,3.966666666666670
2020-09-06,Hopeland,0.875
2020-09-06,Lytton,6.861111111111110
2020-09-06,Miles Airport,2.775
2020-09-06,Mount Coot-tha,4.316666666666670
2020-09-06,Rocklea,6.357142857142860
2020-09-06,South Brisbane,7.420833333333330
2020-09-06,South Gladstone,5.4125000000000000
2020-09-06,Southport,2.9916666666666700
2020-09-06,Springwood,5.958333333333330
2020-09-06,Tara Region,1.875
2020-09-06,Woolloongabba,7.795833333333330
2020-09-06,Wynnum North,5.985
2020-09-06,Wynnum West,3.3250000000000000
2020-09-07,Brisbane City,3.4583333333333300
2020-09-07,Cannon Hill,1.2291666666666700
2020-09-07,Hopeland,1.3583333333333300
2020-09-07,Lytton,0.7458333333333330
2020-09-07,Miles Airport,2.45
2020-09-07,Mount Coot-tha,3.8208333333333300
2020-09-07,Rocklea,2.733333333333330
2020-09-07,South Brisbane,4.066666666666670
2020-09-07,South Gladstone,5.445833333333330
2020-09-07,Southport,1.4625000000000000
2020-09-07,Springwood,4.004166666666670
2020-09-07,Tara Region,1.7125000000000000
2020-09-07,Woolloongabba,3.4500000000000000
2020-09-07,Wynnum North,1.1541666666666700
2020-09-07,Wynnum West,0.5416666666666670
2020-09-08,Brisbane City,1.7291666666666700
2020-09-08,Cannon Hill,1.2541666666666700
2020-09-08,Hopeland,0.5750000000000000
2020-09-08,Lytton,3.5583333333333300
2020-09-08,Miles Airport,0.5666666666666670
2020-09-08,Mount Coot-tha,1.2125000000000000
2020-09-08,Rocklea,1.7541666666666700
2020-09-08,South Brisbane,2.3250000000000000
2020-09-08,South Gladstone,5.891666666666670
2020-09-08,Southport,0.525
2020-09-08,Springwood,1.875
2020-09-08,Tara Region,0.7583333333333330
2020-09-08,Woolloongabba,1.5875000000000000
2020-09-08,Wynnum North,0.7833333333333330
2020-09-08,Wynnum West,0.14166666666666700
2020-09-09,Brisbane City,5.566666666666670
2020-09-09,Cannon Hill,4.179166666666670
2020-09-09,Hopeland,4.3375000000000000
2020-09-09,Lytton,1.9083333333333300
2020-09-09,Miles Airport,7.7
2020-09-09,Mount Coot-tha,6.047826086956520
2020-09-09,Rocklea,4.575
2020-09-09,South Brisbane,5.704166666666670
2020-09-09,South Gladstone,7.529166666666670
2020-09-09,Southport,3.654166666666670
2020-09-09,Springwood,1.8111111111111100
2020-09-09,Tara Region,10.095833333333300
2020-09-09,Woolloongabba,5.729166666666670
2020-09-09,Wynnum North,0.9363636363636360
2020-09-09,Wynnum West,1.1375
2020-09-10,Brisbane City,8.054166666666670
2020-09-10,Cannon Hill,6.883333333333330
2020-09-10,Hopeland,3.6217391304347800
2020-09-10,Lytton,3.85
2020-09-10,Miles Airport,3.3083333333333300
2020-09-10,Mount Coot-tha,7.258333333333330
2020-09-10,Rocklea,7.291666666666670
2020-09-10,South Brisbane,7.416666666666670
2020-09-10,South Gladstone,8.245833333333330
2020-09-10,Southport,6.045454545454550
2020-09-10,Springwood,6.046666666666670
2020-09-10,Tara Region,3.1375000000000000
2020-09-10,Woolloongabba,7.541666666666670
2020-09-10,Wynnum North,5.970833333333330
2020-09-10,Wynnum West,4.2250000000000000
2020-09-11,Brisbane City,5.258333333333330
2020-09-11,Cannon Hill,3.5
2020-09-11,Hopeland,5.95
2020-09-11,Lytton,2.6125000000000000
2020-09-11,Miles Airport,7.6125
2020-09-11,Mount Coot-tha,5.479166666666670
2020-09-11,Rocklea,2.6142857142857100
2020-09-11,South Brisbane,6.95
2020-09-11,South Gladstone,11.1875
2020-09-11,Southport,2.9583333333333300
2020-09-11,Springwood,3.0666666666666700
2020-09-11,Tara Region,6.5
2020-09-11,Woolloongabba,5.320833333333330
2020-09-11,Wynnum North,2.3130434782608700
2020-09-11,Wynnum West,1.3041666666666700
2020-09-12,Brisbane City,7.925
2020-09-12,Cannon Hill,3.975
2020-09-12,Hopeland,3.65
2020-09-12,Lytton,4.7625
2020-09-12,Miles Airport,6.691666666666670
2020-09-12,Mount Coot-tha,7.7125000000000000
2020-09-12,Rocklea,6.366666666666670
2020-09-12,South Brisbane,9.391666666666670
2020-09-12,South Gladstone,9.925000000000000
2020-09-12,Southport,6.108333333333330
2020-09-12,Springwood,4.570833333333330
2020-09-12,Tara Region,4.9375
2020-09-12,Woolloongabba,7.616666666666670
2020-09-12,Wynnum North,2.7916666666666700
2020-09-12,Wynnum West,2.7708333333333300
2020-10-01,Brisbane City,17.670833333333300
2020-10-01,Cannon Hill,16.600000000000000
2020-10-01,Collingwood Park,16.741666666666700
2020-10-01,Fisherman Island,18.045833333333300
2020-10-01,Hopeland,19.108333333333300
2020-10-01,Lytton,14.170833333333300
2020-10-01,Miles Airport,19.82608695652170
2020-10-01,Rocklea,16.357142857142900
2020-10-01,South Brisbane,17.575
2020-10-01,South Gladstone,13.012500000000000
2020-10-01,Southport,16.175
2020-10-01,Springwood,12.791666666666700
2020-10-01,Tara Region,21.595
2020-10-01,Woolloongabba,17.066666666666700
2020-10-01,Wynnum North,13.908333333333300
2020-10-01,Wynnum West,13.133333333333300
2020-10-02,Brisbane City,4.941666666666670
2020-10-02,Cannon Hill,4.020833333333330
2020-10-02,Collingwood Park,4.583333333333330
2020-10-02,Fisherman Island,7.7875000000000000
2020-10-02,Hopeland,2.975
2020-10-02,Lytton,2.090909090909090
2020-10-02,Miles Airport,3.525
2020-10-02,Rocklea,3.7708333333333300
2020-10-02,South Brisbane,5.170833333333330
2020-10-02,South Gladstone,3.845833333333330
2020-10-02,Southport,4.679166666666670
2020-10-02,Springwood,2.704166666666670
2020-10-02,Tara Region,3.904166666666670
2020-10-02,Woolloongabba,4.870833333333330
2020-10-02,Wynnum North,5.635294117647060
2020-10-02,Wynnum West,2.381818181818180
2020-10-03,Brisbane City,4.079166666666670
2020-10-03,Cannon Hill,1.3363636363636400
2020-10-03,Fisherman Island,5.629166666666670
2020-10-03,Hopeland,1.1875
2020-10-03,Miles Airport,1.3125
2020-10-03,Mount Coot-tha,3.8833333333333300
2020-10-03,Rocklea,2.2125
2020-10-03,South Brisbane,4.208333333333330
2020-10-03,South Gladstone,2.3875000000000000
2020-10-03,Southport,1.7583333333333300
2020-10-03,Springwood,0.5083333333333330
2020-10-03,Tara Region,1.1708333333333300
2020-10-03,Woolloongabba,4.045833333333330
2020-10-03,Wynnum North,1.5400000000000000
2020-10-03,Wynnum West,1.0863636363636400
2020-10-04,Brisbane City,3.6666666666666700
2020-10-04,Cannon Hill,2.3391304347826100
2020-10-04,Fisherman Island,13.345833333333300
2020-10-04,Hopeland,2.2583333333333300
2020-10-04,Lytton,1.6625
2020-10-04,Miles Airport,2.370833333333330
2020-10-04,Mount Coot-tha,3.9166666666666700
2020-10-04,Rocklea,2.8125
2020-10-04,South Brisbane,3.5541666666666700
2020-10-04,South Gladstone,2.8041666666666700
2020-10-04,Southport,2.245833333333330
2020-10-04,Springwood,4.7375
2020-10-04,Tara Region,2.9916666666666700
2020-10-04,Woolloongabba,3.5625
2020-10-04,Wynnum North,1.8400000000000000
2020-10-04,Wynnum West,0.11666666666666700
2020-10-05,Brisbane City,5.454166666666670
2020-10-05,Cannon Hill,4.7750000000000000
2020-10-05,Fisherman Island,8.679166666666670
2020-10-05,Hopeland,2.6125000000000000
2020-10-05,Lytton,10.063157894736800
2020-10-05,Miles Airport,2.775
2020-10-05,Mount Coot-tha,5.033333333333330
2020-10-05,South Brisbane,5.433333333333330
2020-10-05,South Gladstone,2.152173913043480
2020-10-05,Southport,12.016666666666700
2020-10-05,Springwood,6.8875
2020-10-05,Tara Region,2.5750000000000000
2020-10-05,Woolloongabba,5.558333333333330
2020-10-05,Wynnum North,4.446666666666670
2020-10-05,Wynnum West,3.6772727272727300
2020-10-06,Brisbane City,4.933333333333330
2020-10-06,Cannon Hill,3.920833333333330
2020-10-06,Hopeland,0.9916666666666670
2020-10-06,Lytton,7.168421052631580
2020-10-06,Miles Airport,3.2416666666666700
2020-10-06,Mount Coot-tha,4.591666666666670
2020-10-06,Rocklea,4.658333333333330
2020-10-06,South Brisbane,5.620833333333330
2020-10-06,South Gladstone,4.379166666666670
2020-10-06,Southport,1.5041666666666700
2020-10-06,Springwood,4.763636363636360
2020-10-06,Tara Region,1.9000000000000000
2020-10-06,Woolloongabba,5.345833333333330
2020-10-06,Wynnum North,3.3250000000000000
2020-10-06,Wynnum West,1.7083333333333300
2020-10-07,Brisbane City,5.904166666666670
2020-10-07,Cannon Hill,4.420833333333330
2020-10-07,Hopeland,1.7958333333333300
2020-10-07,Lytton,1.875
2020-10-07,Miles Airport,2.5
2020-10-07,Mount Coot-tha,4.483333333333330
2020-10-07,Rocklea,5.891666666666670
2020-10-07,South Brisbane,7.0875000000000000
2020-10-07,South Gladstone,10.354166666666700
2020-10-07,Southport,3.6750000000000000
2020-10-07,Springwood,3.110526315789470
2020-10-07,Tara Region,2.7458333333333300
2020-10-07,Woolloongabba,6.4375
2020-10-07,Wynnum North,2.4636363636363600
2020-10-07,Wynnum West,2.9583333333333300
2020-10-08,Brisbane City,2.3583333333333300
2020-10-08,Cannon Hill,1.7166666666666700
2020-10-08,Hopeland,0.8916666666666670
2020-10-08,Lytton,4.895833333333330
2020-10-08,Miles Airport,0.725
2020-10-08,Mount Coot-tha,2.2333333333333300
2020-10-08,Rocklea,1.105263157894740
2020-10-08,South Brisbane,2.8541666666666700
2020-10-08,South Gladstone,6.754166666666670
2020-10-08,Southport,2.1416666666666700
2020-10-08,Springwood,1.3875
2020-10-08,Tara Region,0.8125
2020-10-08,Woolloongabba,2.3666666666666700
2020-10-08,Wynnum North,2.8833333333333300
2020-10-08,Wynnum West,1.4291666666666700
2020-10-09,Brisbane City,4.233333333333330
2020-10-09,Cannon Hill,4.095833333333330
2020-10-09,Hopeland,3.0208333333333300
2020-10-09,Lytton,3.3083333333333300
2020-10-09,Miles Airport,5.3136363636363600
2020-10-09,Mount Coot-tha,4.195833333333330
2020-10-09,South Brisbane,4.4750000000000000
2020-10-09,South Gladstone,5.4750000000000000
2020-10-09,Southport,2.629166666666670
2020-10-09,Springwood,2.0291666666666700
2020-10-09,Tara Region,3.3958333333333300
2020-10-09,Woolloongabba,4.5125
2020-10-09,Wynnum North,2.5708333333333300
2020-10-09,Wynnum West,2.5565217391304300
2020-10-10,Brisbane City,7.3125
2020-10-10,Cannon Hill,5.895833333333330
2020-10-10,Hopeland,2.8791666666666700
2020-10-10,Lytton,4.425
2020-10-10,Miles Airport,2.9500000000000000
2020-10-10,Mount Coot-tha,6.6875
2020-10-10,Rocklea,5.558333333333330
2020-10-10,South Brisbane,7.3875
2020-10-10,South Gladstone,6.745833333333330
2020-10-10,Southport,5.170833333333330
2020-10-10,Springwood,3.9166666666666700
2020-10-10,Tara Region,5.016666666666670
2020-10-10,Woolloongabba,6.641666666666670
2020-10-10,Wynnum North,4.205
2020-10-10,Wynnum West,4.1375
2020-10-11,Brisbane City,3.9250000000000000
2020-10-11,Cannon Hill,2.595833333333330
2020-10-11,Hopeland,7.766666666666670
2020-10-11,Lytton,1.6291666666666700
2020-10-11,Miles Airport,11.604166666666700
2020-10-11,Mount Coot-tha,3.9125
2020-10-11,Rocklea,3.0208333333333300
2020-10-11,South Brisbane,5.691666666666670
2020-10-11,South Gladstone,9.208333333333330
2020-10-11,Southport,1.4583333333333300
2020-10-11,Springwood,2.4458333333333300
2020-10-11,Tara Region,15.204166666666700
2020-10-11,Woolloongabba,4.208333333333330
2020-10-11,Wynnum North,1.075
2020-10-11,Wynnum West,0.725
2020-10-12,Brisbane City,6.408333333333330
2020-10-12,Cannon Hill,4.0
2020-10-12,Hopeland,4.408333333333330
2020-10-12,Lytton,2.2416666666666700
2020-10-12,Miles Airport,8.208333333333330
2020-10-12,Mount Coot-tha,6.172727272727270
2020-10-12,Rocklea,5.841666666666670
2020-10-12,South Brisbane,7.641666666666670
2020-10-12,South Gladstone,7.129166666666670
2020-10-12,Southport,4.7875000000000000
2020-10-12,Springwood,4.966666666666670
2020-10-12,Tara Region,6.079166666666670
2020-10-12,Woolloongabba,6.279166666666670
2020-10-12,Wynnum North,3.079166666666670
2020-10-12,Wynnum West,1.8625
2020-11-01,Brisbane City,16.1375
2020-11-01,Cannon Hill,12.320833333333300
2020-11-01,Collingwood Park,15.541666666666700
2020-11-01,Fisherman Island,15.333333333333300
2020-11-01,Hopeland,39.65833333333330
2020-11-01,Lytton,10.5625
2020-11-01,Miles Airport,74.64166666666670
2020-11-01,Rocklea,14.629166666666700
2020-11-01,South Brisbane,16.070833333333300
2020-11-01,South Gladstone,14.445833333333300
2020-11-01,Southport,11.766666666666700
2020-11-01,Springwood,10.6875
2020-11-01,Tara Region,54.137500000000000
2020-11-01,Woolloongabba,15.170833333333300
2020-11-01,Wynnum North,10.058333333333300
2020-11-01,Wynnum West,9.860869565217390
2020-11-02,Brisbane City,5.375
2020-11-02,Cannon Hill,6.5
2020-11-02,Collingwood Park,5.404166666666670
2020-11-02,Fisherman Island,6.183333333333330
2020-11-02,Hopeland,2.265217391304350
2020-11-02,Lytton,3.483333333333330
2020-11-02,Miles Airport,3.063636363636360
2020-11-02,Rocklea,5.957142857142860
2020-11-02,South Brisbane,5.645833333333330
2020-11-02,South Gladstone,4.766666666666670
2020-11-02,Southport,4.733333333333330
2020-11-02,Springwood,2.1083333333333300
2020-11-02,Tara Region,2.658333333333330
2020-11-02,Woolloongabba,5.370833333333330
2020-11-02,Wynnum North,7.776923076923080
2020-11-02,Wynnum West,2.808695652173910
2020-11-03,Brisbane City,5.016666666666670
2020-11-03,Cannon Hill,3.360869565217390
2020-11-03,Fisherman Island,6.554166666666670
2020-11-03,Hopeland,2.4250000000000000
2020-11-03,Miles Airport,2.7708333333333300
2020-11-03,Mount Coot-tha,4.916666666666670
2020-11-03,Rocklea,2.279166666666670
2020-11-03,South Brisbane,5.0
2020-11-03,South Gladstone,5.0375000000000000
2020-11-03,Southport,3.1625
2020-11-03,Springwood,1.3375000000000000
2020-11-03,Tara Region,2.370833333333330
2020-11-03,Woolloongabba,4.791666666666670
2020-11-03,Wynnum North,3.35625
2020-11-03,Wynnum West,1.2666666666666700
2020-11-04,Brisbane City,4.516666666666670
2020-11-04,Cannon Hill,6.829166666666670
2020-11-04,Fisherman Island,5.6625000000000000
2020-11-04,Hopeland,2.1166666666666700
2020-11-04,Lytton,2.176470588235290
2020-11-04,Miles Airport,2.470833333333330
2020-11-04,Mount Coot-tha,4.395833333333330
2020-11-04,Rocklea,4.8500000000000000
2020-11-04,South Brisbane,4.366666666666670
2020-11-04,South Gladstone,3.3208333333333300
2020-11-04,Southport,4.891666666666670
2020-11-04,Springwood,4.583333333333330
2020-11-04,Tara Region,2.595833333333330
2020-11-04,Woolloongabba,4.5
2020-11-04,Wynnum North,5.253333333333330
2020-11-04,Wynnum West,2.4375
2020-11-05,Brisbane City,4.641666666666670
2020-11-05,Cannon Hill,4.370833333333330
2020-11-05,Fisherman Island,7.379166666666670
2020-11-05,Hopeland,1.7333333333333300
2020-11-05,Lytton,6.6125
2020-11-05,Miles Airport,1.9916666666666700
2020-11-05,Mount Coot-tha,4.404166666666670
2020-11-05,Rocklea,4.88
2020-11-05,South Brisbane,5.095833333333330
2020-11-05,South Gladstone,1.7291666666666700
2020-11-05,Southport,3.9375
2020-11-05,Springwood,8.483333333333330
2020-11-05,Tara Region,2.6875
2020-11-05,Woolloongabba,5.008333333333330
2020-11-05,Wynnum North,3.1375000000000000
2020-11-05,Wynnum West,2.983333333333330
2020-11-06,Brisbane City,4.708333333333330
2020-11-06,Cannon Hill,4.379166666666670
2020-11-06,Hopeland,1.3571428571428600
2020-11-06,Lytton,5.2875000000000000
2020-11-06,Miles Airport,2.891666666666670
2020-11-06,Mount Coot-tha,4.591666666666670
2020-11-06,Rocklea,4.7125
2020-11-06,South Brisbane,5.095833333333330
2020-11-06,South Gladstone,5.041666666666670
2020-11-06,Southport,3.2416666666666700
2020-11-06,Tara Region,2.3625000000000000
2020-11-06,Woolloongabba,5.375
2020-11-06,Wynnum North,2.2583333333333300
2020-11-06,Wynnum West,1.5086956521739100
2020-11-07,Brisbane City,8.225
2020-11-07,Cannon Hill,7.566666666666670
2020-11-07,Hopeland,2.404166666666670
2020-11-07,Lytton,4.391666666666670
2020-11-07,Miles Airport,3.358333333333330
2020-11-07,Mount Coot-tha,7.195833333333330
2020-11-07,Rocklea,8.629166666666670
2020-11-07,South Brisbane,8.308333333333330
2020-11-07,South Gladstone,7.033333333333330
2020-11-07,Southport,4.3
2020-11-07,Springwood,8.237500000000000
2020-11-07,Tara Region,3.079166666666670
2020-11-07,Woolloongabba,8.066666666666670
2020-11-07,Wynnum North,3.6291666666666700
2020-11-07,Wynnum West,3.5625
2020-11-08,Brisbane City,4.970833333333330
2020-11-08,Cannon Hill,4.083333333333330
2020-11-08,Hopeland,1.9875
2020-11-08,Lytton,4.170833333333330
2020-11-08,Miles Airport,3.7416666666666700
2020-11-08,Mount Coot-tha,4.783333333333330
2020-11-08,Rocklea,4.729166666666670
2020-11-08,South Brisbane,5.295833333333330
2020-11-08,South Gladstone,6.233333333333330
2020-11-08,Southport,4.445833333333330
2020-11-08,Springwood,1.5227272727272700
2020-11-08,Tara Region,2.720833333333330
2020-11-08,Woolloongabba,5.125
2020-11-08,Wynnum North,4.379166666666670
2020-11-08,Wynnum West,2.3916666666666700
2020-11-09,Brisbane City,6.583333333333330
2020-11-09,Cannon Hill,3.430434782608700
2020-11-09,Hopeland,2.5208333333333300
2020-11-09,Lytton,2.658333333333330
2020-11-09,Miles Airport,2.4541666666666700
2020-11-09,Mount Coot-tha,6.360869565217390
2020-11-09,Rocklea,4.428571428571430
2020-11-09,South Brisbane,7.0
2020-11-09,South Gladstone,5.983333333333330
2020-11-09,Southport,3.1666666666666700
2020-11-09,Springwood,3.016666666666670
2020-11-09,Tara Region,2.25
2020-11-09,Woolloongabba,6.479166666666670
2020-11-09,Wynnum North,0.8086956521739130
2020-11-09,Wynnum West,1.7708333333333300
2020-11-10,Brisbane City,5.870833333333330
2020-11-10,Cannon Hill,5.456521739130440
2020-11-10,Hopeland,6.873913043478260
2020-11-10,Lytton,3.608333333333330
2020-11-10,Miles Airport,14.841666666666700
2020-11-10,Mount Coot-tha,5.858333333333330
2020-11-10,Rocklea,5.8875
2020-11-10,South Brisbane,5.6000000000000000
2020-11-10,South Gladstone,3.5208333333333300
2020-11-10,Southport,3.8541666666666700
2020-11-10,Springwood,4.958333333333330
2020-11-10,Tara Region,9.620833333333330
2020-11-10,Woolloongabba,5.516666666666670
2020-11-10,Wynnum North,2.682608695652170
2020-11-10,Wynnum West,2.9791666666666700
2020-11-11,Brisbane City,3.7625000000000000
2020-11-11,Cannon Hill,3.4375
2020-11-11,Hopeland,13.65
2020-11-11,Lytton,1.5
2020-11-11,Miles Airport,17.225000000000000
2020-11-11,Mount Coot-tha,3.4291666666666700
2020-11-11,Rocklea,3.1333333333333300
2020-11-11,South Brisbane,4.079166666666670
2020-11-11,South Gladstone,8.266666666666670
2020-11-11,Southport,2.8541666666666700
2020-11-11,Springwood,2.1708333333333300
2020-11-11,Tara Region,11.670833333333300
2020-11-11,Woolloongabba,4.0375000000000000
2020-11-11,Wynnum North,1.6608695652173900
2020-11-11,Wynnum West,0.6833333333333340
2020-11-12,Brisbane City,4.6875
2020-11-12,Cannon Hill,1.0166666666666700
2020-11-12,Hopeland,2.7625000000000000
2020-11-12,Lytton,3.3708333333333300
2020-11-12,Miles Airport,4.216666666666670
2020-11-12,Rocklea,3.4958333333333300
2020-11-12,South Brisbane,6.254166666666670
2020-11-12,South Gladstone,5.908333333333330
2020-11-12,Southport,1.4428571428571400
2020-11-12,Springwood,2.9250000000000000
2020-11-12,Tara Region,5.3
2020-11-12,Woolloongabba,4.545833333333330
2020-11-12,Wynnum North,1.8409090909090900
2020-11-12,Wynnum West,1.5541666666666700
2020-12-01,Brisbane City,14.012500000000000
2020-12-01,Cannon Hill,12.300000000000000
2020-12-01,Collingwood Park,10.354166666666700
2020-12-01,Fisherman Island,15.683333333333300
2020-12-01,Hopeland,21.917391304347800
2020-12-01,Lytton,14.369565217391300
2020-12-01,Miles Airport,27.14
2020-12-01,Rocklea,11.145833333333300
2020-12-01,South Brisbane,13.841666666666700
2020-12-01,South Gladstone,12.825000000000000
2020-12-01,Southport,10.866666666666700
2020-12-01,Springwood,7.3625
2020-12-01,Tara Region,24.713043478260900
2020-12-01,Woolloongabba,13.25
2020-12-01,Wynnum North,6.165217391304350
2020-12-01,Wynnum West,8.545833333333330
2020-12-02,Brisbane City,3.9875000000000000
2020-12-02,Cannon Hill,2.733333333333330
2020-12-02,Collingwood Park,3.279166666666670
2020-12-02,Fisherman Island,7.1000000000000000
2020-12-02,Hopeland,1.5250000000000000
2020-12-02,Lytton,0.6791666666666670
2020-12-02,Rocklea,3.0625
2020-12-02,South Brisbane,4.4125
2020-12-02,South Gladstone,4.658333333333330
2020-12-02,Southport,2.495833333333330
2020-12-02,Springwood,0.7000000000000000
2020-12-02,Tara Region,1.9166666666666700
2020-12-02,Woolloongabba,4.204166666666670
2020-12-02,Wynnum North,1.9222222222222200
2020-12-02,Wynnum West,0.8157894736842110
2020-12-03,Brisbane City,3.8208333333333300
2020-12-03,Cannon Hill,3.9
2020-12-03,Fisherman Island,6.470833333333330
2020-12-03,Hopeland,1.9958333333333300
2020-12-03,Miles Airport,2.4916666666666700
2020-12-03,Mount Coot-tha,3.9458333333333300
2020-12-03,Rocklea,3.0833333333333300
2020-12-03,South Brisbane,4.125
2020-12-03,South Gladstone,3.4375
2020-12-03,Southport,1.9958333333333300
2020-12-03,Springwood,1.3583333333333300
2020-12-03,Tara Region,2.216666666666670
2020-12-03,Woolloongabba,4.045833333333330
2020-12-03,Wynnum North,3.2190476190476200
2020-12-03,Wynnum West,1.1608695652173900
2020-12-04,Brisbane City,5.133333333333330
2020-12-04,Cannon Hill,7.495833333333330
2020-12-04,Fisherman Island,9.137500000000000
2020-12-04,Hopeland,4.145833333333330
2020-12-04,Lytton,3.209090909090910
2020-12-04,Miles Airport,4.920833333333330
2020-12-04,Mount Coot-tha,5.075
2020-12-04,Rocklea,4.779166666666670
2020-12-04,South Brisbane,5.133333333333330
2020-12-04,South Gladstone,2.9291666666666700
2020-12-04,Southport,5.454166666666670
2020-12-04,Springwood,6.208333333333330
2020-12-04,Tara Region,5.045833333333330
2020-12-04,Woolloongabba,5.166666666666670
2020-12-04,Wynnum North,6.778260869565220
2020-12-04,Wynnum West,4.991666666666670
2020-12-05,Brisbane City,5.916666666666670
2020-12-05,Cannon Hill,4.441666666666670
2020-12-05,Fisherman Island,8.329411764705880
2020-12-05,Hopeland,2.2291666666666700
2020-12-05,Lytton,7.591666666666670
2020-12-05,Miles Airport,6.116666666666670
2020-12-05,Mount Coot-tha,4.758333333333330
2020-12-05,Rocklea,4.333333333333330
2020-12-05,South Brisbane,6.370833333333330
2020-12-05,South Gladstone,2.3521739130434800
2020-12-05,Southport,2.875
2020-12-05,Springwood,8.692307692307690
2020-12-05,Tara Region,2.5500000000000000
2020-12-05,Woolloongabba,5.825
2020-12-05,Wynnum North,4.691304347826090
2020-12-05,Wynnum West,3.2458333333333300
2020-12-06,Brisbane City,5.045833333333330
2020-12-06,Cannon Hill,7.704166666666670
2020-12-06,Hopeland,1.7875000000000000
2020-12-06,Lytton,4.859090909090910
2020-12-06,Miles Airport,5.120833333333330
2020-12-06,Mount Coot-tha,4.695833333333330
2020-12-06,Rocklea,8.65625
2020-12-06,South Brisbane,6.195833333333330
2020-12-06,South Gladstone,4.733333333333330
2020-12-06,Southport,3.795833333333330
2020-12-06,Springwood,6.8375
2020-12-06,Tara Region,3.3375
2020-12-06,Woolloongabba,6.245833333333330
2020-12-06,Wynnum North,4.64375
2020-12-06,Wynnum West,4.394736842105260
2020-12-07,Brisbane City,6.491666666666670
2020-12-07,Cannon Hill,9.4375
2020-12-07,Hopeland,1.7958333333333300
2020-12-07,Lytton,4.9125000000000000
2020-12-07,Miles Airport,1.5458333333333300
2020-12-07,Mount Coot-tha,4.683333333333330
2020-12-07,Rocklea,6.683333333333330
2020-12-07,South Brisbane,7.204166666666670
2020-12-07,South Gladstone,9.266666666666670
2020-12-07,Southport,6.625
2020-12-07,Springwood,5.75
2020-12-07,Tara Region,2.191666666666670
2020-12-07,Woolloongabba,6.825
2020-12-07,Wynnum North,3.5416666666666700
2020-12-07,Wynnum West,4.483333333333330
2020-12-08,Brisbane City,7.145833333333330
2020-12-08,Cannon Hill,6.4750000000000000
2020-12-08,Hopeland,2.2666666666666700
2020-12-08,Lytton,5.75
2020-12-08,Miles Airport,2.845833333333330
2020-12-08,Mount Coot-tha,6.5250000000000000
2020-12-08,Rocklea,5.6000000000000000
2020-12-08,South Brisbane,6.991666666666670
2020-12-08,South Gladstone,6.745833333333330
2020-12-08,Southport,3.1458333333333300
2020-12-08,Springwood,6.566666666666670
2020-12-08,Tara Region,3.0750000000000000
2020-12-08,Woolloongabba,7.625
2020-12-08,Wynnum North,4.2375
2020-12-08,Wynnum West,2.7875
2020-12-09,Brisbane City,5.566666666666670
2020-12-09,Cannon Hill,3.5208333333333300
2020-12-09,Hopeland,3.0833333333333300
2020-12-09,Lytton,3.983333333333330
2020-12-09,Miles Airport,3.216666666666670
2020-12-09,Mount Coot-tha,5.4125000000000000
2020-12-09,Rocklea,2.433333333333330
2020-12-09,South Brisbane,6.2
2020-12-09,South Gladstone,5.6375
2020-12-09,Southport,2.533333333333330
2020-12-09,Springwood,1.8541666666666700
2020-12-09,Tara Region,2.9416666666666700
2020-12-09,Woolloongabba,5.479166666666670
2020-12-09,Wynnum North,3.347826086956520
2020-12-09,Wynnum West,3.3391304347826100
2020-12-10,Brisbane City,5.9875
2020-12-10,Cannon Hill,3.8454545454545500
2020-12-10,Hopeland,3.1208333333333300
2020-12-10,Lytton,2.4875000000000000
2020-12-10,Miles Airport,4.595652173913040
2020-12-10,Mount Coot-tha,5.583333333333330
2020-12-10,Rocklea,4.941666666666670
2020-12-10,South Brisbane,6.920833333333330
2020-12-10,South Gladstone,4.6875
2020-12-10,Southport,4.266666666666670
2020-12-10,Springwood,3.2625000000000000
2020-12-10,Tara Region,4.333333333333330
2020-12-10,Woolloongabba,5.554166666666670
2020-12-10,Wynnum North,1.6916666666666700
2020-12-10,Wynnum West,1.8708333333333300
2020-12-11,Brisbane City,3.85
2020-12-11,Cannon Hill,2.2125
2020-12-11,Hopeland,6.858333333333330
2020-12-11,Lytton,1.5833333333333300
2020-12-11,Miles Airport,9.254166666666670
2020-12-11,Mount Coot-tha,3.2291666666666700
2020-12-11,Rocklea,2.591666666666670
2020-12-11,South Brisbane,3.9250000000000000
2020-12-11,South Gladstone,7.8375000000000000
2020-12-11,Southport,1.6416666666666700
2020-12-11,Springwood,3.025
2020-12-11,Tara Region,11.325000000000000
2020-12-11,Woolloongabba,3.783333333333330
2020-12-11,Wynnum North,2.536363636363640
2020-12-11,Wynnum West,1.1416666666666700
2020-12-12,Brisbane City,3.0541666666666700
2020-12-12,Cannon Hill,-0.07500000000000000
2020-12-12,Hopeland,0.7833333333333330
2020-12-12,Lytton,2.183333333333330
2020-12-12,Miles Airport,1.0333333333333300
2020-12-12,Rocklea,1.7
2020-12-12,South Brisbane,3.845833333333330
2020-12-12,South Gladstone,5.704166666666670
2020-12-12,Southport,0.28333333333333300
2020-12-12,Springwood,1.9208333333333300
2020-12-12,Tara Region,0.9625
2020-12-12,Woolloongabba,2.8166666666666700
2020-12-12,Wynnum North,1.0916666666666700
2020-12-12,Wynnum West,0.5583333333333330
2022-01-01,Brisbane City,5.916666666666670
2022-01-01,Cannon Hill,6.091666666666670
2022-01-01,Deagon,4.375
2022-01-01,Deception Bay,6.483333333333330
2022-01-01,Flinders View,4.845833333333330
2022-01-01,Hopeland,2.0833333333333300
2022-01-01,Lytton,2.3857142857142900
2022-01-01,Miles Airport,2.5208333333333300
2022-01-01,Mountain Creek,9.0375
2022-01-01,Mutdapilly,3.641666666666670
2022-01-01,North Maclean,3.9791666666666700
2022-01-01,Rangeville,3.358333333333330
2022-01-01,Rocklea,2.4625
2022-01-01,South Brisbane,5.845833333333330
2022-01-01,South Gladstone,3.9250000000000000
2022-01-01,Southport,3.5875
2022-01-01,Springwood,2.841666666666670
2022-01-01,Toowoomba,4.154166666666670
2022-01-01,Woolloongabba,5.4625000000000000
2022-01-01,Wynnum North,1.6875
2022-01-01,Wynnum West,0.8000000000000000
2022-01-02,Brisbane City,6.766666666666670
2022-01-02,Cannon Hill,6.8625
2022-01-02,Deagon,4.858333333333330
2022-01-02,Deception Bay,7.054166666666670
2022-01-02,Flinders View,5.766666666666670
2022-01-02,Hopeland,4.7625
2022-01-02,Lytton,2.935714285714290
2022-01-02,Miles Airport,3.920833333333330
2022-01-02,Mountain Creek,6.5625
2022-01-02,Mutdapilly,5.716666666666670
2022-01-02,North Maclean,4.2875000000000000
2022-01-02,Rangeville,4.3
2022-01-02,Rocklea,7.204166666666670
2022-01-02,South Brisbane,6.254166666666670
2022-01-02,South Gladstone,3.3125
2022-01-02,Southport,6.3500000000000000
2022-01-02,Springwood,7.7625
2022-01-02,Toowoomba,6.425
2022-01-02,Woolloongabba,6.745833333333330
2022-01-02,Wynnum North,3.9333333333333300
2022-01-02,Wynnum West,3.091666666666670
2022-01-03,Cannon Hill,2.954166666666670
2022-01-03,Deagon,2.8958333333333300
2022-01-03,Deception Bay,3.3666666666666700
2022-01-03,Flinders View,1.8125
2022-01-03,Hopeland,0.5625
2022-01-03,Lytton,3.9
2022-01-03,Miles Airport,1.2583333333333300
2022-01-03,Mountain Creek,4.658333333333330
2022-01-03,Mutdapilly,1.5958333333333300
2022-01-03,North Maclean,1.55
2022-01-03,Rangeville,2.625
2022-01-03,South Brisbane,3.0375
2022-01-03,South Gladstone,7.991666666666670
2022-01-03,Southport,2.3000000000000000
2022-01-03,Springwood,3.8791666666666700
2022-01-03,Toowoomba,2.0142857142857100
2022-01-03,Woolloongabba,2.983333333333330
2022-01-03,Wynnum North,0.9708333333333330
2022-01-03,Wynnum West,0.44583333333333300
2022-01-04,Brisbane City,5.583333333333330
2022-01-04,Cannon Hill,5.7875000000000000
2022-01-04,Deagon,5.175
2022-01-04,Deception Bay,5.3875
2022-01-04,Flinders View,5.020833333333330
2022-01-04,Hopeland,2.1416666666666700
2022-01-04,Lytton,1.1833333333333300
2022-01-04,Miles Airport,2.3333333333333300
2022-01-04,Mountain Creek,5.116666666666670
2022-01-04,Mutdapilly,4.6125
2022-01-04,North Maclean,5.329166666666670
2022-01-04,Rangeville,2.6750000000000000
2022-01-04,South Brisbane,5.8125
2022-01-04,South Gladstone,4.808333333333330
2022-01-04,Southport,6.070833333333330
2022-01-04,Springwood,4.4875
2022-01-04,Toowoomba,4.383333333333330
2022-01-04,Woolloongabba,5.966666666666670
2022-01-04,Wynnum North,1.065217391304350
2022-01-04,Wynnum West,5.67
2022-01-05,Brisbane City,5.55
2022-01-05,Cannon Hill,6.083333333333330
2022-01-05,Deagon,4.4000000000000000
2022-01-05,Deception Bay,4.4125000000000000
2022-01-05,Flinders View,4.954166666666670
2022-01-05,Hopeland,1.3833333333333300
2022-01-05,Lytton,3.9791666666666700
2022-01-05,Miles Airport,3.6041666666666700
2022-01-05,Mountain Creek,4.2625
2022-01-05,Mutdapilly,3.3208333333333300
2022-01-05,North Maclean,3.704166666666670
2022-01-05,Rangeville,3.2
2022-01-05,South Brisbane,6.045833333333330
2022-01-05,South Gladstone,4.7250000000000000
2022-01-05,Southport,1.4458333333333300
2022-01-05,Toowoomba,5.304166666666670
2022-01-05,Woolloongabba,5.666666666666670
2022-01-05,Wynnum North,3.1166666666666700
2022-01-05,Wynnum West,2.1083333333333300
2022-01-06,Brisbane City,3.483333333333330
2022-01-06,Cannon Hill,3.5541666666666700
2022-01-06,Deagon,3.2416666666666700
2022-01-06,Deception Bay,3.6208333333333300
2022-01-06,Flinders View,3.4416666666666700
2022-01-06,Hopeland,2.0708333333333300
2022-01-06,Lytton,2.1375000000000000
2022-01-06,Miles Airport,2.095833333333330
2022-01-06,Mountain Creek,3.1666666666666700
2022-01-06,Mutdapilly,3.775
2022-01-06,North Maclean,3.1458333333333300
2022-01-06,Rangeville,2.0357142857142900
2022-01-06,South Brisbane,3.9375
2022-01-06,South Gladstone,6.2625
2022-01-06,Southport,2.8000000000000000
2022-01-06,Springwood,2.629166666666670
2022-01-06,Toowoomba,3.9250000000000000
2022-01-06,Woolloongabba,4.066666666666670
2022-01-06,Wynnum North,2.2916666666666700
2022-01-06,Wynnum West,2.6750000000000000
2022-01-07,Brisbane City,6.883333333333330
2022-01-07,Cannon Hill,6.308333333333330
2022-01-07,Deagon,5.95
2022-01-07,Deception Bay,5.366666666666670
2022-01-07,Flinders View,6.166666666666670
2022-01-07,Hopeland,3.4
2022-01-07,Lytton,3.2125
2022-01-07,Miles Airport,3.1208333333333300
2022-01-07,Mountain Creek,4.283333333333330
2022-01-07,Mutdapilly,5.2250000000000000
2022-01-07,North Maclean,6.7750000000000000
2022-01-07,Rangeville,2.1
2022-01-07,Rocklea,7.041666666666670
2022-01-07,South Brisbane,8.825000000000000
2022-01-07,South Gladstone,1.4300000000000000
2022-01-07,Southport,5.508333333333330
2022-01-07,Springwood,7.3500000000000000
2022-01-07,Toowoomba,5.2750000000000000
2022-01-07,Woolloongabba,7.220833333333330
2022-01-07,Wynnum North,2.220833333333330
2022-01-07,Wynnum West,2.558333333333330
2022-01-08,Brisbane City,7.454166666666670
2022-01-08,Cannon Hill,8.633333333333330
2022-01-08,Deagon,5.833333333333330
2022-01-08,Deception Bay,5.191666666666670
2022-01-08,Flinders View,6.645833333333330
2022-01-08,Hopeland,2.6750000000000000
2022-01-08,Lytton,5.108333333333330
2022-01-08,Miles Airport,2.4458333333333300
2022-01-08,Mountain Creek,5.233333333333330
2022-01-08,Mutdapilly,4.395833333333330
2022-01-08,North Maclean,6.0875000000000000
2022-01-08,Rangeville,3.65
2022-01-08,Rocklea,5.954166666666670
2022-01-08,South Brisbane,8.991666666666670
2022-01-08,South Gladstone,2.6833333333333300
2022-01-08,Southport,2.970833333333330
2022-01-08,Springwood,6.3625
2022-01-08,Toowoomba,5.7318181818181800
2022-01-08,Woolloongabba,9.4
2022-01-08,Wynnum North,3.5625
2022-01-08,Wynnum West,3.358333333333330
2022-01-09,Brisbane City,6.7625
2022-01-09,Cannon Hill,7.3125
2022-01-09,Deagon,6.395833333333330
2022-01-09,Deception Bay,6.933333333333330
2022-01-09,Flinders View,6.6625000000000000
2022-01-09,Hopeland,7.916666666666670
2022-01-09,Lytton,4.158333333333330
2022-01-09,Miles Airport,7.083333333333330
2022-01-09,Mountain Creek,6.795833333333330
2022-01-09,Mutdapilly,6.133333333333330
2022-01-09,North Maclean,5.0125
2022-01-09,Rangeville,3.0750000000000000
2022-01-09,Rocklea,6.658333333333330
2022-01-09,South Brisbane,8.216666666666670
2022-01-09,South Gladstone,1.065217391304350
2022-01-09,Southport,4.883333333333330
2022-01-09,Springwood,5.308333333333330
2022-01-09,Toowoomba,8.575000000000000
2022-01-09,Woolloongabba,7.804166666666670
2022-01-09,Wynnum North,2.4833333333333300
2022-01-09,Wynnum West,3.1916666666666700
2022-01-10,Brisbane City,3.2000000000000000
2022-01-10,Cannon Hill,2.858333333333330
2022-01-10,Deagon,3.0583333333333300
2022-01-10,Deception Bay,3.3791666666666700
2022-01-10,Flinders View,2.1041666666666700
2022-01-10,Hopeland,5.379166666666670
2022-01-10,Lytton,2.4125
2022-01-10,Miles Airport,5.241666666666670
2022-01-10,Mountain Creek,4.2875000000000000
2022-01-10,Mutdapilly,2.4500000000000000
2022-01-10,North Maclean,2.029166666666670
2022-01-10,Rangeville,2.2333333333333300
2022-01-10,Rocklea,3.8375
2022-01-10,South Brisbane,3.7875000000000000
2022-01-10,South Gladstone,4.883333333333330
2022-01-10,Southport,0.6666666666666670
2022-01-10,Springwood,2.321739130434780
2022-01-10,Toowoomba,2.1666666666666700
2022-01-10,Woolloongabba,3.6208333333333300
2022-01-10,Wynnum North,0.6875
2022-01-10,Wynnum West,-0.075
2022-01-11,Brisbane City,4.708333333333330
2022-01-11,Cannon Hill,4.529166666666670
2022-01-11,Deagon,4.2250000000000000
2022-01-11,Deception Bay,4.633333333333330
2022-01-11,Flinders View,4.2750000000000000
2022-01-11,Hopeland,3.025
2022-01-11,Lytton,2.795833333333330
2022-01-11,Miles Airport,2.6333333333333300
2022-01-11,Mountain Creek,4.8125
2022-01-11,Mutdapilly,3.9416666666666700
2022-01-11,Nambour,3.7916666666666700
2022-01-11,North Maclean,3.8875000000000000
2022-01-11,Rangeville,2.3875000000000000
2022-01-11,Rocklea,5.320833333333330
2022-01-11,South Brisbane,4.970833333333330
2022-01-11,South Gladstone,6.266666666666670
2022-01-11,Southport,1.6125
2022-01-11,Springwood,4.104166666666670
2022-01-11,Toowoomba,4.056521739130430
2022-01-11,Woolloongabba,4.295833333333330
2022-01-11,Wynnum North,3.9500000000000000
2022-01-11,Wynnum West,1.8941176470588200
2022-01-12,Brisbane City,2.766666666666670
2022-01-12,Cannon Hill,2.6916666666666700
2022-01-12,Deagon,2.6125000000000000
2022-01-12,Deception Bay,2.4583333333333300
2022-01-12,Flinders View,2.2416666666666700
2022-01-12,Lytton,0.5375
2022-01-12,Miles Airport,1.7166666666666700
2022-01-12,Mountain Creek,2.4625
2022-01-12,Mutdapilly,1.9875
2022-01-12,Nambour,1.5416666666666700
2022-01-12,North Maclean,1.7125000000000000
2022-01-12,Rangeville,2.0416666666666700
2022-01-12,Rocklea,4.966666666666670
2022-01-12,South Brisbane,3.7291666666666700
2022-01-12,South Gladstone,1.825
2022-01-12,Springwood,3.335
2022-01-12,Toowoomba,1.9208333333333300
2022-01-12,Woolloongabba,3.025
2022-01-12,Wynnum North,0.025000000000000000
2022-01-12,Wynnum West,-0.20833333333333300
2022-02-01,Brisbane City,5.070833333333330
2022-02-01,Cannon Hill,5.654166666666670
2022-02-01,Deagon,4.204166666666670
2022-02-01,Deception Bay,5.870833333333330
2022-02-01,Flinders View,4.483333333333330
2022-02-01,Hopeland,1.9166666666666700
2022-02-01,Lytton,3.447058823529410
2022-02-01,Miles Airport,2.066666666666670
2022-02-01,Mountain Creek,6.6375
2022-02-01,Mutdapilly,4.5125
2022-02-01,North Maclean,3.970833333333330
2022-02-01,Rangeville,3.483333333333330
2022-02-01,Rocklea,2.5708333333333300
2022-02-01,South Brisbane,4.904166666666670
2022-02-01,South Gladstone,4.783333333333330
2022-02-01,Southport,3.379166666666670
2022-02-01,Springwood,3.3375000000000000
2022-02-01,Toowoomba,3.475
2022-02-01,Woolloongabba,4.9750000000000000
2022-02-01,Wynnum North,1.4166666666666700
2022-02-01,Wynnum West,0.717391304347826
2022-02-02,Brisbane City,6.608333333333330
2022-02-02,Cannon Hill,6.470833333333330
2022-02-02,Deagon,4.733333333333330
2022-02-02,Deception Bay,6.229166666666670
2022-02-02,Flinders View,5.079166666666670
2022-02-02,Hopeland,4.369565217391310
2022-02-02,Lytton,4.557894736842110
2022-02-02,Miles Airport,3.4045454545454500
2022-02-02,Mountain Creek,5.295833333333330
2022-02-02,Mutdapilly,4.816666666666670
2022-02-02,North Maclean,4.245833333333330
2022-02-02,Rangeville,3.6125000000000000
2022-02-02,Rocklea,8.741666666666670
2022-02-02,South Brisbane,5.4750000000000000
2022-02-02,South Gladstone,3.5833333333333300
2022-02-02,Southport,5.8125
2022-02-02,Springwood,7.920833333333330
2022-02-02,Toowoomba,5.829166666666670
2022-02-02,Woolloongabba,6.566666666666670
2022-02-02,Wynnum North,3.8791666666666700
2022-02-02,Wynnum West,3.35
2022-02-03,Cannon Hill,5.4625000000000000
2022-02-03,Deagon,4.520833333333330
2022-02-03,Deception Bay,4.941666666666670
2022-02-03,Flinders View,4.416666666666670
2022-02-03,Hopeland,3.9826086956521700
2022-02-03,Lytton,7.655555555555560
2022-02-03,Miles Airport,2.975
2022-02-03,Mountain Creek,4.995833333333330
2022-02-03,Mutdapilly,3.129411764705880
2022-02-03,North Maclean,3.625
2022-02-03,Rangeville,2.9291666666666700
2022-02-03,South Brisbane,5.454166666666670
2022-02-03,South Gladstone,7.1375
2022-02-03,Southport,3.4250000000000000
2022-02-03,Springwood,5.441666666666670
2022-02-03,Toowoomba,4.604166666666670
2022-02-03,Woolloongabba,5.45
2022-02-03,Wynnum North,3.279166666666670
2022-02-03,Wynnum West,2.575
2022-02-04,Brisbane City,5.654166666666670
2022-02-04,Cannon Hill,5.429166666666670
2022-02-04,Deagon,4.925
2022-02-04,Deception Bay,5.483333333333330
2022-02-04,Flinders View,5.316666666666670
2022-02-04,Hopeland,3.6291666666666700
2022-02-04,Lytton,2.6541666666666700
2022-02-04,Miles Airport,3.6916666666666700
2022-02-04,Mountain Creek,5.141666666666670
2022-02-04,Mutdapilly,4.795833333333330
2022-02-04,North Maclean,5.304166666666670
2022-02-04,Rangeville,3.579166666666670
2022-02-04,South Brisbane,5.666666666666670
2022-02-04,South Gladstone,4.491666666666670
2022-02-04,Southport,5.9000000000000000
2022-02-04,Springwood,5.595833333333330
2022-02-04,Toowoomba,6.508333333333330
2022-02-04,Woolloongabba,5.7375
2022-02-04,Wynnum North,1.5958333333333300
2022-02-04,Wynnum West,4.888888888888890
2022-02-05,Brisbane City,5.654166666666670
2022-02-05,Cannon Hill,5.604166666666670
2022-02-05,Deagon,5.2250000000000000
2022-02-05,Deception Bay,5.7
2022-02-05,Flinders View,5.433333333333330
2022-02-05,Hopeland,3.2583333333333300
2022-02-05,Lytton,3.0583333333333300
2022-02-05,Miles Airport,3.2541666666666700
2022-02-05,Mountain Creek,5.804166666666670
2022-02-05,Mutdapilly,4.491666666666670
2022-02-05,North Maclean,4.941666666666670
2022-02-05,Rangeville,3.2357142857142900
2022-02-05,South Brisbane,5.941666666666670
2022-02-05,South Gladstone,4.05
2022-02-05,Southport,3.375
2022-02-05,Toowoomba,4.854166666666670
2022-02-05,Woolloongabba,5.516666666666670
2022-02-05,Wynnum North,1.4958333333333300
2022-02-05,Wynnum West,1.0434782608695700
2022-02-06,Brisbane City,4.616666666666670
2022-02-06,Cannon Hill,7.05
2022-02-06,Deagon,4.5625
2022-02-06,Deception Bay,4.366666666666670
2022-02-06,Flinders View,5.1125
2022-02-06,Hopeland,1.3333333333333300
2022-02-06,Lytton,4.245833333333330
2022-02-06,Miles Airport,2.970833333333330
2022-02-06,Mountain Creek,3.908333333333330
2022-02-06,Mutdapilly,3.4416666666666700
2022-02-06,North Maclean,5.375
2022-02-06,Rangeville,3.2086956521739100
2022-02-06,South Brisbane,5.654166666666670
2022-02-06,South Gladstone,10.758333333333300
2022-02-06,Southport,3.6166666666666700
2022-02-06,Springwood,3.6
2022-02-06,Toowoomba,4.891666666666670
2022-02-06,Woolloongabba,5.983333333333330
2022-02-06,Wynnum North,2.3583333333333300
2022-02-06,Wynnum West,3.920833333333330
2022-02-07,Brisbane City,3.795833333333330
2022-02-07,Cannon Hill,4.229166666666670
2022-02-07,Deagon,3.4916666666666700
2022-02-07,Deception Bay,4.520833333333330
2022-02-07,Flinders View,3.9416666666666700
2022-02-07,Hopeland,2.733333333333330
2022-02-07,Lytton,2.0083333333333300
2022-02-07,Miles Airport,2.704166666666670
2022-02-07,Mountain Creek,2.6125000000000000
2022-02-07,Mutdapilly,1.5291666666666700
2022-02-07,North Maclean,3.6166666666666700
2022-02-07,Rocklea,3.4
2022-02-07,South Brisbane,5.3625
2022-02-07,South Gladstone,1.9565217391304300
2022-02-07,Southport,3.9458333333333300
2022-02-07,Springwood,4.425
2022-02-07,Toowoomba,4.445833333333330
2022-02-07,Woolloongabba,4.233333333333330
2022-02-07,Wynnum North,1.2208333333333300
2022-02-07,Wynnum West,1.3583333333333300
2022-02-08,Brisbane City,6.2875000000000000
2022-02-08,Cannon Hill,7.3125
2022-02-08,Deagon,7.183333333333330
2022-02-08,Deception Bay,9.783333333333330
2022-02-08,Flinders View,6.25
2022-02-08,Hopeland,1.5333333333333300
2022-02-08,Lytton,5.557142857142860
2022-02-08,Miles Airport,1.6583333333333300
2022-02-08,Mountain Creek,6.970833333333330
2022-02-08,Mutdapilly,3.408333333333330
2022-02-08,North Maclean,5.483333333333330
2022-02-08,Rangeville,3.470833333333330
2022-02-08,Rocklea,7.370833333333330
2022-02-08,South Brisbane,7.516666666666670
2022-02-08,South Gladstone,3.608333333333330
2022-02-08,Southport,4.616666666666670
2022-02-08,Springwood,5.545833333333330
2022-02-08,Toowoomba,7.745833333333330
2022-02-08,Woolloongabba,8.020833333333330
2022-02-08,Wynnum North,3.7708333333333300
2022-02-08,Wynnum West,3.658333333333330
2022-02-09,Brisbane City,8.658333333333330
2022-02-09,Cannon Hill,8.508333333333330
2022-02-09,Deagon,6.416666666666670
2022-02-09,Deception Bay,6.166666666666670
2022-02-09,Flinders View,7.333333333333330
2022-02-09,Hopeland,6.1375
2022-02-09,Lytton,4.370833333333330
2022-02-09,Miles Airport,6.6695652173913000
2022-02-09,Mountain Creek,5.05
2022-02-09,Mutdapilly,7.008333333333330
2022-02-09,North Maclean,7.2750000000000000
2022-02-09,Rangeville,2.038888888888890
2022-02-09,Rocklea,8.112500000000000
2022-02-09,South Brisbane,10.095833333333300
2022-02-09,South Gladstone,3.9875000000000000
2022-02-09,Southport,3.1375000000000000
2022-02-09,Springwood,5.254166666666670
2022-02-09,Toowoomba,6.854166666666670
2022-02-09,Woolloongabba,8.704166666666670
2022-02-09,Wynnum North,1.9625000000000000
2022-02-09,Wynnum West,2.4791666666666700
2022-02-10,Brisbane City,3.283333333333330
2022-02-10,Cannon Hill,3.3041666666666700
2022-02-10,Deagon,2.920833333333330
2022-02-10,Deception Bay,2.8375
2022-02-10,Flinders View,3.9916666666666700
2022-02-10,Hopeland,1.9083333333333300
2022-02-10,Lytton,1.575
2022-02-10,Miles Airport,2.6772727272727300
2022-02-10,Mountain Creek,3.3250000000000000
2022-02-10,Mutdapilly,2.4500000000000000
2022-02-10,North Maclean,2.6125000000000000
2022-02-10,Rangeville,2.0
2022-02-10,Rocklea,2.972727272727270
2022-02-10,South Brisbane,3.783333333333330
2022-02-10,South Gladstone,4.2875000000000000
2022-02-10,Southport,0.8045454545454550
2022-02-10,Springwood,2.9956521739130400
2022-02-10,Toowoomba,2.1333333333333300
2022-02-10,Woolloongabba,3.408333333333330
2022-02-10,Wynnum North,0.6458333333333330
2022-02-10,Wynnum West,0.4652173913043480
2022-02-11,Brisbane City,2.4041666666666700
2022-02-11,Cannon Hill,2.1625
2022-02-11,Deagon,1.9583333333333300
2022-02-11,Deception Bay,2.558333333333330
2022-02-11,Flinders View,1.9541666666666700
2022-02-11,Hopeland,1.2458333333333300
2022-02-11,Lytton,1.2958333333333300
2022-02-11,Miles Airport,1.4750000000000000
2022-02-11,Mountain Creek,2.4125
2022-02-11,Mutdapilly,2.8375
2022-02-11,Nambour,2.0125000000000000
2022-02-11,North Maclean,2.033333333333330
2022-02-11,Rangeville,2.0750000000000000
2022-02-11,Rocklea,0.7565217391304350
2022-02-11,South Brisbane,2.775
2022-02-11,South Gladstone,3.0869565217391300
2022-02-11,Southport,2.2958333333333300
2022-02-11,Springwood,3.260869565217390
2022-02-11,Toowoomba,2.5043478260869600
2022-02-11,Woolloongabba,4.016666666666670
2022-02-11,Wynnum North,1.6708333333333300
2022-02-11,Wynnum West,1.4565217391304300
2022-02-12,Brisbane City,3.3000000000000000
2022-02-12,Cannon Hill,3.4826086956521700
2022-02-12,Deagon,3.3083333333333300
2022-02-12,Deception Bay,3.5
2022-02-12,Flinders View,3.2291666666666700
2022-02-12,Lytton,3.358333333333330
2022-02-12,Miles Airport,1.2791666666666700
2022-02-12,Mountain Creek,5.029166666666670
2022-02-12,Mutdapilly,3.3285714285714300
2022-02-12,Nambour,3.1208333333333300
2022-02-12,North Maclean,2.8166666666666700
2022-02-12,Rangeville,2.495833333333330
2022-02-12,Rocklea,7.8125
2022-02-12,South Brisbane,3.9
2022-02-12,South Gladstone,2.847826086956520
2022-02-12,Springwood,2.534782608695650
2022-02-12,Toowoomba,3.0375
2022-02-12,Woolloongabba,3.795833333333330
2022-02-12,Wynnum North,1.1916666666666700
2022-02-12,Wynnum West,0.95
2022-03-01,Brisbane City,4.0375000000000000
2022-03-01,Cannon Hill,4.054166666666670
2022-03-01,Deagon,3.25
2022-03-01,Deception Bay,4.0250000000000000
2022-03-01,Flinders View,3.9375
2022-03-01,Hopeland,2.6833333333333300
2022-03-01,Lytton,2.341666666666670
2022-03-01,Miles Airport,3.204166666666670
2022-03-01,Mountain Creek,4.066666666666670
2022-03-01,Mutdapilly,3.7291666666666700
2022-03-01,North Maclean,3.7708333333333300
2022-03-01,Rangeville,3.341666666666670
2022-03-01,Rocklea,3.0708333333333300
2022-03-01,South Brisbane,3.9458333333333300
2022-03-01,South Gladstone,5.758333333333330
2022-03-01,Southport,1.8875
2022-03-01,Springwood,3.3000000000000000
2022-03-01,Toowoomba,3.5541666666666700
2022-03-01,Woolloongabba,4.579166666666670
2022-03-01,Wynnum North,1.0083333333333300
2022-03-01,Wynnum West,0.28750000000000000
2022-03-02,Brisbane City,3.7125
2022-03-02,Cannon Hill,3.329166666666670
2022-03-02,Deagon,2.220833333333330
2022-03-02,Deception Bay,3.2541666666666700
2022-03-02,Flinders View,2.8833333333333300
2022-03-02,Hopeland,1.9458333333333300
2022-03-02,Lytton,1.9916666666666700
2022-03-02,Miles Airport,1.429166666666670
2022-03-02,Mountain Creek,3.6041666666666700
2022-03-02,Mutdapilly,2.370833333333330
2022-03-02,North Maclean,2.2333333333333300
2022-03-02,Rangeville,2.4
2022-03-02,Rocklea,5.6000000000000000
2022-03-02,South Brisbane,4.133333333333330
2022-03-02,South Gladstone,2.763157894736840
2022-03-02,Southport,3.9875000000000000
2022-03-02,Springwood,6.585714285714290
2022-03-02,Toowoomba,2.5625
2022-03-02,Woolloongabba,3.875
2022-03-02,Wynnum North,1.0666666666666700
2022-03-02,Wynnum West,0.7875
2022-03-03,Cannon Hill,6.054166666666670
2022-03-03,Deagon,5.5250000000000000
2022-03-03,Deception Bay,6.0625
2022-03-03,Flinders View,4.408333333333330
2022-03-03,Hopeland,6.2
2022-03-03,Miles Airport,5.175
2022-03-03,Mountain Creek,7.7125000000000000
2022-03-03,Mutdapilly,4.3
2022-03-03,North Maclean,4.4714285714285700
2022-03-03,Rangeville,2.0416666666666700
2022-03-03,South Brisbane,6.033333333333330
2022-03-03,South Gladstone,7.147826086956520
2022-03-03,Southport,3.8541666666666700
2022-03-03,Springwood,4.545454545454550
2022-03-03,Toowoomba,2.266666666666670
2022-03-03,Woolloongabba,6.020833333333330
2022-03-03,Wynnum North,1.4083333333333300
2022-03-03,Wynnum West,0.41666666666666700
2022-03-04,Brisbane City,5.933333333333330
2022-03-04,Cannon Hill,5.791666666666670
2022-03-04,Deagon,5.195833333333330
2022-03-04,Deception Bay,5.8500000000000000
2022-03-04,Flinders View,5.216666666666670
2022-03-04,Hopeland,3.591666666666670
2022-03-04,Lytton,2.6750000000000000
2022-03-04,Miles Airport,3.733333333333330
2022-03-04,Mountain Creek,5.020833333333330
2022-03-04,Mutdapilly,4.908333333333330
2022-03-04,North Maclean,5.208333333333330
2022-03-04,Rangeville,3.3541666666666700
2022-03-04,South Brisbane,5.8125
2022-03-04,South Gladstone,4.945833333333330
2022-03-04,Southport,4.1125
2022-03-04,Springwood,6.533333333333330
2022-03-04,Toowoomba,5.0625
2022-03-04,Woolloongabba,6.0875000000000000
2022-03-04,Wynnum North,2.2666666666666700
2022-03-04,Wynnum West,4.225
2022-03-05,Brisbane City,4.2875000000000000
2022-03-05,Cannon Hill,4.5250000000000000
2022-03-05,Deagon,3.9869565217391300
2022-03-05,Deception Bay,4.1875
2022-03-05,Flinders View,2.983333333333330
2022-03-05,Hopeland,2.908333333333330
2022-03-05,Lytton,2.9333333333333300
2022-03-05,Miles Airport,5.070833333333330
2022-03-05,Mountain Creek,4.483333333333330
2022-03-05,Mutdapilly,2.716666666666670
2022-03-05,North Maclean,3.5
2022-03-05,Rangeville,2.891666666666670
2022-03-05,South Brisbane,4.791666666666670
2022-03-05,South Gladstone,4.2625
2022-03-05,Southport,3.1625
2022-03-05,Toowoomba,3.2708333333333300
2022-03-05,Woolloongabba,5.041666666666670
2022-03-05,Wynnum North,1.6625000000000000
2022-03-05,Wynnum West,2.3260869565217400
2022-03-06,Brisbane City,5.5875000000000000
2022-03-06,Cannon Hill,6.317391304347830
2022-03-06,Deagon,5.095833333333330
2022-03-06,Deception Bay,4.816666666666670
2022-03-06,Flinders View,6.345833333333330
2022-03-06,Hopeland,2.091666666666670
2022-03-06,Lytton,5.658333333333330
2022-03-06,Miles Airport,2.408333333333330
2022-03-06,Mountain Creek,4.345833333333330
2022-03-06,Mutdapilly,4.508333333333330
2022-03-06,North Maclean,5.558333333333330
2022-03-06,Rangeville,3.1291666666666700
2022-03-06,South Brisbane,6.658333333333330
2022-03-06,South Gladstone,10.387500000000000
2022-03-06,Southport,3.7458333333333300
2022-03-06,Springwood,5.054166666666670
2022-03-06,Toowoomba,6.504166666666670
2022-03-06,Woolloongabba,7.291666666666670
2022-03-06,Wynnum North,3.1666666666666700
2022-03-06,Wynnum West,3.9916666666666700
2022-03-07,Brisbane City,4.5875000000000000
2022-03-07,Cannon Hill,6.816666666666670
2022-03-07,Deagon,4.258333333333330
2022-03-07,Deception Bay,5.05
2022-03-07,Flinders View,6.291666666666670
2022-03-07,Hopeland,3.2083333333333300
2022-03-07,Lytton,1.7833333333333300
2022-03-07,Miles Airport,2.6958333333333300
2022-03-07,Mountain Creek,5.670833333333330
2022-03-07,Mutdapilly,3.6666666666666700
2022-03-07,North Maclean,5.8
2022-03-07,Rangeville,2.146666666666670
2022-03-07,Rocklea,3.266666666666670
2022-03-07,South Brisbane,5.625
2022-03-07,South Gladstone,2.595652173913040
2022-03-07,Southport,4.508695652173910
2022-03-07,Springwood,5.483333333333330
2022-03-07,Toowoomba,5.183333333333330
2022-03-07,Woolloongabba,4.7875000000000000
2022-03-07,Wynnum North,1.5958333333333300
2022-03-07,Wynnum West,1.4541666666666700
2022-03-08,Brisbane City,8.5625
2022-03-08,Cannon Hill,8.629166666666670
2022-03-08,Deagon,8.5375
2022-03-08,Deception Bay,10.383333333333300
2022-03-08,Flinders View,7.6125
2022-03-08,Hopeland,3.6750000000000000
2022-03-08,Lytton,7.047058823529410
2022-03-08,Miles Airport,4.654166666666670
2022-03-08,Mountain Creek,6.891666666666670
2022-03-08,Mutdapilly,6.2125000000000000
2022-03-08,North Maclean,6.875
2022-03-08,Rangeville,5.079166666666670
2022-03-08,Rocklea,8.700000000000000
2022-03-08,South Brisbane,9.266666666666670
2022-03-08,South Gladstone,2.370833333333330
2022-03-08,Southport,7.608333333333330
2022-03-08,Springwood,6.595833333333330
2022-03-08,Toowoomba,12.320833333333300
2022-03-08,Woolloongabba,9.172727272727270
2022-03-08,Wynnum North,5.175
2022-03-08,Wynnum West,6.871428571428570
2022-03-09,Brisbane City,4.125
2022-03-09,Cannon Hill,2.1958333333333300
2022-03-09,Deagon,2.1666666666666700
2022-03-09,Deception Bay,2.775
2022-03-09,Flinders View,1.8791666666666700
2022-03-09,Hopeland,1.5291666666666700
2022-03-09,Lytton,0.9125
2022-03-09,Miles Airport,1.5791666666666700
2022-03-09,Mountain Creek,2.8208333333333300
2022-03-09,Mutdapilly,1.8291666666666700
2022-03-09,North Maclean,1.6833333333333300
2022-03-09,Rangeville,2.022222222222220
2022-03-09,Rocklea,3.9111111111111100
2022-03-09,South Brisbane,3.220833333333330
2022-03-09,South Gladstone,2.139130434782610
2022-03-09,Southport,2.5625
2022-03-09,Springwood,4.839130434782610
2022-03-09,Toowoomba,1.8958333333333300
2022-03-09,Woolloongabba,2.0375
2022-03-09,Wynnum North,-0.42083333333333300
2022-03-09,Wynnum West,-0.11739130434782600
2022-03-10,Brisbane City,3.891666666666670
2022-03-10,Cannon Hill,4.545833333333330
2022-03-10,Deagon,3.6375000000000000
2022-03-10,Deception Bay,3.595833333333330
2022-03-10,Flinders View,3.1958333333333300
2022-03-10,Hopeland,2.1458333333333300
2022-03-10,Lytton,1.7166666666666700
2022-03-10,Miles Airport,2.625
2022-03-10,Mountain Creek,4.091666666666670
2022-03-10,Mutdapilly,3.266666666666670
2022-03-10,North Maclean,3.0
2022-03-10,Rangeville,2.4875000000000000
2022-03-10,Rocklea,3.860869565217390
2022-03-10,South Brisbane,4.358333333333330
2022-03-10,South Gladstone,2.0217391304347800
2022-03-10,Southport,0.16666666666666700
2022-03-10,Springwood,3.245833333333330
2022-03-10,Toowoomba,3.3333333333333300
2022-03-10,Woolloongabba,4.4875
2022-03-10,Wynnum North,1.2583333333333300
2022-03-10,Wynnum West,1.175
2022-03-11,Brisbane City,3.233333333333330
2022-03-11,Cannon Hill,3.4875000000000000
2022-03-11,Deagon,3.1125000000000000
2022-03-11,Deception Bay,3.275
2022-03-11,Flinders View,3.220833333333330
2022-03-11,Hopeland,1.675
2022-03-11,Lytton,3.658333333333330
2022-03-11,Miles Airport,1.675
2022-03-11,Mountain Creek,3.091666666666670
2022-03-11,Mutdapilly,3.483333333333330
2022-03-11,Nambour,2.4833333333333300
2022-03-11,North Maclean,3.4166666666666700
2022-03-11,Rangeville,2.225
2022-03-11,Rocklea,1.7041666666666700
2022-03-11,South Brisbane,3.841666666666670
2022-03-11,South Gladstone,1.5565217391304300
2022-03-11,Southport,1.7227272727272700
2022-03-11,Springwood,4.2125000000000000
2022-03-11,Toowoomba,3.345833333333330
2022-03-11,Woolloongabba,4.045833333333330
2022-03-11,Wynnum North,2.1708333333333300
2022-03-11,Wynnum West,2.466666666666670
2022-03-12,Brisbane City,6.083333333333330
2022-03-12,Cannon Hill,6.379166666666670
2022-03-12,Deagon,6.104166666666670
2022-03-12,Deception Bay,6.745833333333330
2022-03-12,Flinders View,4.845833333333330
2022-03-12,Lytton,3.9875000000000000
2022-03-12,Miles Airport,2.379166666666670
2022-03-12,Mountain Creek,8.0375
2022-03-12,Mutdapilly,5.004166666666670
2022-03-12,Nambour,6.820833333333330
2022-03-12,North Maclean,4.770833333333330
2022-03-12,Rangeville,3.6875
2022-03-12,Rocklea,8.741666666666670
2022-03-12,South Brisbane,6.375
2022-03-12,South Gladstone,4.1
2022-03-12,Springwood,4.454166666666670
2022-03-12,Toowoomba,4.854166666666670
2022-03-12,Woolloongabba,6.229166666666670
2022-03-12,Wynnum North,2.6833333333333300
2022-03-12,Wynnum West,2.7291666666666700
2022-04-01,Brisbane City,2.5166666666666700
2022-04-01,Cannon Hill,2.5458333333333300
2022-04-01,Deagon,1.9333333333333300
2022-04-01,Deception Bay,2.441666666666670
2022-04-01,Flinders View,2.2333333333333300
2022-04-01,Hopeland,1.1875
2022-04-01,Lytton,2.220833333333330
2022-04-01,Miles Airport,1.741666666666670
2022-04-01,Mountain Creek,3.3041666666666700
2022-04-01,Mutdapilly,2.720833333333330
2022-04-01,North Maclean,2.0625
2022-04-01,Rangeville,2.404166666666670
2022-04-01,Rocklea,1.0416666666666700
2022-04-01,South Brisbane,2.5416666666666700
2022-04-01,South Gladstone,8.454166666666670
2022-04-01,Southport,1.7875000000000000
2022-04-01,Springwood,2.6625
2022-04-01,Toowoomba,1.7958333333333300
2022-04-01,Woolloongabba,3.204166666666670
2022-04-01,Wynnum North,1.125
2022-04-01,Wynnum West,1.0916666666666700
2022-04-02,Brisbane City,5.1625000000000000
2022-04-02,Cannon Hill,5.691666666666670
2022-04-02,Deagon,4.191666666666670
2022-04-02,Deception Bay,5.829166666666670
2022-04-02,Flinders View,4.595833333333330
2022-04-02,Hopeland,2.0625
2022-04-02,Lytton,5.441666666666670
2022-04-02,Miles Airport,1.4666666666666700
2022-04-02,Mountain Creek,6.733333333333330
2022-04-02,Mutdapilly,4.775
2022-04-02,North Maclean,4.054166666666670
2022-04-02,Rocklea,3.275
2022-04-02,South Brisbane,7.17
2022-04-02,Southport,5.425
2022-04-02,Springwood,8.145454545454550
2022-04-02,Toowoomba,3.625
2022-04-02,Woolloongabba,5.575
2022-04-02,Wynnum North,3.888888888888890
2022-04-02,Wynnum West,0.375
2022-04-03,Cannon Hill,5.641666666666670
2022-04-03,Deagon,5.495833333333330
2022-04-03,Deception Bay,5.541666666666670
2022-04-03,Flinders View,5.5875000000000000
2022-04-03,Hopeland,2.85
2022-04-03,Miles Airport,1.9375
2022-04-03,Mountain Creek,5.9375
2022-04-03,Mutdapilly,4.580952380952380
2022-04-03,North Maclean,4.829166666666670
2022-04-03,Rangeville,3.8000000000000000
2022-04-03,South Brisbane,5.945833333333330
2022-04-03,South Gladstone,9.291666666666670
2022-04-03,Southport,4.358333333333330
2022-04-03,Springwood,5.2625
2022-04-03,Woolloongabba,5.8500000000000000
2022-04-03,Wynnum North,2.6416666666666700
2022-04-03,Wynnum West,2.2130434782608700
2022-04-04,Brisbane City,6.008333333333330
2022-04-04,Cannon Hill,5.866666666666670
2022-04-04,Deagon,5.283333333333330
2022-04-04,Deception Bay,6.4625000000000000
2022-04-04,Flinders View,5.7250000000000000
2022-04-04,Hopeland,3.0583333333333300
2022-04-04,Lytton,2.3833333333333300
2022-04-04,Miles Airport,3.341666666666670
2022-04-04,Mountain Creek,5.6125
2022-04-04,Mutdapilly,5.454166666666670
2022-04-04,North Maclean,4.620833333333330
2022-04-04,Rangeville,2.6416666666666700
2022-04-04,South Brisbane,5.929166666666670
2022-04-04,South Gladstone,4.879166666666670
2022-04-04,Southport,4.866666666666670
2022-04-04,Springwood,4.8875
2022-04-04,Toowoomba,4.329166666666670
2022-04-04,Woolloongabba,5.979166666666670
2022-04-04,Wynnum North,1.4391304347826100
2022-04-04,Wynnum West,1.8454545454545500
2022-04-05,Brisbane City,4.191666666666670
2022-04-05,Cannon Hill,4.6500000000000000
2022-04-05,Deagon,3.5208333333333300
2022-04-05,Deception Bay,3.9125
2022-04-05,Flinders View,4.2750000000000000
2022-04-05,Hopeland,3.8666666666666700
2022-04-05,Lytton,2.3583333333333300
2022-04-05,Miles Airport,4.004166666666670
2022-04-05,Mountain Creek,4.2750000000000000
2022-04-05,Mutdapilly,4.0125
2022-04-05,North Maclean,3.6750000000000000
2022-04-05,Rangeville,2.595833333333330
2022-04-05,South Brisbane,4.895833333333330
2022-04-05,South Gladstone,4.791666666666670
2022-04-05,Southport,2.4208333333333300
2022-04-05,Springwood,4.190909090909090
2022-04-05,Toowoomba,3.7875
2022-04-05,Woolloongabba,5.0375000000000000
2022-04-05,Wynnum North,1.75
2022-04-05,Wynnum West,1.3583333333333300
2022-04-06,Brisbane City,3.095833333333330
2022-04-06,Cannon Hill,2.904347826086960
2022-04-06,Deagon,3.0416666666666700
2022-04-06,Deception Bay,2.9958333333333300
2022-04-06,Flinders View,3.3041666666666700
2022-04-06,Hopeland,0.45416666666666700
2022-04-06,Lytton,1.0833333333333300
2022-04-06,Miles Airport,0.4166666666666670
2022-04-06,Mountain Creek,3.5083333333333300
2022-04-06,Mutdapilly,2.0458333333333300
2022-04-06,North Maclean,2.9958333333333300
2022-04-06,Rangeville,2.0125000000000000
2022-04-06,South Brisbane,4.104166666666670
2022-04-06,South Gladstone,7.566666666666670
2022-04-06,Southport,3.1875
2022-04-06,Springwood,3.6916666666666700
2022-04-06,Toowoomba,2.558333333333330
2022-04-06,Woolloongabba,3.108333333333330
2022-04-06,Wynnum North,1.2666666666666700
2022-04-06,Wynnum West,1.1083333333333300
2022-04-07,Brisbane City,5.541666666666670
2022-04-07,Cannon Hill,6.9875
2022-04-07,Deagon,5.621739130434780
2022-04-07,Deception Bay,6.183333333333330
2022-04-07,Flinders View,9.041666666666670
2022-04-07,Hopeland,1.5916666666666700
2022-04-07,Lytton,3.841666666666670
2022-04-07,Miles Airport,1.1416666666666700
2022-04-07,Mountain Creek,5.575
2022-04-07,Mutdapilly,5.441666666666670
2022-04-07,North Maclean,6.3500000000000000
2022-04-07,Rangeville,2.0
2022-04-07,Rocklea,4.780000000000000
2022-04-07,South Brisbane,6.970833333333330
2022-04-07,South Gladstone,1.3583333333333300
2022-04-07,Southport,3.4714285714285700
2022-04-07,Springwood,4.6875
2022-04-07,Toowoomba,8.016666666666670
2022-04-07,Woolloongabba,6.491666666666670
2022-04-07,Wynnum North,3.8041666666666700
2022-04-07,Wynnum West,4.095238095238100
2022-04-08,Brisbane City,6.695833333333330
2022-04-08,Cannon Hill,7.791666666666670
2022-04-08,Deagon,6.141666666666670
2022-04-08,Deception Bay,7.075
2022-04-08,Flinders View,7.716666666666670
2022-04-08,Hopeland,5.3625
2022-04-08,Lytton,5.754166666666670
2022-04-08,Miles Airport,5.054166666666670
2022-04-08,Mountain Creek,5.920833333333330
2022-04-08,Mutdapilly,6.741666666666670
2022-04-08,North Maclean,7.445833333333330
2022-04-08,Rangeville,3.7916666666666700
2022-04-08,Rocklea,7.3
2022-04-08,South Brisbane,7.558333333333330
2022-04-08,South Gladstone,2.4125
2022-04-08,Southport,5.070833333333330
2022-04-08,Springwood,6.329166666666670
2022-04-08,Toowoomba,10.458333333333300
2022-04-08,Woolloongabba,7.708333333333330
2022-04-08,Wynnum North,3.733333333333330
2022-04-08,Wynnum West,3.9750000000000000
2022-04-09,Brisbane City,3.341666666666670
2022-04-09,Cannon Hill,3.454166666666670
2022-04-09,Deagon,3.079166666666670
2022-04-09,Deception Bay,3.1750000000000000
2022-04-09,Flinders View,3.0625
2022-04-09,Hopeland,1.2708333333333300
2022-04-09,Lytton,2.0125
2022-04-09,Miles Airport,1.4125000000000000
2022-04-09,Mountain Creek,3.0500000000000000
2022-04-09,Mutdapilly,3.9291666666666700
2022-04-09,North Maclean,3.3833333333333300
2022-04-09,Rangeville,2.7000000000000000
2022-04-09,Rocklea,1.9476190476190500
2022-04-09,South Brisbane,3.7875
2022-04-09,South Gladstone,0.9681818181818180
2022-04-09,Southport,2.1875
2022-04-09,Springwood,3.6333333333333300
2022-04-09,Toowoomba,2.829166666666670
2022-04-09,Woolloongabba,3.3708333333333300
2022-04-09,Wynnum North,0.9708333333333330
2022-04-09,Wynnum West,1.0625
2022-04-10,Brisbane City,3.858333333333330
2022-04-10,Cannon Hill,4.066666666666670
2022-04-10,Deagon,3.170833333333330
2022-04-10,Deception Bay,3.595833333333330
2022-04-10,Flinders View,3.6625
2022-04-10,Hopeland,2.1
2022-04-10,Lytton,1.4083333333333300
2022-04-10,Miles Airport,2.8250000000000000
2022-04-10,Mountain Creek,3.529166666666670
2022-04-10,Mutdapilly,5.166666666666670
2022-04-10,North Maclean,2.6666666666666700
2022-04-10,Rangeville,2.7000000000000000
2022-04-10,Rocklea,4.1875
2022-04-10,South Brisbane,4.3875
2022-04-10,South Gladstone,3.4217391304347800
2022-04-10,Southport,0.7833333333333330
2022-04-10,Springwood,2.25
2022-04-10,Toowoomba,4.333333333333330
2022-04-10,Woolloongabba,4.541666666666670
2022-04-10,Wynnum North,0.8250000000000000
2022-04-10,Wynnum West,0.6791666666666670
2022-04-11,Brisbane City,4.4125000000000000
2022-04-11,Cannon Hill,4.545833333333330
2022-04-11,Deagon,4.2727272727272700
2022-04-11,Deception Bay,4.3
2022-04-11,Flinders View,4.491666666666670
2022-04-11,Hopeland,2.316666666666670
2022-04-11,Lytton,4.891666666666670
2022-04-11,Miles Airport,2.8541666666666700
2022-04-11,Mountain Creek,5.2375
2022-04-11,Mutdapilly,6.354166666666670
2022-04-11,Nambour,3.7583333333333300
2022-04-11,North Maclean,3.5583333333333300
2022-04-11,Rangeville,2.375
2022-04-11,Rocklea,5.369565217391310
2022-04-11,South Brisbane,4.7625
2022-04-11,South Gladstone,3.5
2022-04-11,Southport,3.35
2022-04-11,Springwood,3.7125
2022-04-11,Toowoomba,3.9791666666666700
2022-04-11,Woolloongabba,4.491666666666670
2022-04-11,Wynnum North,2.183333333333330
2022-04-11,Wynnum West,2.2583333333333300
2022-04-12,Brisbane City,3.9416666666666700
2022-04-12,Cannon Hill,4.191666666666670
2022-04-12,Deagon,4.041666666666670
2022-04-12,Deception Bay,4.458333333333330
2022-04-12,Flinders View,3.5416666666666700
2022-04-12,Lytton,2.0416666666666700
2022-04-12,Miles Airport,2.5047619047619000
2022-04-12,Mountain Creek,5.341666666666670
2022-04-12,Mutdapilly,4.191666666666670
2022-04-12,Nambour,4.720833333333330
2022-04-12,North Maclean,3.358333333333330
2022-04-12,Rangeville,3.0583333333333300
2022-04-12,Rocklea,8.345833333333330
2022-04-12,South Brisbane,4.175
2022-04-12,South Gladstone,4.333333333333330
2022-04-12,Springwood,2.8250000000000000
2022-04-12,Toowoomba,4.229166666666670
2022-04-12,Woolloongabba,3.9250000000000000
2022-04-12,Wynnum North,1.3458333333333300
2022-04-12,Wynnum West,1.0291666666666700
2022-05-01,Brisbane City,5.033333333333330
2022-05-01,Cannon Hill,5.591666666666670
2022-05-01,Deagon,4.05
2022-05-01,Deception Bay,6.0375000000000000
2022-05-01,Flinders View,2.4458333333333300
2022-05-01,Hopeland,1.1583333333333300
2022-05-01,Lytton,3.3958333333333300
2022-05-01,Miles Airport,1.4291666666666700
2022-05-01,Mountain Creek,6.016666666666670
2022-05-01,Mutdapilly,3.1041666666666700
2022-05-01,North Maclean,2.5291666666666700
2022-05-01,Rangeville,2.8083333333333300
2022-05-01,Rocklea,0.6041666666666670
2022-05-01,South Brisbane,4.979166666666670
2022-05-01,South Gladstone,4.904166666666670
2022-05-01,Southport,3.7708333333333300
2022-05-01,Springwood,4.29
2022-05-01,Toowoomba,1.7250000000000000
2022-05-01,Woolloongabba,5.116666666666670
2022-05-01,Wynnum North,2.634782608695650
2022-05-01,Wynnum West,2.3521739130434800
2022-05-02,Brisbane City,7.5
2022-05-02,Cannon Hill,7.620833333333330
2022-05-02,Deagon,5.5375000000000000
2022-05-02,Deception Bay,8.262500000000000
2022-05-02,Flinders View,7.041666666666670
2022-05-02,Hopeland,4.266666666666670
2022-05-02,Lytton,6.008333333333330
2022-05-02,Miles Airport,3.108333333333330
2022-05-02,Mountain Creek,8.016666666666670
2022-05-02,Mutdapilly,6.9875
2022-05-02,North Maclean,6.391666666666670
2022-05-02,Rocklea,3.3875000000000000
2022-05-02,South Brisbane,7.745833333333330
2022-05-02,Southport,6.8500000000000000
2022-05-02,Springwood,8.643478260869570
2022-05-02,Toowoomba,6.029166666666670
2022-05-02,Woolloongabba,7.783333333333330
2022-05-02,Wynnum North,3.704166666666670
2022-05-02,Wynnum West,1.4958333333333300
2022-05-03,Cannon Hill,4.954166666666670
2022-05-03,Deagon,4.179166666666670
2022-05-03,Deception Bay,4.629166666666670
2022-05-03,Flinders View,4.316666666666670
2022-05-03,Hopeland,4.058333333333330
2022-05-03,Miles Airport,3.9291666666666700
2022-05-03,Mountain Creek,5.05
2022-05-03,Mutdapilly,3.8000000000000000
2022-05-03,North Maclean,3.783333333333330
2022-05-03,Rangeville,3.3208333333333300
2022-05-03,South Brisbane,4.833333333333330
2022-05-03,South Gladstone,5.375
2022-05-03,Southport,4.4375
2022-05-03,Springwood,5.791666666666670
2022-05-03,Woolloongabba,4.729166666666670
2022-05-03,Wynnum North,2.9391304347826100
2022-05-03,Wynnum West,2.8521739130434800
2022-05-04,Brisbane City,6.833333333333330
2022-05-04,Cannon Hill,6.870833333333330
2022-05-04,Deagon,5.541666666666670
2022-05-04,Deception Bay,5.425
2022-05-04,Flinders View,6.3125
2022-05-04,Hopeland,4.2750000000000000
2022-05-04,Lytton,3.8208333333333300
2022-05-04,Miles Airport,4.345833333333330
2022-05-04,Mountain Creek,4.8
2022-05-04,Mutdapilly,6.316666666666670
2022-05-04,North Maclean,5.6500000000000000
2022-05-04,Rangeville,3.154166666666670
2022-05-04,South Brisbane,7.1125
2022-05-04,South Gladstone,4.654166666666670
2022-05-04,Southport,5.554166666666670
2022-05-04,Springwood,8.491666666666670
2022-05-04,Toowoomba,6.566666666666670
2022-05-04,Woolloongabba,6.9000000000000000
2022-05-04,Wynnum North,2.85
2022-05-04,Wynnum West,3.477272727272730
2022-05-05,Brisbane City,6.170833333333330
2022-05-05,Cannon Hill,6.983333333333330
2022-05-05,Deagon,5.045833333333330
2022-05-05,Deception Bay,5.641666666666670
2022-05-05,Flinders View,5.083333333333330
2022-05-05,Hopeland,4.804166666666670
2022-05-05,Lytton,5.216666666666670
2022-05-05,Miles Airport,4.545833333333330
2022-05-05,Mountain Creek,5.883333333333330
2022-05-05,Mutdapilly,4.658333333333330
2022-05-05,North Maclean,7.0875000000000000
2022-05-05,Rangeville,2.2958333333333300
2022-05-05,South Brisbane,6.579166666666670
2022-05-05,South Gladstone,4.504166666666670
2022-05-05,Southport,3.417391304347830
2022-05-05,Springwood,6.829166666666670
2022-05-05,Toowoomba,5.395833333333330
2022-05-05,Woolloongabba,7.016666666666670
2022-05-05,Wynnum North,3.233333333333330
2022-05-05,Wynnum West,5.80625
2022-05-06,Brisbane City,3.0875
2022-05-06,Cannon Hill,3.395652173913040
2022-05-06,Deagon,4.0250000000000000
2022-05-06,Deception Bay,5.125
2022-05-06,Flinders View,5.1625000000000000
2022-05-06,Hopeland,1.7250000000000000
2022-05-06,Lytton,1.9125000000000000
2022-05-06,Miles Airport,1.8625
2022-05-06,Mountain Creek,3.875
2022-05-06,Mutdapilly,2.920833333333330
2022-05-06,North Maclean,5.229166666666670
2022-05-06,Rangeville,2.5791666666666700
2022-05-06,South Brisbane,3.5625
2022-05-06,South Gladstone,4.195652173913040
2022-05-06,Southport,5.229166666666670
2022-05-06,Springwood,3.4250000000000000
2022-05-06,Toowoomba,3.85
2022-05-06,Woolloongabba,3.8166666666666700
2022-05-06,Wynnum North,1.2583333333333300
2022-05-06,Wynnum West,1.7541666666666700
2022-05-07,Brisbane City,5.5875000000000000
2022-05-07,Cannon Hill,6.183333333333330
2022-05-07,Deagon,5.158333333333330
2022-05-07,Deception Bay,5.783333333333330
2022-05-07,Flinders View,13.6875
2022-05-07,Hopeland,1.7
2022-05-07,Lytton,5.554166666666670
2022-05-07,Miles Airport,1.3666666666666700
2022-05-07,Mountain Creek,3.9458333333333300
2022-05-07,Mutdapilly,4.75
2022-05-07,North Maclean,4.5250000000000000
2022-05-07,Rangeville,3.7
2022-05-07,Rocklea,7.1375
2022-05-07,South Brisbane,7.0250000000000000
2022-05-07,South Gladstone,1.6076923076923100
2022-05-07,Southport,3.360869565217390
2022-05-07,Springwood,4.691666666666670
2022-05-07,Toowoomba,9.133333333333330
2022-05-07,Woolloongabba,6.4772727272727300
2022-05-07,Wynnum North,2.4
2022-05-07,Wynnum West,2.7416666666666700
2022-05-08,Brisbane City,6.866666666666670
2022-05-08,Cannon Hill,6.495833333333330
2022-05-08,Deagon,6.145833333333330
2022-05-08,Deception Bay,6.795833333333330
2022-05-08,Flinders View,8.316666666666670
2022-05-08,Hopeland,3.2625000000000000
2022-05-08,Lytton,3.808695652173910
2022-05-08,Miles Airport,2.4608695652173900
2022-05-08,Mountain Creek,6.55
2022-05-08,Mutdapilly,5.633333333333330
2022-05-08,North Maclean,5.333333333333330
2022-05-08,Rangeville,3.420833333333330
2022-05-08,Rocklea,5.5375000000000000
2022-05-08,South Brisbane,7.7
2022-05-08,South Gladstone,3.3708333333333300
2022-05-08,Southport,5.833333333333330
2022-05-08,Springwood,5.8375000000000000
2022-05-08,Toowoomba,8.012500000000000
2022-05-08,Woolloongabba,6.883333333333330
2022-05-08,Wynnum North,3.733333333333330
2022-05-08,Wynnum West,2.4391304347826100
2022-05-09,Brisbane City,5.491666666666670
2022-05-09,Cannon Hill,5.858333333333330
2022-05-09,Deagon,5.820833333333330
2022-05-09,Deception Bay,5.954166666666670
2022-05-09,Flinders View,5.0375000000000000
2022-05-09,Hopeland,1.9958333333333300
2022-05-09,Lytton,4.979166666666670
2022-05-09,Miles Airport,2.1
2022-05-09,Mountain Creek,5.916666666666670
2022-05-09,Mutdapilly,5.075
2022-05-09,North Maclean,5.079166666666670
2022-05-09,Rangeville,3.1750000000000000
2022-05-09,Rocklea,3.7541666666666700
2022-05-09,South Brisbane,6.236363636363640
2022-05-09,South Gladstone,3.125
2022-05-09,Southport,3.783333333333330
2022-05-09,Springwood,3.0416666666666700
2022-05-09,Toowoomba,4.495833333333330
2022-05-09,Woolloongabba,5.75
2022-05-09,Wynnum North,2.0166666666666700
2022-05-09,Wynnum West,2.3625000000000000
2022-05-10,Brisbane City,4.175
2022-05-10,Cannon Hill,4.175
2022-05-10,Deagon,3.3000000000000000
2022-05-10,Deception Bay,2.733333333333330
2022-05-10,Flinders View,3.7625000000000000
2022-05-10,Hopeland,2.2041666666666700
2022-05-10,Lytton,3.6833333333333300
2022-05-10,Miles Airport,2.9333333333333300
2022-05-10,Mountain Creek,3.4
2022-05-10,Mutdapilly,4.979166666666670
2022-05-10,Nambour,2.2
2022-05-10,North Maclean,3.4291666666666700
2022-05-10,Rangeville,2.254166666666670
2022-05-10,Rocklea,5.8125
2022-05-10,South Brisbane,5.2625
2022-05-10,South Gladstone,1.5217391304347800
2022-05-10,Southport,0.725
2022-05-10,Springwood,2.7291666666666700
2022-05-10,Toowoomba,4.591666666666670
2022-05-10,Woolloongabba,5.1125
2022-05-10,Wynnum North,1.5083333333333300
2022-05-10,Wynnum West,1.2916666666666700
2022-05-11,Brisbane City,4.616666666666670
2022-05-11,Cannon Hill,4.479166666666670
2022-05-11,Deagon,4.391666666666670
2022-05-11,Deception Bay,4.241666666666670
2022-05-11,Flinders View,4.329166666666670
2022-05-11,Hopeland,2.5750000000000000
2022-05-11,Lytton,1.6041666666666700
2022-05-11,Miles Airport,3.0041666666666700
2022-05-11,Mountain Creek,5.133333333333330
2022-05-11,Mutdapilly,4.7125000000000000
2022-05-11,Nambour,4.120833333333330
2022-05-11,North Maclean,4.2375
2022-05-11,Rangeville,2.620833333333330
2022-05-11,Rocklea,5.179166666666670
2022-05-11,South Brisbane,4.879166666666670
2022-05-11,South Gladstone,2.908333333333330
2022-05-11,Southport,2.6958333333333300
2022-05-11,Springwood,3.0875
2022-05-11,Toowoomba,3.8791666666666700
2022-05-11,Woolloongabba,4.579166666666670
2022-05-11,Wynnum North,1.2750000000000000
2022-05-11,Wynnum West,1.3541666666666700
2022-05-12,Brisbane City,5.508333333333330
2022-05-12,Cannon Hill,5.420833333333330
2022-05-12,Deagon,5.116666666666670
2022-05-12,Deception Bay,5.2875000000000000
2022-05-12,Flinders View,5.160869565217390
2022-05-12,Lytton,2.3333333333333300
2022-05-12,Miles Airport,3.2000000000000000
2022-05-12,Mountain Creek,5.620833333333330
2022-05-12,Mutdapilly,5.672727272727270
2022-05-12,Nambour,4.8375000000000000
2022-05-12,North Maclean,4.441666666666670
2022-05-12,Rangeville,2.4541666666666700
2022-05-12,Rocklea,11.200000000000000
2022-05-12,South Brisbane,5.691666666666670
2022-05-12,South Gladstone,3.6458333333333300
2022-05-12,Springwood,2.9958333333333300
2022-05-12,Toowoomba,4.445833333333330
2022-05-12,Woolloongabba,5.5625
2022-05-12,Wynnum North,1.7875000000000000
2022-05-12,Wynnum West,1.6833333333333300
2022-06-01,Brisbane City,8.941666666666670
2022-06-01,Cannon Hill,9.575000000000000
2022-06-01,Deagon,6.816666666666670
2022-06-01,Deception Bay,10.404166666666700
2022-06-01,Flinders View,6.6875
2022-06-01,Hopeland,2.0375
2022-06-01,Lytton,4.2125000000000000
2022-06-01,Miles Airport,2.7916666666666700
2022-06-01,Mountain Creek,11.979166666666700
2022-06-01,Mutdapilly,5.3125
2022-06-01,North Maclean,6.495833333333330
2022-06-01,Rangeville,4.625
2022-06-01,Rocklea,3.095833333333330
2022-06-01,South Brisbane,8.8125
2022-06-01,South Gladstone,5.004166666666670
2022-06-01,Southport,7.25
2022-06-01,Springwood,8.308333333333330
2022-06-01,Toowoomba,4.6000000000000000
2022-06-01,Woolloongabba,8.729166666666670
2022-06-01,Wynnum North,3.2714285714285700
2022-06-01,Wynnum West,2.095833333333330
2022-06-02,Brisbane City,5.895833333333330
2022-06-02,Cannon Hill,6.05
2022-06-02,Deagon,4.575
2022-06-02,Deception Bay,6.866666666666670
2022-06-02,Flinders View,5.166666666666670
2022-06-02,Hopeland,3.5541666666666700
2022-06-02,Lytton,4.904166666666670
2022-06-02,Miles Airport,2.8208333333333300
2022-06-02,Mountain Creek,6.829166666666670
2022-06-02,Mutdapilly,5.304166666666670
2022-06-02,North Maclean,5.020833333333330
2022-06-02,Rocklea,4.6500000000000000
2022-06-02,South Brisbane,6.095833333333330
2022-06-02,Southport,4.925
2022-06-02,Springwood,5.583333333333330
2022-06-02,Toowoomba,4.866666666666670
2022-06-02,Woolloongabba,5.920833333333330
2022-06-02,Wynnum North,2.8041666666666700
2022-06-02,Wynnum West,1.5217391304347800
2022-06-03,Cannon Hill,6.5125
2022-06-03,Deagon,6.141666666666670
2022-06-03,Deception Bay,6.8375000000000000
2022-06-03,Flinders View,6.004166666666670
2022-06-03,Hopeland,4.904166666666670
2022-06-03,Miles Airport,3.5375
2022-06-03,Mountain Creek,7.2
2022-06-03,Mutdapilly,6.175
2022-06-03,North Maclean,5.383333333333330
2022-06-03,Rangeville,4.125
2022-06-03,South Brisbane,6.6000000000000000
2022-06-03,South Gladstone,7.779166666666670
2022-06-03,Southport,5.391666666666670
2022-06-03,Springwood,7.929166666666670
2022-06-03,Woolloongabba,6.120833333333330
2022-06-03,Wynnum West,3.4863636363636400
2022-06-04,Brisbane City,6.133333333333330
2022-06-04,Cannon Hill,5.9750000000000000
2022-06-04,Deagon,5.620833333333330
2022-06-04,Deception Bay,5.741666666666670
2022-06-04,Flinders View,5.2125000000000000
2022-06-04,Hopeland,4.245833333333330
2022-06-04,Lytton,4.229166666666670
2022-06-04,Miles Airport,4.5375000000000000
2022-06-04,Mountain Creek,5.704166666666670
2022-06-04,Mutdapilly,4.8
2022-06-04,North Maclean,5.429166666666670
2022-06-04,Rangeville,2.529166666666670
2022-06-04,South Brisbane,6.833333333333330
2022-06-04,South Gladstone,4.6625000000000000
2022-06-04,Southport,5.979166666666670
2022-06-04,Springwood,5.875
2022-06-04,Toowoomba,5.2125000000000000
2022-06-04,Woolloongabba,6.3
2022-06-04,Wynnum North,2.5291666666666700
2022-06-04,Wynnum West,3.6761904761904800
2022-06-05,Brisbane City,4.270833333333330
2022-06-05,Cannon Hill,4.308333333333330
2022-06-05,Deagon,3.9458333333333300
2022-06-05,Deception Bay,4.966666666666670
2022-06-05,Flinders View,3.329166666666670
2022-06-05,Hopeland,2.308333333333330
2022-06-05,Lytton,3.35
2022-06-05,Miles Airport,2.1458333333333300
2022-06-05,Mountain Creek,5.166666666666670
2022-06-05,Mutdapilly,3.1208333333333300
2022-06-05,North Maclean,3.4916666666666700
2022-06-05,Rangeville,2.4
2022-06-05,South Brisbane,4.845833333333330
2022-06-05,South Gladstone,4.829166666666670
2022-06-05,Southport,3.3875000000000000
2022-06-05,Springwood,5.270833333333330
2022-06-05,Toowoomba,6.2
2022-06-05,Woolloongabba,4.0875000000000000
2022-06-05,Wynnum North,2.716666666666670
2022-06-05,Wynnum West,5.590909090909090
2022-06-06,Brisbane City,3.6833333333333300
2022-06-06,Cannon Hill,4.004347826086960
2022-06-06,Deagon,3.5541666666666700
2022-06-06,Deception Bay,4.995833333333330
2022-06-06,Flinders View,3.108333333333330
2022-06-06,Hopeland,1.2916666666666700
2022-06-06,Lytton,2.870833333333330
2022-06-06,Miles Airport,1.0125
2022-06-06,Mountain Creek,3.975
2022-06-06,Mutdapilly,2.3208333333333300
2022-06-06,North Maclean,4.8625
2022-06-06,Rangeville,2.1958333333333300
2022-06-06,Rocklea,2.5416666666666700
2022-06-06,South Brisbane,4.25
2022-06-06,South Gladstone,1.0052631578947400
2022-06-06,Southport,3.225
2022-06-06,Springwood,3.8541666666666700
2022-06-06,Toowoomba,3.016666666666670
2022-06-06,Woolloongabba,4.5625
2022-06-06,Wynnum North,3.1458333333333300
2022-06-06,Wynnum West,3.545833333333330
2022-06-07,Brisbane City,3.9
2022-06-07,Cannon Hill,4.1375
2022-06-07,Deagon,4.125
2022-06-07,Deception Bay,5.2250000000000000
2022-06-07,Flinders View,8.8125
2022-06-07,Hopeland,1.9750000000000000
2022-06-07,Lytton,3.841666666666670
2022-06-07,Miles Airport,1.7041666666666700
2022-06-07,Mountain Creek,3.404166666666670
2022-06-07,Mutdapilly,3.841666666666670
2022-06-07,North Maclean,3.7541666666666700
2022-06-07,Rangeville,2.8125
2022-06-07,Rocklea,3.7375000000000000
2022-06-07,South Brisbane,4.829166666666670
2022-06-07,South Gladstone,1.776190476190480
2022-06-07,Southport,2.8318181818181800
2022-06-07,Springwood,5.922727272727270
2022-06-07,Toowoomba,6.675
2022-06-07,Woolloongabba,4.583333333333330
2022-06-07,Wynnum North,2.275
2022-06-07,Wynnum West,1.8583333333333300
2022-06-08,Brisbane City,4.083333333333330
2022-06-08,Cannon Hill,4.354166666666670
2022-06-08,Deagon,3.483333333333330
2022-06-08,Deception Bay,4.066666666666670
2022-06-08,Flinders View,5.054166666666670
2022-06-08,Hopeland,1.6416666666666700
2022-06-08,Lytton,2.1454545454545500
2022-06-08,Miles Airport,1.5739130434782600
2022-06-08,Mountain Creek,3.4125
2022-06-08,Mutdapilly,3.6750000000000000
2022-06-08,North Maclean,4.4875
2022-06-08,Rangeville,2.158333333333330
2022-06-08,Rocklea,3.2541666666666700
2022-06-08,South Brisbane,5.220833333333330
2022-06-08,South Gladstone,2.8708333333333300
2022-06-08,Southport,2.370833333333330
2022-06-08,Springwood,5.945833333333330
2022-06-08,Toowoomba,3.716666666666670
2022-06-08,Woolloongabba,3.8708333333333300
2022-06-08,Wynnum North,1.8333333333333300
2022-06-08,Wynnum West,2.395652173913040
2022-06-09,Brisbane City,5.7625
2022-06-09,Cannon Hill,6.704166666666670
2022-06-09,Deagon,5.345833333333330
2022-06-09,Deception Bay,5.333333333333330
2022-06-09,Flinders View,6.316666666666670
2022-06-09,Hopeland,5.529166666666670
2022-06-09,Lytton,4.1875
2022-06-09,Miles Airport,5.420833333333330
2022-06-09,Mountain Creek,5.3500000000000000
2022-06-09,Mutdapilly,6.995833333333330
2022-06-09,North Maclean,6.095833333333330
2022-06-09,Rangeville,2.6833333333333300
2022-06-09,Rocklea,6.783333333333330
2022-06-09,South Brisbane,6.716666666666670
2022-06-09,South Gladstone,2.7375000000000000
2022-06-09,Southport,5.2125000000000000
2022-06-09,Springwood,4.904545454545450
2022-06-09,Toowoomba,5.188235294117650
2022-06-09,Woolloongabba,6.529166666666670
2022-06-09,Wynnum North,2.0458333333333300
2022-06-09,Wynnum West,2.4791666666666700
2022-06-10,Brisbane City,3.0750000000000000
2022-06-10,Cannon Hill,2.908333333333330
2022-06-10,Deagon,2.6333333333333300
2022-06-10,Deception Bay,2.6333333333333300
2022-06-10,Flinders View,2.983333333333330
2022-06-10,Hopeland,2.4166666666666700
2022-06-10,Lytton,1.4833333333333300
2022-06-10,Miles Airport,2.9875000000000000
2022-06-10,Mountain Creek,3.8666666666666700
2022-06-10,Mutdapilly,2.775
2022-06-10,Nambour,2.670833333333330
2022-06-10,North Maclean,2.125
2022-06-10,Rangeville,2.1125000000000000
2022-06-10,Rocklea,5.5375000000000000
2022-06-10,South Brisbane,3.625
2022-06-10,South Gladstone,2.6166666666666700
2022-06-10,Southport,0.4375
2022-06-10,Springwood,2.7045454545454500
2022-06-10,Toowoomba,4.008333333333330
2022-06-10,Woolloongabba,3.5208333333333300
2022-06-10,Wynnum North,0.4083333333333330
2022-06-10,Wynnum West,0.25833333333333300
2022-06-11,Brisbane City,4.5625
2022-06-11,Cannon Hill,4.45
2022-06-11,Deagon,4.279166666666670
2022-06-11,Deception Bay,4.366666666666670
2022-06-11,Flinders View,4.270833333333330
2022-06-11,Hopeland,2.1791666666666700
2022-06-11,Lytton,1.7833333333333300
2022-06-11,Miles Airport,2.7416666666666700
2022-06-11,Mountain Creek,4.979166666666670
2022-06-11,Mutdapilly,4.9875
2022-06-11,Nambour,3.891666666666670
2022-06-11,North Maclean,4.258333333333330
2022-06-11,Rangeville,2.3625000000000000
2022-06-11,Rocklea,6.395833333333330
2022-06-11,South Brisbane,4.645833333333330
2022-06-11,South Gladstone,3.7375000000000000
2022-06-11,Southport,2.920833333333330
2022-06-11,Springwood,2.841666666666670
2022-06-11,Toowoomba,4.079166666666670
2022-06-11,Woolloongabba,4.295833333333330
2022-06-11,Wynnum North,1.5250000000000000
2022-06-11,Wynnum West,1.5250000000000000
2022-06-12,Brisbane City,6.5875000000000000
2022-06-12,Cannon Hill,7.216666666666670
2022-06-12,Deagon,6.2
2022-06-12,Deception Bay,6.6375
2022-06-12,Flinders View,5.683333333333330
2022-06-12,Lytton,5.1375
2022-06-12,Miles Airport,2.7458333333333300
2022-06-12,Mountain Creek,6.354166666666670
2022-06-12,Mutdapilly,7.25
2022-06-12,Nambour,4.845833333333330
2022-06-12,North Maclean,5.441666666666670
2022-06-12,Rangeville,3.8166666666666700
2022-06-12,Rocklea,12.625
2022-06-12,South Brisbane,6.625
2022-06-12,South Gladstone,3.9391304347826100
2022-06-12,Springwood,5.958333333333330
2022-06-12,Toowoomba,5.141666666666670
2022-06-12,Woolloongabba,7.004166666666670
2022-06-12,Wynnum North,5.6500000000000000
2022-06-12,Wynnum West,4.9125000000000000
2022-07-01,Brisbane City,12.958333333333300
2022-07-01,Cannon Hill,13.566666666666700
2022-07-01,Deagon,9.491666666666670
2022-07-01,Deception Bay,14.245833333333300
2022-07-01,Flinders View,10.579166666666700
2022-07-01,Hopeland,2.858333333333330
2022-07-01,Lytton,5.0375000000000000
2022-07-01,Miles Airport,3.8333333333333300
2022-07-01,Mountain Creek,14.204166666666700
2022-07-01,Mutdapilly,8.133333333333330
2022-07-01,North Maclean,10.245833333333300
2022-07-01,Rangeville,3.0416666666666700
2022-07-01,Rocklea,5.870833333333330
2022-07-01,South Brisbane,12.566666666666700
2022-07-01,South Gladstone,5.05
2022-07-01,Southport,8.737500000000000
2022-07-01,Springwood,8.3375
2022-07-01,Toowoomba,3.8250000000000000
2022-07-01,Woolloongabba,12.104166666666700
2022-07-01,Wynnum North,4.225
2022-07-01,Wynnum West,2.0416666666666700
2022-07-02,Brisbane City,5.270833333333330
2022-07-02,Cannon Hill,5.458333333333330
2022-07-02,Deagon,4.2
2022-07-02,Deception Bay,5.7250000000000000
2022-07-02,Flinders View,4.620833333333330
2022-07-02,Hopeland,2.75
2022-07-02,Lytton,3.0625
2022-07-02,Miles Airport,2.2958333333333300
2022-07-02,Mountain Creek,5.979166666666670
2022-07-02,Mutdapilly,4.943478260869570
2022-07-02,North Maclean,4.204166666666670
2022-07-02,Rocklea,3.341666666666670
2022-07-02,South Brisbane,5.608333333333330
2022-07-02,South Gladstone,1.9928571428571400
2022-07-02,Southport,4.191666666666670
2022-07-02,Springwood,5.073913043478260
2022-07-02,Toowoomba,4.2625
2022-07-02,Woolloongabba,5.7625
2022-07-02,Wynnum North,2.033333333333330
2022-07-02,Wynnum West,1.047826086956520
2022-07-03,Brisbane City,4.7
2022-07-03,Cannon Hill,4.966666666666670
2022-07-03,Deagon,4.516666666666670
2022-07-03,Deception Bay,4.708333333333330
2022-07-03,Flinders View,3.5375
2022-07-03,Hopeland,2.4166666666666700
2022-07-03,Miles Airport,2.3041666666666700
2022-07-03,Mountain Creek,4.816666666666670
2022-07-03,Mutdapilly,2.5791666666666700
2022-07-03,North Maclean,2.8166666666666700
2022-07-03,Rangeville,2.591666666666670
2022-07-03,South Brisbane,5.058333333333330
2022-07-03,South Gladstone,4.3375000000000000
2022-07-03,Southport,4.6625000000000000
2022-07-03,Springwood,5.4000000000000000
2022-07-03,Toowoomba,3.4909090909090900
2022-07-03,Woolloongabba,4.929166666666670
2022-07-03,Wynnum North,2.7
2022-07-03,Wynnum West,2.5708333333333300
2022-07-04,Brisbane City,6.566666666666670
2022-07-04,Cannon Hill,6.6000000000000000
2022-07-04,Deagon,6.329166666666670
2022-07-04,Deception Bay,6.75
2022-07-04,Flinders View,5.279166666666670
2022-07-04,Hopeland,4.3
2022-07-04,Lytton,3.6833333333333300
2022-07-04,Miles Airport,4.979166666666670
2022-07-04,Mountain Creek,7.3625
2022-07-04,Mutdapilly,4.804166666666670
2022-07-04,North Maclean,5.595833333333330
2022-07-04,Rangeville,3.016666666666670
2022-07-04,South Brisbane,7.020833333333330
2022-07-04,South Gladstone,5.866666666666670
2022-07-04,Southport,5.241666666666670
2022-07-04,Springwood,7.508333333333330
2022-07-04,Toowoomba,5.116666666666670
2022-07-04,Woolloongabba,6.829166666666670
2022-07-04,Wynnum North,2.704166666666670
2022-07-04,Wynnum West,3.5727272727272700
2022-07-05,Brisbane City,4.154166666666670
2022-07-05,Cannon Hill,4.079166666666670
2022-07-05,Deagon,3.9416666666666700
2022-07-05,Deception Bay,4.454166666666670
2022-07-05,Flinders View,3.8125
2022-07-05,Hopeland,1.3791666666666700
2022-07-05,Lytton,3.5083333333333300
2022-07-05,Miles Airport,1.3541666666666700
2022-07-05,Mountain Creek,4.308333333333330
2022-07-05,Mutdapilly,3.2583333333333300
2022-07-05,North Maclean,4.425
2022-07-05,Rangeville,2.02
2022-07-05,South Brisbane,4.7875000000000000
2022-07-05,South Gladstone,5.229166666666670
2022-07-05,Southport,3.5875
2022-07-05,Springwood,4.504166666666670
2022-07-05,Woolloongabba,3.908333333333330
2022-07-05,Wynnum North,2.533333333333330
2022-07-05,Wynnum West,6.042857142857140
2022-07-06,Brisbane City,2.8541666666666700
2022-07-06,Cannon Hill,3.4347826086956500
2022-07-06,Deagon,2.3250000000000000
2022-07-06,Deception Bay,3.6041666666666700
2022-07-06,Flinders View,8.0875
2022-07-06,Hopeland,1.3625
2022-07-06,Lytton,2.2583333333333300
2022-07-06,Miles Airport,1.5458333333333300
2022-07-06,Mountain Creek,3.9375
2022-07-06,Mutdapilly,2.558333333333330
2022-07-06,North Maclean,5.8
2022-07-06,Rangeville,2.091666666666670
2022-07-06,Rocklea,2.158333333333330
2022-07-06,South Brisbane,3.4916666666666700
2022-07-06,South Gladstone,3.18
2022-07-06,Southport,3.404166666666670
2022-07-06,Springwood,3.029166666666670
2022-07-06,Toowoomba,3.283333333333330
2022-07-06,Woolloongabba,4.1000000000000000
2022-07-06,Wynnum North,2.3583333333333300
2022-07-06,Wynnum West,1.9958333333333300
2022-07-07,Brisbane City,3.4916666666666700
2022-07-07,Cannon Hill,3.420833333333330
2022-07-07,Deagon,3.25
2022-07-07,Deception Bay,3.65
2022-07-07,Flinders View,3.6125000000000000
2022-07-07,Hopeland,1.2458333333333300
2022-07-07,Lytton,3.525
2022-07-07,Miles Airport,1.1916666666666700
2022-07-07,Mountain Creek,3.3208333333333300
2022-07-07,Mutdapilly,3.0
2022-07-07,North Maclean,3.670833333333330
2022-07-07,Rangeville,2.4714285714285700
2022-07-07,Rocklea,2.7875
2022-07-07,South Brisbane,3.920833333333330
2022-07-07,South Gladstone,2.9391304347826100
2022-07-07,Southport,3.25
2022-07-07,Springwood,6.220833333333330
2022-07-07,Toowoomba,4.833333333333330
2022-07-07,Woolloongabba,4.033333333333330
2022-07-07,Wynnum North,2.8708333333333300
2022-07-07,Wynnum West,2.9166666666666700
2022-07-08,Brisbane City,3.266666666666670
2022-07-08,Cannon Hill,3.725
2022-07-08,Deagon,3.4875000000000000
2022-07-08,Deception Bay,3.0833333333333300
2022-07-08,Flinders View,3.7416666666666700
2022-07-08,Hopeland,0.9583333333333330
2022-07-08,Lytton,3.356521739130440
2022-07-08,Miles Airport,0.9750000000000000
2022-07-08,Mountain Creek,5.095652173913040
2022-07-08,Mutdapilly,2.4391304347826100
2022-07-08,North Maclean,3.9416666666666700
2022-07-08,Rangeville,2.3333333333333300
2022-07-08,Rocklea,3.170833333333330
2022-07-08,South Brisbane,5.079166666666670
2022-07-08,South Gladstone,2.977272727272730
2022-07-08,Southport,2.8791666666666700
2022-07-08,Springwood,3.4291666666666700
2022-07-08,Toowoomba,3.1
2022-07-08,Woolloongabba,3.4791666666666700
2022-07-08,Wynnum North,1.5458333333333300
2022-07-08,Wynnum West,1.4416666666666700
2022-07-09,Brisbane City,4.804166666666670
2022-07-09,Cannon Hill,5.541666666666670
2022-07-09,Deagon,4.229166666666670
2022-07-09,Deception Bay,4.833333333333330
2022-07-09,Flinders View,7.1625000000000000
2022-07-09,Hopeland,6.883333333333330
2022-07-09,Lytton,2.9583333333333300
2022-07-09,Miles Airport,6.217391304347830
2022-07-09,Mountain Creek,4.241666666666670
2022-07-09,Mutdapilly,18.320833333333300
2022-07-09,North Maclean,4.8125
2022-07-09,Rangeville,2.625
2022-07-09,Rocklea,6.120833333333330
2022-07-09,South Brisbane,6.55
2022-07-09,South Gladstone,1.7375
2022-07-09,Southport,2.6166666666666700
2022-07-09,Springwood,2.6782608695652200
2022-07-09,Toowoomba,4.5375000000000000
2022-07-09,Woolloongabba,6.325
2022-07-09,Wynnum North,1.1125
2022-07-09,Wynnum West,1.8416666666666700
2022-07-10,Brisbane City,4.4750000000000000
2022-07-10,Cannon Hill,4.316666666666670
2022-07-10,Deagon,3.775
2022-07-10,Deception Bay,3.829166666666670
2022-07-10,Flinders View,4.045833333333330
2022-07-10,Hopeland,3.033333333333330
2022-07-10,Lytton,2.05
2022-07-10,Miles Airport,3.2000000000000000
2022-07-10,Mountain Creek,4.333333333333330
2022-07-10,Mutdapilly,3.8791666666666700
2022-07-10,Nambour,3.6375000000000000
2022-07-10,North Maclean,3.4916666666666700
2022-07-10,Rangeville,2.3625000000000000
2022-07-10,Rocklea,5.866666666666670
2022-07-10,South Brisbane,4.5375000000000000
2022-07-10,South Gladstone,3.5545454545454500
2022-07-10,Southport,2.0291666666666700
2022-07-10,Springwood,3.5043478260869600
2022-07-10,Toowoomba,4.1375
2022-07-10,Woolloongabba,4.420833333333330
2022-07-10,Wynnum North,0.8333333333333330
2022-07-10,Wynnum West,0.9083333333333330
2022-07-11,Brisbane City,4.329166666666670
2022-07-11,Cannon Hill,4.1125
2022-07-11,Deagon,4.408333333333330
2022-07-11,Deception Bay,4.254166666666670
2022-07-11,Flinders View,4.3
2022-07-11,Hopeland,2.4208333333333300
2022-07-11,Lytton,1.6500000000000000
2022-07-11,Miles Airport,4.041666666666670
2022-07-11,Mountain Creek,5.233333333333330
2022-07-11,Mutdapilly,4.466666666666670
2022-07-11,Nambour,3.841666666666670
2022-07-11,North Maclean,3.7458333333333300
2022-07-11,Rangeville,2.433333333333330
2022-07-11,Rocklea,5.7875000000000000
2022-07-11,South Brisbane,4.766666666666670
2022-07-11,South Gladstone,4.579166666666670
2022-07-11,Southport,2.245833333333330
2022-07-11,Springwood,3.2708333333333300
2022-07-11,Toowoomba,4.583333333333330
2022-07-11,Woolloongabba,4.4375
2022-07-11,Wynnum North,0.9833333333333330
2022-07-11,Wynnum West,0.9625
2022-07-12,Brisbane City,10.65
2022-07-12,Cannon Hill,11.225
2022-07-12,Deagon,9.5125
2022-07-12,Deception Bay,10.65
2022-07-12,Flinders View,9.804166666666670
2022-07-12,Hopeland,4.572727272727270
2022-07-12,Lytton,5.820833333333330
2022-07-12,Miles Airport,3.933333333333330
2022-07-12,Mountain Creek,10.416666666666700
2022-07-12,Mutdapilly,9.465217391304350
2022-07-12,Nambour,11.933333333333300
2022-07-12,North Maclean,7.236363636363640
2022-07-12,Rangeville,3.295833333333330
2022-07-12,Rocklea,13.622727272727300
2022-07-12,South Brisbane,10.683333333333300
2022-07-12,South Gladstone,6.620833333333330
2022-07-12,Springwood,8.0625
2022-07-12,Toowoomba,4.220833333333330
2022-07-12,Woolloongabba,10.529166666666700
2022-07-12,Wynnum North,5.391666666666670
2022-07-12,Wynnum West,5.225
2022-08-01,Brisbane City,10.35
2022-08-01,Cannon Hill,10.954166666666700
2022-08-01,Deagon,6.958333333333330
2022-08-01,Deception Bay,9.887500000000000
2022-08-01,Flinders View,8.825000000000000
2022-08-01,Hopeland,0.8916666666666670
2022-08-01,Lytton,4.195833333333330
2022-08-01,Miles Airport,2.6125000000000000
2022-08-01,Mountain Creek,10.816666666666700
2022-08-01,Mutdapilly,8.354166666666670
2022-08-01,North Maclean,8.195833333333330
2022-08-01,Rangeville,2.5
2022-08-01,Rocklea,5.441666666666670
2022-08-01,South Brisbane,10.225
2022-08-01,South Gladstone,5.9125000000000000
2022-08-01,Southport,6.8625
2022-08-01,Springwood,7.570833333333330
2022-08-01,Toowoomba,3.7083333333333300
2022-08-01,Woolloongabba,9.854166666666670
2022-08-01,Wynnum North,3.8708333333333300
2022-08-01,Wynnum West,2.120833333333330
2022-08-02,Brisbane City,7.279166666666670
2022-08-02,Cannon Hill,7.3
2022-08-02,Deagon,5.183333333333330
2022-08-02,Deception Bay,7.333333333333330
2022-08-02,Flinders View,6.266666666666670
2022-08-02,Hopeland,3.0125000000000000
2022-08-02,Lytton,3.4125
2022-08-02,Miles Airport,3.2000000000000000
2022-08-02,Mountain Creek,7.466666666666670
2022-08-02,Mutdapilly,6.991666666666670
2022-08-02,North Maclean,5.545833333333330
2022-08-02,Rangeville,6.014285714285710
2022-08-02,Rocklea,5.266666666666670
2022-08-02,South Brisbane,7.554166666666670
2022-08-02,South Gladstone,4.3625
2022-08-02,Southport,5.908333333333330
2022-08-02,Springwood,5.341666666666670
2022-08-02,Toowoomba,5.995833333333330
2022-08-02,Woolloongabba,7.579166666666670
2022-08-02,Wynnum North,3.0875
2022-08-02,Wynnum West,1.8875
2022-08-03,Brisbane City,7.091666666666670
2022-08-03,Cannon Hill,7.894736842105260
2022-08-03,Deagon,6.75
2022-08-03,Deception Bay,7.683333333333330
2022-08-03,Flinders View,6.333333333333330
2022-08-03,Hopeland,2.029166666666670
2022-08-03,Miles Airport,2.4625
2022-08-03,Mountain Creek,9.058333333333330
2022-08-03,Mutdapilly,3.7
2022-08-03,North Maclean,4.420833333333330
2022-08-03,Rangeville,3.0666666666666700
2022-08-03,South Brisbane,7.075
2022-08-03,South Gladstone,5.9875
2022-08-03,Southport,6.8875
2022-08-03,Springwood,8.18695652173913
2022-08-03,Toowoomba,3.533333333333330
2022-08-03,Woolloongabba,6.925
2022-08-03,Wynnum North,5.783333333333330
2022-08-03,Wynnum West,5.554166666666670
2022-08-04,Brisbane City,5.816666666666670
2022-08-04,Cannon Hill,5.954166666666670
2022-08-04,Deagon,6.008333333333330
2022-08-04,Deception Bay,6.5125
2022-08-04,Flinders View,4.8625
2022-08-04,Hopeland,4.129166666666670
2022-08-04,Lytton,3.5416666666666700
2022-08-04,Miles Airport,5.095833333333330
2022-08-04,Mountain Creek,8.608333333333330
2022-08-04,Mutdapilly,4.279166666666670
2022-08-04,North Maclean,4.808333333333330
2022-08-04,Rangeville,3.8250000000000000
2022-08-04,South Brisbane,6.229166666666670
2022-08-04,South Gladstone,6.066666666666670
2022-08-04,Southport,5.133333333333330
2022-08-04,Springwood,6.383333333333330
2022-08-04,Toowoomba,4.841666666666670
2022-08-04,Woolloongabba,5.991666666666670
2022-08-04,Wynnum North,1.7708333333333300
2022-08-04,Wynnum West,1.6333333333333300
2022-08-05,Brisbane City,3.9875000000000000
2022-08-05,Cannon Hill,4.058333333333330
2022-08-05,Deagon,3.5500000000000000
2022-08-05,Deception Bay,3.9500000000000000
2022-08-05,Flinders View,3.4416666666666700
2022-08-05,Hopeland,1.3583333333333300
2022-08-05,Lytton,3.475
2022-08-05,Miles Airport,1.1333333333333300
2022-08-05,Mountain Creek,3.654166666666670
2022-08-05,Mutdapilly,3.654166666666670
2022-08-05,North Maclean,4.0375000000000000
2022-08-05,Rangeville,2.3285714285714300
2022-08-05,South Brisbane,4.595833333333330
2022-08-05,South Gladstone,3.6875
2022-08-05,Southport,4.1173913043478300
2022-08-05,Springwood,2.904166666666670
2022-08-05,Woolloongabba,4.175
2022-08-05,Wynnum North,1.7291666666666700
2022-08-05,Wynnum West,2.6181818181818200
2022-08-06,Brisbane City,3.1875
2022-08-06,Cannon Hill,3.5304347826087000
2022-08-06,Deagon,3.5500000000000000
2022-08-06,Deception Bay,4.045833333333330
2022-08-06,Flinders View,7.458333333333330
2022-08-06,Hopeland,1.2583333333333300
2022-08-06,Lytton,4.791666666666670
2022-08-06,Miles Airport,1.2583333333333300
2022-08-06,Mountain Creek,4.1500000000000000
2022-08-06,Mutdapilly,2.8875000000000000
2022-08-06,North Maclean,4.866666666666670
2022-08-06,Rangeville,2.2000000000000000
2022-08-06,Rocklea,3.7416666666666700
2022-08-06,South Brisbane,3.8958333333333300
2022-08-06,South Gladstone,3.5478260869565200
2022-08-06,Southport,4.645833333333330
2022-08-06,Springwood,3.475
2022-08-06,Toowoomba,3.5041666666666700
2022-08-06,Woolloongabba,3.9916666666666700
2022-08-06,Wynnum North,1.9958333333333300
2022-08-06,Wynnum West,2.3333333333333300
2022-08-07,Brisbane City,2.6
2022-08-07,Cannon Hill,2.6
2022-08-07,Deagon,2.1
2022-08-07,Deception Bay,2.766666666666670
2022-08-07,Flinders View,3.225
2022-08-07,Hopeland,1.8833333333333300
2022-08-07,Lytton,0.24166666666666700
2022-08-07,Miles Airport,1.5250000000000000
2022-08-07,Mountain Creek,2.6458333333333300
2022-08-07,Mutdapilly,2.7458333333333300
2022-08-07,North Maclean,3.341666666666670
2022-08-07,Rangeville,2.0
2022-08-07,Rocklea,1.3458333333333300
2022-08-07,South Brisbane,3.3375
2022-08-07,South Gladstone,2.260869565217390
2022-08-07,Southport,3.0869565217391300
2022-08-07,Springwood,5.1500000000000000
2022-08-07,Toowoomba,3.65
2022-08-07,Woolloongabba,3.545833333333330
2022-08-07,Wynnum North,1.8791666666666700
2022-08-07,Wynnum West,1.9875
2022-08-08,Brisbane City,3.0833333333333300
2022-08-08,Cannon Hill,3.6458333333333300
2022-08-08,Deagon,3.8000000000000000
2022-08-08,Deception Bay,3.5500000000000000
2022-08-08,Flinders View,4.2250000000000000
2022-08-08,Hopeland,0.6416666666666670
2022-08-08,Lytton,3.4500000000000000
2022-08-08,Miles Airport,0.6130434782608700
2022-08-08,Mountain Creek,4.4875
2022-08-08,Mutdapilly,2.895652173913040
2022-08-08,North Maclean,5.341666666666670
2022-08-08,Rangeville,2.066666666666670
2022-08-08,Rocklea,3.2125
2022-08-08,South Brisbane,4.0625
2022-08-08,South Gladstone,4.516666666666670
2022-08-08,Southport,3.6125000000000000
2022-08-08,Springwood,3.4583333333333300
2022-08-08,Toowoomba,2.5458333333333300
2022-08-08,Woolloongabba,4.129166666666670
2022-08-08,Wynnum North,1.9125000000000000
2022-08-08,Wynnum West,1.8666666666666700
2022-08-09,Brisbane City,5.533333333333330
2022-08-09,Cannon Hill,5.808333333333330
2022-08-09,Deagon,4.1375
2022-08-09,Deception Bay,3.5083333333333300
2022-08-09,Flinders View,8.308695652173910
2022-08-09,Hopeland,3.7125
2022-08-09,Lytton,3.7583333333333300
2022-08-09,Miles Airport,5.183333333333330
2022-08-09,Mountain Creek,3.2875
2022-08-09,Mutdapilly,18.604166666666700
2022-08-09,North Maclean,6.3375000000000000
2022-08-09,Rangeville,2.858333333333330
2022-08-09,Rocklea,7.391666666666670
2022-08-09,South Brisbane,6.220833333333330
2022-08-09,South Gladstone,2.129166666666670
2022-08-09,Southport,2.6916666666666700
2022-08-09,Springwood,6.2250000000000000
2022-08-09,Toowoomba,10.904166666666700
2022-08-09,Woolloongabba,6.254166666666670
2022-08-09,Wynnum North,1.8583333333333300
2022-08-09,Wynnum West,2.2708333333333300
2022-08-10,Brisbane City,5.133333333333330
2022-08-10,Cannon Hill,5.120833333333330
2022-08-10,Deagon,5.091666666666670
2022-08-10,Deception Bay,5.1625000000000000
2022-08-10,Flinders View,5.308333333333330
2022-08-10,Hopeland,4.529166666666670
2022-08-10,Lytton,2.8083333333333300
2022-08-10,Miles Airport,5.3625
2022-08-10,Mountain Creek,6.266666666666670
2022-08-10,Mutdapilly,5.008333333333330
2022-08-10,Nambour,4.691666666666670
2022-08-10,North Maclean,5.8875
2022-08-10,Rangeville,3.5583333333333300
2022-08-10,Rocklea,5.304166666666670
2022-08-10,South Brisbane,5.1500000000000000
2022-08-10,South Gladstone,2.7916666666666700
2022-08-10,Southport,1.1333333333333300
2022-08-10,Springwood,2.7541666666666700
2022-08-10,Toowoomba,6.195833333333330
2022-08-10,Woolloongabba,5.433333333333330
2022-08-10,Wynnum North,1.9375
2022-08-10,Wynnum West,2.3666666666666700
2022-08-11,Brisbane City,4.440909090909090
2022-08-11,Cannon Hill,4.459090909090910
2022-08-11,Deagon,4.404166666666670
2022-08-11,Deception Bay,4.4750000000000000
2022-08-11,Flinders View,4.366666666666670
2022-08-11,Hopeland,2.5541666666666700
2022-08-11,Lytton,3.504166666666670
2022-08-11,Miles Airport,3.1041666666666700
2022-08-11,Mountain Creek,4.9625000000000000
2022-08-11,Mutdapilly,6.258333333333330
2022-08-11,Nambour,4.1625
2022-08-11,North Maclean,3.8625000000000000
2022-08-11,Rangeville,2.775
2022-08-11,Rocklea,6.395833333333330
2022-08-11,South Brisbane,4.716666666666670
2022-08-11,South Gladstone,4.245833333333330
2022-08-11,Southport,2.120833333333330
2022-08-11,Springwood,2.6750000000000000
2022-08-11,Toowoomba,4.066666666666670
2022-08-11,Woolloongabba,4.616666666666670
2022-08-11,Wynnum North,1.825
2022-08-11,Wynnum West,1.7130434782608700
2022-08-12,Brisbane City,7.666666666666670
2022-08-12,Cannon Hill,7.675
2022-08-12,Deagon,6.791666666666670
2022-08-12,Deception Bay,7.279166666666670
2022-08-12,Flinders View,8.054166666666670
2022-08-12,Hopeland,4.629166666666670
2022-08-12,Lytton,4.216666666666670
2022-08-12,Miles Airport,3.875
2022-08-12,Mountain Creek,7.2125000000000000
2022-08-12,Mutdapilly,6.3875
2022-08-12,Nambour,4.8500000000000000
2022-08-12,North Maclean,9.661538461538460
2022-08-12,Rangeville,3.4583333333333300
2022-08-12,Rocklea,8.254166666666670
2022-08-12,South Brisbane,7.7125000000000000
2022-08-12,South Gladstone,5.869565217391310
2022-08-12,Southport,9.70909090909091
2022-08-12,Springwood,7.45
2022-08-12,Toowoomba,4.083333333333330
2022-08-12,Woolloongabba,7.879166666666670
2022-08-12,Wynnum North,5.508333333333330
2022-08-12,Wynnum West,4.730434782608700
2022-09-01,Brisbane City,9.133333333333330
2022-09-01,Cannon Hill,8.866666666666670
2022-09-01,Deagon,6.391666666666670
2022-09-01,Deception Bay,9.0
2022-09-01,Flinders View,8.545833333333330
2022-09-01,Hopeland,1.8500000000000000
2022-09-01,Lytton,3.7375000000000000
2022-09-01,Miles Airport,3.1833333333333300
2022-09-01,Mountain Creek,8.616666666666670
2022-09-01,Mutdapilly,7.554166666666670
2022-09-01,North Maclean,7.154166666666670
2022-09-01,Rangeville,2.04
2022-09-01,Rocklea,5.891666666666670
2022-09-01,South Brisbane,8.65
2022-09-01,South Gladstone,4.1875
2022-09-01,Southport,3.983333333333330
2022-09-01,Springwood,6.954166666666670
2022-09-01,Toowoomba,7.395833333333330
2022-09-01,Woolloongabba,8.291666666666670
2022-09-01,Wynnum North,3.5125000000000000
2022-09-01,Wynnum West,1.9416666666666700
2022-09-02,Brisbane City,7.620833333333330
2022-09-02,Cannon Hill,6.742105263157890
2022-09-02,Deagon,4.533333333333330
2022-09-02,Deception Bay,6.1000000000000000
2022-09-02,Flinders View,6.404166666666670
2022-09-02,Hopeland,4.920833333333330
2022-09-02,Lytton,3.7458333333333300
2022-09-02,Miles Airport,4.208333333333330
2022-09-02,Mountain Creek,6.1375
2022-09-02,Mutdapilly,7.679166666666670
2022-09-02,North Maclean,5.2250000000000000
2022-09-02,Rangeville,4.866666666666670
2022-09-02,Rocklea,6.983333333333330
2022-09-02,South Brisbane,7.0625
2022-09-02,South Gladstone,5.204166666666670
2022-09-02,Southport,5.6625000000000000
2022-09-02,Springwood,6.625
2022-09-02,Toowoomba,6.404166666666670
2022-09-02,Woolloongabba,7.1625000000000000
2022-09-02,Wynnum North,3.283333333333330
2022-09-02,Wynnum West,1.9208333333333300
2022-09-03,Brisbane City,7.545833333333330
2022-09-03,Cannon Hill,7.508333333333330
2022-09-03,Deagon,5.420833333333330
2022-09-03,Deception Bay,6.579166666666670
2022-09-03,Flinders View,4.541666666666670
2022-09-03,Hopeland,2.404166666666670
2022-09-03,Lytton,1.6
2022-09-03,Miles Airport,1.9666666666666700
2022-09-03,Mountain Creek,6.75
2022-09-03,Mutdapilly,3.9850000000000000
2022-09-03,North Maclean,5.191666666666670
2022-09-03,Rangeville,2.370833333333330
2022-09-03,South Brisbane,7.5
2022-09-03,South Gladstone,4.879166666666670
2022-09-03,Southport,6.266666666666670
2022-09-03,Springwood,8.4
2022-09-03,Woolloongabba,7.129166666666670
2022-09-03,Wynnum North,5.845454545454550
2022-09-03,Wynnum West,4.6625000000000000
2022-09-04,Brisbane City,5.333333333333330
2022-09-04,Cannon Hill,5.7625
2022-09-04,Deagon,5.6625000000000000
2022-09-04,Deception Bay,6.416666666666670
2022-09-04,Flinders View,4.254166666666670
2022-09-04,Hopeland,2.954166666666670
2022-09-04,Lytton,2.4
2022-09-04,Miles Airport,3.3208333333333300
2022-09-04,Mountain Creek,7.620833333333330
2022-09-04,Mutdapilly,3.9
2022-09-04,North Maclean,4.325
2022-09-04,Rangeville,2.7625000000000000
2022-09-04,South Brisbane,5.558333333333330
2022-09-04,South Gladstone,4.058333333333330
2022-09-04,Southport,4.125
2022-09-04,Toowoomba,3.533333333333330
2022-09-04,Woolloongabba,5.2625
2022-09-04,Wynnum North,1.2125000000000000
2022-09-04,Wynnum West,1.2
2022-09-05,Brisbane City,4.427272727272730
2022-09-05,Cannon Hill,4.129166666666670
2022-09-05,Deagon,4.145833333333330
2022-09-05,Deception Bay,4.220833333333330
2022-09-05,Flinders View,3.7416666666666700
2022-09-05,Hopeland,1.8458333333333300
2022-09-05,Lytton,4.708333333333330
2022-09-05,Miles Airport,1.7708333333333300
2022-09-05,Mountain Creek,4.429166666666670
2022-09-05,Mutdapilly,3.7625000000000000
2022-09-05,North Maclean,3.3791666666666700
2022-09-05,Rangeville,2.223076923076920
2022-09-05,South Brisbane,5.483333333333330
2022-09-05,South Gladstone,3.5583333333333300
2022-09-05,Southport,3.8625000000000000
2022-09-05,Springwood,5.520833333333330
2022-09-05,Toowoomba,4.625
2022-09-05,Woolloongabba,4.695833333333330
2022-09-05,Wynnum North,1.9041666666666700
2022-09-05,Wynnum West,2.154166666666670
2022-09-06,Brisbane City,2.7083333333333300
2022-09-06,Cannon Hill,3.095652173913040
2022-09-06,Deagon,2.8541666666666700
2022-09-06,Deception Bay,3.891666666666670
2022-09-06,Flinders View,7.383333333333330
2022-09-06,Hopeland,1.1166666666666700
2022-09-06,Lytton,5.804166666666670
2022-09-06,Miles Airport,1.13125
2022-09-06,Mountain Creek,2.908333333333330
2022-09-06,Mutdapilly,2.9583333333333300
2022-09-06,North Maclean,5.4000000000000000
2022-09-06,Rangeville,2.1666666666666700
2022-09-06,Rocklea,1.517391304347830
2022-09-06,South Brisbane,3.2375000000000000
2022-09-06,South Gladstone,3.4578947368421100
2022-09-06,Southport,2.441666666666670
2022-09-06,Springwood,3.2583333333333300
2022-09-06,Toowoomba,3.970833333333330
2022-09-06,Woolloongabba,3.766666666666670
2022-09-06,Wynnum North,1.5133333333333300
2022-09-06,Wynnum West,3.9250000000000000
2022-09-07,Brisbane City,7.1375
2022-09-07,Cannon Hill,10.633333333333300
2022-09-07,Deagon,5.704166666666670
2022-09-07,Deception Bay,6.883333333333330
2022-09-07,Flinders View,6.633333333333330
2022-09-07,Hopeland,1.8833333333333300
2022-09-07,Lytton,6.183333333333330
2022-09-07,Miles Airport,1.8666666666666700
2022-09-07,Mountain Creek,8.270833333333330
2022-09-07,Mutdapilly,3.529166666666670
2022-09-07,North Maclean,8.670833333333330
2022-09-07,Rangeville,2.4500000000000000
2022-09-07,Rocklea,4.675
2022-09-07,South Brisbane,9.383333333333330
2022-09-07,South Gladstone,5.766666666666670
2022-09-07,Southport,5.754166666666670
2022-09-07,Springwood,8.1625
2022-09-07,Toowoomba,4.4375
2022-09-07,Woolloongabba,9.133333333333330
2022-09-07,Wynnum North,4.575
2022-09-07,Wynnum West,7.120833333333330
2022-09-08,Brisbane City,4.870833333333330
2022-09-08,Cannon Hill,6.283333333333330
2022-09-08,Deagon,4.441666666666670
2022-09-08,Deception Bay,3.983333333333330
2022-09-08,Flinders View,6.345833333333330
2022-09-08,Hopeland,0.7000000000000000
2022-09-08,Lytton,4.2
2022-09-08,Miles Airport,0.7916666666666670
2022-09-08,Mountain Creek,4.866666666666670
2022-09-08,Mutdapilly,5.825
2022-09-08,North Maclean,6.795833333333330
2022-09-08,Rangeville,3.1291666666666700
2022-09-08,Rocklea,6.429166666666670
2022-09-08,South Brisbane,6.066666666666670
2022-09-08,South Gladstone,4.7750000000000000
2022-09-08,Southport,3.725
2022-09-08,Springwood,5.577272727272730
2022-09-08,Toowoomba,4.570833333333330
2022-09-08,Woolloongabba,6.741666666666670
2022-09-08,Wynnum North,3.0125000000000000
2022-09-08,Wynnum West,3.1791666666666700
2022-09-09,Brisbane City,4.691666666666670
2022-09-09,Cannon Hill,4.5625
2022-09-09,Deagon,3.920833333333330
2022-09-09,Deception Bay,4.5625
2022-09-09,Flinders View,5.366666666666670
2022-09-09,Hopeland,1.6708333333333300
2022-09-09,Lytton,2.308333333333330
2022-09-09,Miles Airport,1.1916666666666700
2022-09-09,Mountain Creek,3.5833333333333300
2022-09-09,Mutdapilly,5.808333333333330
2022-09-09,North Maclean,5.566666666666670
2022-09-09,Rangeville,2.3583333333333300
2022-09-09,Rocklea,7.445833333333330
2022-09-09,South Brisbane,5.245833333333330
2022-09-09,South Gladstone,2.360869565217390
2022-09-09,Southport,2.1166666666666700
2022-09-09,Springwood,4.034782608695650
2022-09-09,Toowoomba,3.4625
2022-09-09,Woolloongabba,5.166666666666670
2022-09-09,Wynnum North,2.1375000000000000
2022-09-09,Wynnum West,2.1
2022-09-10,Brisbane City,4.966666666666670
2022-09-10,Cannon Hill,5.175
2022-09-10,Deagon,4.808333333333330
2022-09-10,Deception Bay,5.258333333333330
2022-09-10,Flinders View,4.304166666666670
2022-09-10,Hopeland,1.1625000000000000
2022-09-10,Lytton,2.2625000000000000
2022-09-10,Miles Airport,1.2166666666666700
2022-09-10,Mountain Creek,7.1875
2022-09-10,Mutdapilly,3.775
2022-09-10,Nambour,4.9875
2022-09-10,North Maclean,4.2625
2022-09-10,Rangeville,2.033333333333330
2022-09-10,Rocklea,4.395833333333330
2022-09-10,South Brisbane,5.220833333333330
2022-09-10,South Gladstone,3.9166666666666700
2022-09-10,Southport,0.3541666666666670
2022-09-10,Springwood,3.727272727272730
2022-09-10,Toowoomba,2.6625
2022-09-10,Woolloongabba,4.470833333333330
2022-09-10,Wynnum North,2.6458333333333300
2022-09-10,Wynnum West,1.9625000000000000
2022-09-11,Brisbane City,4.75
2022-09-11,Cannon Hill,4.770833333333330
2022-09-11,Deagon,4.8
2022-09-11,Deception Bay,5.033333333333330
2022-09-11,Flinders View,4.2875000000000000
2022-09-11,Hopeland,2.8000000000000000
2022-09-11,Lytton,3.6166666666666700
2022-09-11,Miles Airport,4.729166666666670
2022-09-11,Mountain Creek,5.8125
2022-09-11,Mutdapilly,6.6000000000000000
2022-09-11,Nambour,5.033333333333330
2022-09-11,North Maclean,3.6291666666666700
2022-09-11,Rangeville,2.4708333333333300
2022-09-11,Rocklea,6.0086956521739100
2022-09-11,South Brisbane,5.266666666666670
2022-09-11,South Gladstone,4.395833333333330
2022-09-11,Southport,2.5
2022-09-11,Springwood,2.6888888888888900
2022-09-11,Toowoomba,5.908333333333330
2022-09-11,Woolloongabba,5.183333333333330
2022-09-11,Wynnum North,1.7583333333333300
2022-09-11,Wynnum West,1.7333333333333300
2022-09-12,Brisbane City,8.563636363636360
2022-09-12,Cannon Hill,8.954166666666670
2022-09-12,Deagon,8.541666666666670
2022-09-12,Deception Bay,9.112500000000000
2022-09-12,Flinders View,8.383333333333330
2022-09-12,Hopeland,2.558333333333330
2022-09-12,Lytton,4.858333333333330
2022-09-12,Miles Airport,2.9583333333333300
2022-09-12,Mountain Creek,10.7125
2022-09-12,Mutdapilly,8.979166666666670
2022-09-12,Nambour,8.987500000000000
2022-09-12,North Maclean,8.270833333333330
2022-09-12,Rangeville,5.120833333333330
2022-09-12,Rocklea,7.854166666666670
2022-09-12,South Brisbane,9.1
2022-09-12,South Gladstone,7.241666666666670
2022-09-12,Southport,7.8625
2022-09-12,Springwood,6.020833333333330
2022-09-12,Toowoomba,5.416666666666670
2022-09-12,Woolloongabba,8.916666666666670
2022-09-12,Wynnum North,3.841666666666670
2022-09-12,Wynnum West,3.658333333333330
2022-10-01,Brisbane City,8.675000000000000
2022-10-01,Cannon Hill,8.741666666666670
2022-10-01,Deagon,6.459090909090910
2022-10-01,Deception Bay,8.6625
2022-10-01,Flinders View,8.604166666666670
2022-10-01,Hopeland,5.791666666666670
2022-10-01,Lytton,3.995833333333330
2022-10-01,Miles Airport,6.991666666666670
2022-10-01,Mountain Creek,8.245833333333330
2022-10-01,Mutdapilly,7.958333333333330
2022-10-01,North Maclean,7.020833333333330
2022-10-01,Rangeville,8.26875
2022-10-01,Rocklea,4.475
2022-10-01,South Brisbane,8.475
2022-10-01,South Gladstone,5.708333333333330
2022-10-01,Southport,5.620833333333330
2022-10-01,Springwood,6.6000000000000000
2022-10-01,Toowoomba,8.125
2022-10-01,Woolloongabba,8.308333333333330
2022-10-01,Wynnum North,3.6000000000000000
2022-10-01,Wynnum West,1.9416666666666700
2022-10-02,Brisbane City,5.870833333333330
2022-10-02,Cannon Hill,5.391666666666670
2022-10-02,Deagon,4.020833333333330
2022-10-02,Deception Bay,5.05
2022-10-02,Flinders View,5.183333333333330
2022-10-02,Hopeland,3.904166666666670
2022-10-02,Lytton,3.2000000000000000
2022-10-02,Miles Airport,3.9250000000000000
2022-10-02,Mountain Creek,4.833333333333330
2022-10-02,Mutdapilly,7.145833333333330
2022-10-02,North Maclean,5.327272727272730
2022-10-02,Rangeville,3.095833333333330
2022-10-02,Rocklea,6.716666666666670
2022-10-02,South Brisbane,6.091666666666670
2022-10-02,South Gladstone,5.254166666666670
2022-10-02,Southport,4.729166666666670
2022-10-02,Springwood,6.233333333333330
2022-10-02,Toowoomba,5.083333333333330
2022-10-02,Woolloongabba,6.020833333333330
2022-10-02,Wynnum North,2.8541666666666700
2022-10-02,Wynnum West,2.426086956521740
2022-10-03,Brisbane City,5.708333333333330
2022-10-03,Cannon Hill,6.173333333333330
2022-10-03,Deagon,6.158333333333330
2022-10-03,Deception Bay,6.375
2022-10-03,Flinders View,4.654166666666670
2022-10-03,Hopeland,3.845833333333330
2022-10-03,Lytton,3.3666666666666700
2022-10-03,Miles Airport,2.9956521739130400
2022-10-03,Mountain Creek,7.595833333333330
2022-10-03,Mutdapilly,4.759090909090910
2022-10-03,North Maclean,4.179166666666670
2022-10-03,Rangeville,3.0125000000000000
2022-10-03,South Brisbane,6.05
2022-10-03,South Gladstone,3.558333333333330
2022-10-03,Southport,4.079166666666670
2022-10-03,Springwood,4.4750000000000000
2022-10-03,Toowoomba,6.333333333333330
2022-10-03,Woolloongabba,5.933333333333330
2022-10-03,Wynnum North,2.158333333333330
2022-10-03,Wynnum West,0.8125
2022-10-04,Brisbane City,5.445833333333330
2022-10-04,Cannon Hill,5.420833333333330
2022-10-04,Deagon,5.4750000000000000
2022-10-04,Deception Bay,5.820833333333330
2022-10-04,Flinders View,4.608333333333330
2022-10-04,Hopeland,3.1625
2022-10-04,Lytton,2.5458333333333300
2022-10-04,Miles Airport,3.7708333333333300
2022-10-04,Mountain Creek,6.8875
2022-10-04,Mutdapilly,4.645833333333330
2022-10-04,North Maclean,4.9750000000000000
2022-10-04,Rangeville,3.045833333333330
2022-10-04,South Brisbane,5.470833333333330
2022-10-04,South Gladstone,3.6695652173913000
2022-10-04,Southport,4.1375
2022-10-04,Toowoomba,4.829166666666670
2022-10-04,Woolloongabba,5.325
2022-10-04,Wynnum North,1.3083333333333300
2022-10-04,Wynnum West,0.7916666666666670
2022-10-05,Brisbane City,5.9375
2022-10-05,Cannon Hill,6.2250000000000000
2022-10-05,Deagon,6.179166666666670
2022-10-05,Deception Bay,6.7875000000000000
2022-10-05,Flinders View,4.891666666666670
2022-10-05,Hopeland,1.7739130434782600
2022-10-05,Lytton,2.965217391304350
2022-10-05,Miles Airport,1.8347826086956500
2022-10-05,Mountain Creek,7.7875000000000000
2022-10-05,Mutdapilly,3.6875
2022-10-05,North Maclean,5.170833333333330
2022-10-05,South Brisbane,6.570833333333330
2022-10-05,South Gladstone,4.279166666666670
2022-10-05,Southport,4.122727272727270
2022-10-05,Springwood,5.1125
2022-10-05,Toowoomba,3.8875000000000000
2022-10-05,Woolloongabba,6.620833333333330
2022-10-05,Wynnum North,1.8458333333333300
2022-10-05,Wynnum West,1.0789473684210500
2022-10-06,Brisbane City,2.525
2022-10-06,Cannon Hill,2.734782608695650
2022-10-06,Deagon,2.254166666666670
2022-10-06,Deception Bay,2.975
2022-10-06,Flinders View,4.9625000000000000
2022-10-06,Hopeland,0.7416666666666670
2022-10-06,Lytton,2.0125000000000000
2022-10-06,Miles Airport,0.725
2022-10-06,Mountain Creek,3.6291666666666700
2022-10-06,Mutdapilly,3.220833333333330
2022-10-06,North Maclean,4.5375000000000000
2022-10-06,Rangeville,2.25
2022-10-06,Rocklea,0.9458333333333330
2022-10-06,South Brisbane,3.4291666666666700
2022-10-06,South Gladstone,1.6000000000000000
2022-10-06,Southport,2.4681818181818200
2022-10-06,Springwood,3.9166666666666700
2022-10-06,Toowoomba,3.4565217391304300
2022-10-06,Woolloongabba,3.0583333333333300
2022-10-06,Wynnum North,2.158333333333330
2022-10-06,Wynnum West,1.8
2022-10-07,Brisbane City,6.729166666666670
2022-10-07,Cannon Hill,8.866666666666670
2022-10-07,Deagon,8.033333333333330
2022-10-07,Deception Bay,5.870833333333330
2022-10-07,Flinders View,6.8375000000000000
2022-10-07,Hopeland,1.5083333333333300
2022-10-07,Lytton,4.4875
2022-10-07,Miles Airport,1.4291666666666700
2022-10-07,Mountain Creek,4.8500000000000000
2022-10-07,Mutdapilly,4.091666666666670
2022-10-07,North Maclean,11.429166666666700
2022-10-07,Rangeville,4.758333333333330
2022-10-07,Rocklea,7.954166666666670
2022-10-07,South Brisbane,9.754166666666670
2022-10-07,South Gladstone,3.0083333333333300
2022-10-07,Southport,5.6000000000000000
2022-10-07,Springwood,10.016666666666700
2022-10-07,Toowoomba,6.55
2022-10-07,Woolloongabba,9.591666666666670
2022-10-07,Wynnum North,4.145833333333330
2022-10-07,Wynnum West,4.333333333333330
2022-10-08,Brisbane City,5.770833333333330
2022-10-08,Cannon Hill,7.1875
2022-10-08,Deagon,5.479166666666670
2022-10-08,Deception Bay,5.825
2022-10-08,Flinders View,6.595833333333330
2022-10-08,Hopeland,7.033333333333330
2022-10-08,Lytton,3.829166666666670
2022-10-08,Miles Airport,4.4000000000000000
2022-10-08,Mountain Creek,5.570833333333330
2022-10-08,Mutdapilly,5.804166666666670
2022-10-08,North Maclean,5.170833333333330
2022-10-08,Rangeville,3.2916666666666700
2022-10-08,Rocklea,5.2250000000000000
2022-10-08,South Brisbane,6.645833333333330
2022-10-08,South Gladstone,3.908333333333330
2022-10-08,Southport,2.983333333333330
2022-10-08,Springwood,5.55
2022-10-08,Toowoomba,5.6875
2022-10-08,Woolloongabba,6.408333333333330
2022-10-08,Wynnum North,2.9791666666666700
2022-10-08,Wynnum West,3.0833333333333300
2022-10-09,Brisbane City,3.7291666666666700
2022-10-09,Cannon Hill,4.016666666666670
2022-10-09,Deagon,3.2416666666666700
2022-10-09,Deception Bay,4.166666666666670
2022-10-09,Flinders View,3.5208333333333300
2022-10-09,Hopeland,1.3
2022-10-09,Lytton,1.7708333333333300
2022-10-09,Miles Airport,1.2583333333333300
2022-10-09,Mountain Creek,3.641666666666670
2022-10-09,Mutdapilly,3.0375
2022-10-09,North Maclean,4.4125000000000000
2022-10-09,Rangeville,2.25
2022-10-09,Rocklea,5.7625
2022-10-09,South Brisbane,4.458333333333330
2022-10-09,South Gladstone,4.941666666666670
2022-10-09,Southport,4.279166666666670
2022-10-09,Springwood,4.483333333333330
2022-10-09,Toowoomba,2.6916666666666700
2022-10-09,Woolloongabba,3.6000000000000000
2022-10-09,Wynnum North,1.5541666666666700
2022-10-09,Wynnum West,1.4791666666666700
2022-10-10,Brisbane City,7.066666666666670
2022-10-10,Cannon Hill,7.466666666666670
2022-10-10,Deagon,7.554166666666670
2022-10-10,Deception Bay,8.120833333333330
2022-10-10,Flinders View,5.3125
2022-10-10,Hopeland,2.3666666666666700
2022-10-10,Lytton,3.654166666666670
2022-10-10,Miles Airport,3.2458333333333300
2022-10-10,Mountain Creek,10.091666666666700
2022-10-10,Mutdapilly,5.258333333333330
2022-10-10,Nambour,6.554166666666670
2022-10-10,North Maclean,5.008333333333330
2022-10-10,Rangeville,3.1875
2022-10-10,Rocklea,5.970833333333330
2022-10-10,South Brisbane,7.629166666666670
2022-10-10,South Gladstone,3.516666666666670
2022-10-10,Southport,1.55
2022-10-10,Springwood,2.991304347826090
2022-10-10,Toowoomba,5.216666666666670
2022-10-10,Woolloongabba,7.295833333333330
2022-10-10,Wynnum North,2.1695652173913000
2022-10-10,Wynnum West,2.3291666666666700
2022-10-11,Brisbane City,4.6125
2022-10-11,Cannon Hill,4.920833333333330
2022-10-11,Deagon,4.5125
2022-10-11,Deception Bay,4.495833333333330
2022-10-11,Flinders View,4.645833333333330
2022-10-11,Hopeland,2.620833333333330
2022-10-11,Lytton,3.775
2022-10-11,Miles Airport,5.7750000000000000
2022-10-11,Mountain Creek,5.3625
2022-10-11,Mutdapilly,5.9750000000000000
2022-10-11,Nambour,6.8375000000000000
2022-10-11,North Maclean,3.9333333333333300
2022-10-11,Rangeville,2.783333333333330
2022-10-11,Rocklea,5.754166666666670
2022-10-11,South Brisbane,5.120833333333330
2022-10-11,South Gladstone,3.9625
2022-10-11,Southport,1.2541666666666700
2022-10-11,Springwood,3.59375
2022-10-11,Toowoomba,5.479166666666670
2022-10-11,Woolloongabba,4.945833333333330
2022-10-11,Wynnum North,1.1166666666666700
2022-10-11,Wynnum West,1.2041666666666700
2022-10-12,Brisbane City,7.329166666666670
2022-10-12,Cannon Hill,7.495833333333330
2022-10-12,Deagon,7.2125000000000000
2022-10-12,Deception Bay,7.6375
2022-10-12,Flinders View,8.091666666666670
2022-10-12,Hopeland,7.8125
2022-10-12,Lytton,2.733333333333330
2022-10-12,Miles Airport,7.304166666666670
2022-10-12,Mountain Creek,8.262500000000000
2022-10-12,Mutdapilly,9.283333333333330
2022-10-12,Nambour,7.325
2022-10-12,North Maclean,7.2
2022-10-12,Rangeville,5.529166666666670
2022-10-12,Rocklea,6.029166666666670
2022-10-12,South Brisbane,7.6625000000000000
2022-10-12,South Gladstone,8.395833333333330
2022-10-12,Southport,4.945833333333330
2022-10-12,Springwood,4.629166666666670
2022-10-12,Toowoomba,6.033333333333330
2022-10-12,Woolloongabba,7.333333333333330
2022-10-12,Wynnum North,2.8083333333333300
2022-10-12,Wynnum West,2.6739130434782600
2022-11-01,Brisbane City,7.358333333333330
2022-11-01,Cannon Hill,7.5
2022-11-01,Deagon,5.016666666666670
2022-11-01,Deception Bay,7.2750000000000000
2022-11-01,Flinders View,7.141666666666670
2022-11-01,Hopeland,4.308333333333330
2022-11-01,Lytton,2.316666666666670
2022-11-01,Miles Airport,5.55
2022-11-01,Mountain Creek,6.954166666666670
2022-11-01,Mutdapilly,6.879166666666670
2022-11-01,North Maclean,6.1875
2022-11-01,Rangeville,6.0
2022-11-01,Rocklea,3.85
2022-11-01,South Brisbane,7.466666666666670
2022-11-01,South Gladstone,3.7363636363636400
2022-11-01,Southport,4.783333333333330
2022-11-01,Springwood,6.441666666666670
2022-11-01,Toowoomba,6.195833333333330
2022-11-01,Woolloongabba,7.491666666666670
2022-11-01,Wynnum North,2.090909090909090
2022-11-01,Wynnum West,0.65
2022-11-02,Brisbane City,5.229166666666670
2022-11-02,Cannon Hill,5.8
2022-11-02,Deagon,4.539130434782610
2022-11-02,Deception Bay,5.541666666666670
2022-11-02,Flinders View,4.779166666666670
2022-11-02,Hopeland,3.130434782608700
2022-11-02,Lytton,4.25
2022-11-02,Miles Airport,2.983333333333330
2022-11-02,Mountain Creek,5.833333333333330
2022-11-02,Mutdapilly,5.795833333333330
2022-11-02,North Maclean,5.633333333333330
2022-11-02,Rangeville,2.9916666666666700
2022-11-02,Rocklea,6.445833333333330
2022-11-02,South Brisbane,5.620833333333330
2022-11-02,South Gladstone,5.5250000000000000
2022-11-02,Southport,5.6500000000000000
2022-11-02,Springwood,6.4125000000000000
2022-11-02,Toowoomba,4.570833333333330
2022-11-02,Woolloongabba,5.616666666666670
2022-11-02,Wynnum North,2.430769230769230
2022-11-02,Wynnum West,2.6652173913043500
2022-11-03,Brisbane City,4.808333333333330
2022-11-03,Cannon Hill,4.920833333333330
2022-11-03,Deagon,4.995833333333330
2022-11-03,Deception Bay,5.116666666666670
2022-11-03,Flinders View,3.7291666666666700
2022-11-03,Hopeland,2.466666666666670
2022-11-03,Lytton,3.5750000000000000
2022-11-03,Miles Airport,2.2625000000000000
2022-11-03,Mountain Creek,5.604166666666670
2022-11-03,Mutdapilly,3.016666666666670
2022-11-03,North Maclean,3.7000000000000000
2022-11-03,Rangeville,2.2041666666666700
2022-11-03,South Brisbane,5.154166666666670
2022-11-03,South Gladstone,3.5833333333333300
2022-11-03,Southport,2.8875000000000000
2022-11-03,Springwood,5.7250000000000000
2022-11-03,Toowoomba,3.988888888888890
2022-11-03,Woolloongabba,5.183333333333330
2022-11-03,Wynnum North,1.6000000000000000
2022-11-03,Wynnum West,0.5083333333333330
2022-11-04,Brisbane City,5.3375000000000000
2022-11-04,Cannon Hill,5.7
2022-11-04,Deagon,4.483333333333330
2022-11-04,Deception Bay,5.25
2022-11-04,Flinders View,4.2875000000000000
2022-11-04,Hopeland,3.1833333333333300
2022-11-04,Lytton,3.2708333333333300
2022-11-04,Miles Airport,5.066666666666670
2022-11-04,Mountain Creek,5.0
2022-11-04,Mutdapilly,3.5500000000000000
2022-11-04,North Maclean,5.770833333333330
2022-11-04,Rangeville,3.095833333333330
2022-11-04,South Brisbane,5.508333333333330
2022-11-04,South Gladstone,5.075
2022-11-04,Southport,4.645833333333330
2022-11-04,Toowoomba,4.6875
2022-11-04,Woolloongabba,5.466666666666670
2022-11-04,Wynnum North,1.9708333333333300
2022-11-04,Wynnum West,2.3476190476190500
2022-11-05,Brisbane City,7.716666666666670
2022-11-05,Cannon Hill,8.858333333333330
2022-11-05,Deagon,9.616666666666670
2022-11-05,Deception Bay,12.854166666666700
2022-11-05,Flinders View,4.6625000000000000
2022-11-05,Hopeland,1.3708333333333300
2022-11-05,Lytton,2.4916666666666700
2022-11-05,Miles Airport,1.5333333333333300
2022-11-05,Mountain Creek,10.137500000000000
2022-11-05,Mutdapilly,3.891666666666670
2022-11-05,North Maclean,6.179166666666670
2022-11-05,South Brisbane,8.954166666666670
2022-11-05,South Gladstone,3.7875
2022-11-05,Southport,6.0625
2022-11-05,Springwood,3.8625000000000000
2022-11-05,Toowoomba,1.682608695652170
2022-11-05,Woolloongabba,8.329166666666670
2022-11-05,Wynnum North,2.0416666666666700
2022-11-05,Wynnum West,1.3958333333333300
2022-11-06,Brisbane City,2.1458333333333300
2022-11-06,Cannon Hill,2.9869565217391300
2022-11-06,Deagon,1.825
2022-11-06,Deception Bay,3.0
2022-11-06,Flinders View,9.091666666666670
2022-11-06,Hopeland,0.6041666666666670
2022-11-06,Lytton,1.2208333333333300
2022-11-06,Miles Airport,0.6750000000000000
2022-11-06,Mountain Creek,2.3666666666666700
2022-11-06,Mutdapilly,2.629166666666670
2022-11-06,North Maclean,6.6875
2022-11-06,Rangeville,2.125
2022-11-06,Rocklea,3.4391304347826100
2022-11-06,South Brisbane,3.095833333333330
2022-11-06,Southport,4.420833333333330
2022-11-06,Springwood,3.6458333333333300
2022-11-06,Toowoomba,3.1375000000000000
2022-11-06,Woolloongabba,3.1333333333333300
2022-11-06,Wynnum North,1.6958333333333300
2022-11-06,Wynnum West,1.6208333333333300
2022-11-07,Brisbane City,5.2125000000000000
2022-11-07,Cannon Hill,5.6125
2022-11-07,Deagon,5.291666666666670
2022-11-07,Deception Bay,4.6375
2022-11-07,Flinders View,6.829166666666670
2022-11-07,Hopeland,0.975
2022-11-07,Lytton,3.858333333333330
2022-11-07,Miles Airport,1.5761904761904800
2022-11-07,Mountain Creek,4.841666666666670
2022-11-07,Mutdapilly,5.104166666666670
2022-11-07,North Maclean,6.304166666666670
2022-11-07,Rangeville,2.920833333333330
2022-11-07,Rocklea,6.8
2022-11-07,South Brisbane,6.6500000000000000
2022-11-07,South Gladstone,2.4428571428571400
2022-11-07,Southport,3.3833333333333300
2022-11-07,Springwood,4.0250000000000000
2022-11-07,Toowoomba,4.995833333333330
2022-11-07,Woolloongabba,8.445833333333330
2022-11-07,Wynnum North,2.2583333333333300
2022-11-07,Wynnum West,2.7708333333333300
2022-11-08,Brisbane City,5.170833333333330
2022-11-08,Cannon Hill,6.5875000000000000
2022-11-08,Deagon,4.845833333333330
2022-11-08,Deception Bay,4.858333333333330
2022-11-08,Flinders View,6.325
2022-11-08,Hopeland,11.779166666666700
2022-11-08,Lytton,3.6875
2022-11-08,Miles Airport,13.0
2022-11-08,Mountain Creek,4.8375000000000000
2022-11-08,Mutdapilly,5.7250000000000000
2022-11-08,North Maclean,5.9375
2022-11-08,Rangeville,3.0625
2022-11-08,Rocklea,7.204545454545450
2022-11-08,South Brisbane,6.325
2022-11-08,South Gladstone,4.841666666666670
2022-11-08,Southport,3.726086956521740
2022-11-08,Springwood,7.875
2022-11-08,Toowoomba,6.05
2022-11-08,Woolloongabba,6.445833333333330
2022-11-08,Wynnum North,2.283333333333330
2022-11-08,Wynnum West,2.3625000000000000
2022-11-09,Brisbane City,2.9291666666666700
2022-11-09,Cannon Hill,3.2291666666666700
2022-11-09,Deagon,2.6125000000000000
2022-11-09,Deception Bay,3.475
2022-11-09,Flinders View,5.820833333333330
2022-11-09,Hopeland,1.2125000000000000
2022-11-09,Lytton,2.2708333333333300
2022-11-09,Miles Airport,1.1458333333333300
2022-11-09,Mountain Creek,3.1041666666666700
2022-11-09,Mutdapilly,2.3958333333333300
2022-11-09,North Maclean,3.7000000000000000
2022-11-09,Rangeville,2.2625000000000000
2022-11-09,Rocklea,3.2416666666666700
2022-11-09,South Brisbane,3.4958333333333300
2022-11-09,South Gladstone,2.2913043478260900
2022-11-09,Southport,3.1625
2022-11-09,Springwood,4.3625
2022-11-09,Toowoomba,2.345833333333330
2022-11-09,Woolloongabba,2.7458333333333300
2022-11-09,Wynnum North,1.7875000000000000
2022-11-09,Wynnum West,2.0217391304347800
2022-11-10,Brisbane City,5.583333333333330
2022-11-10,Cannon Hill,5.575
2022-11-10,Deagon,5.516666666666670
2022-11-10,Deception Bay,5.758333333333330
2022-11-10,Flinders View,5.266666666666670
2022-11-10,Hopeland,3.654166666666670
2022-11-10,Lytton,2.254166666666670
2022-11-10,Miles Airport,5.529166666666670
2022-11-10,Mountain Creek,7.445833333333330
2022-11-10,Mutdapilly,5.179166666666670
2022-11-10,Nambour,5.516666666666670
2022-11-10,North Maclean,4.4625000000000000
2022-11-10,Rangeville,3.0708333333333300
2022-11-10,Rocklea,4.586363636363640
2022-11-10,South Brisbane,6.0125
2022-11-10,South Gladstone,4.125
2022-11-10,Southport,0.6375
2022-11-10,Springwood,3.2652173913043500
2022-11-10,Toowoomba,5.204166666666670
2022-11-10,Woolloongabba,5.616666666666670
2022-11-10,Wynnum North,1.3500000000000000
2022-11-10,Wynnum West,1.6041666666666700
2022-11-11,Brisbane City,5.741666666666670
2022-11-11,Cannon Hill,5.766666666666670
2022-11-11,Deagon,7.220833333333330
2022-11-11,Deception Bay,5.308333333333330
2022-11-11,Flinders View,7.8125
2022-11-11,Hopeland,3.15
2022-11-11,Lytton,3.170833333333330
2022-11-11,Miles Airport,4.804166666666670
2022-11-11,Mountain Creek,5.833333333333330
2022-11-11,Mutdapilly,7.179166666666670
2022-11-11,Nambour,4.4875
2022-11-11,North Maclean,6.091666666666670
2022-11-11,Rangeville,8.995833333333330
2022-11-11,Rocklea,8.262500000000000
2022-11-11,South Brisbane,5.891666666666670
2022-11-11,South Gladstone,3.3666666666666700
2022-11-11,Southport,2.7708333333333300
2022-11-11,Springwood,4.3125
2022-11-11,Toowoomba,15.095833333333300
2022-11-11,Woolloongabba,5.825
2022-11-11,Wynnum North,2.129166666666670
2022-11-11,Wynnum West,2.2416666666666700
2022-11-12,Brisbane City,6.795833333333330
2022-11-12,Cannon Hill,7.083333333333330
2022-11-12,Deagon,6.445833333333330
2022-11-12,Deception Bay,7.141666666666670
2022-11-12,Flinders View,7.125
2022-11-12,Hopeland,6.116666666666670
2022-11-12,Lytton,3.529166666666670
2022-11-12,Miles Airport,5.970833333333330
2022-11-12,Mountain Creek,7.770833333333330
2022-11-12,Mutdapilly,8.079166666666670
2022-11-12,Nambour,6.508333333333330
2022-11-12,North Maclean,7.104166666666670
2022-11-12,Rangeville,5.254166666666670
2022-11-12,Rocklea,5.833333333333330
2022-11-12,South Brisbane,7.020833333333330
2022-11-12,South Gladstone,7.329166666666670
2022-11-12,Southport,4.908333333333330
2022-11-12,Springwood,3.654166666666670
2022-11-12,Toowoomba,5.7125000000000000
2022-11-12,Woolloongabba,6.683333333333330
2022-11-12,Wynnum North,2.6750000000000000
2022-11-12,Wynnum West,2.795833333333330
2022-12-01,Brisbane City,6.2
2022-12-01,Cannon Hill,6.2375
2022-12-01,Deagon,4.566666666666670
2022-12-01,Deception Bay,6.070833333333330
2022-12-01,Flinders View,6.1625000000000000
2022-12-01,Hopeland,4.008333333333330
2022-12-01,Lytton,2.783333333333330
2022-12-01,Miles Airport,6.045833333333330
2022-12-01,Mountain Creek,6.179166666666670
2022-12-01,Mutdapilly,6.145833333333330
2022-12-01,North Maclean,5.075
2022-12-01,Rangeville,5.129166666666670
2022-12-01,Rocklea,3.2000000000000000
2022-12-01,South Brisbane,6.3875
2022-12-01,South Gladstone,4.183333333333330
2022-12-01,Southport,4.2250000000000000
2022-12-01,Springwood,6.166666666666670
2022-12-01,Toowoomba,5.5250000000000000
2022-12-01,Woolloongabba,6.6500000000000000
2022-12-01,Wynnum North,2.3125
2022-12-01,Wynnum West,1.7045454545454500
2022-12-02,Brisbane City,6.420833333333330
2022-12-02,Cannon Hill,6.558333333333330
2022-12-02,Deagon,6.2
2022-12-02,Deception Bay,7.041666666666670
2022-12-02,Flinders View,5.870833333333330
2022-12-02,Hopeland,3.475
2022-12-02,Lytton,6.433333333333330
2022-12-02,Miles Airport,2.9375
2022-12-02,Mountain Creek,7.595833333333330
2022-12-02,Mutdapilly,7.504166666666670
2022-12-02,North Maclean,5.679166666666670
2022-12-02,Rangeville,3.045833333333330
2022-12-02,Rocklea,6.3375000000000000
2022-12-02,South Brisbane,6.875
2022-12-02,South Gladstone,6.458333333333330
2022-12-02,Southport,5.3500000000000000
2022-12-02,Springwood,6.375
2022-12-02,Toowoomba,5.391666666666670
2022-12-02,Woolloongabba,6.616666666666670
2022-12-02,Wynnum North,4.071428571428570
2022-12-02,Wynnum West,2.4625
2022-12-03,Brisbane City,4.339130434782610
2022-12-03,Cannon Hill,4.604166666666670
2022-12-03,Deagon,4.541666666666670
2022-12-03,Deception Bay,4.9000000000000000
2022-12-03,Flinders View,3.7708333333333300
2022-12-03,Hopeland,4.466666666666670
2022-12-03,Lytton,3.0500000000000000
2022-12-03,Miles Airport,2.279166666666670
2022-12-03,Mountain Creek,5.220833333333330
2022-12-03,Mutdapilly,3.375
2022-12-03,North Maclean,3.9791666666666700
2022-12-03,Rangeville,2.5500000000000000
2022-12-03,South Brisbane,4.6375
2022-12-03,South Gladstone,3.983333333333330
2022-12-03,Southport,3.25
2022-12-03,Springwood,4.8375000000000000
2022-12-03,Woolloongabba,4.691666666666670
2022-12-03,Wynnum North,1.8416666666666700
2022-12-03,Wynnum West,0.8416666666666670
2022-12-04,Brisbane City,6.145833333333330
2022-12-04,Cannon Hill,6.3625
2022-12-04,Deagon,5.620833333333330
2022-12-04,Deception Bay,5.816666666666670
2022-12-04,Flinders View,5.291666666666670
2022-12-04,Hopeland,2.1166666666666700
2022-12-04,Lytton,5.104166666666670
2022-12-04,Miles Airport,2.8166666666666700
2022-12-04,Mountain Creek,6.089473684210530
2022-12-04,Mutdapilly,5.05
2022-12-04,North Maclean,5.429166666666670
2022-12-04,Rangeville,3.358333333333330
2022-12-04,South Brisbane,6.2375
2022-12-04,South Gladstone,4.191666666666670
2022-12-04,Southport,5.066666666666670
2022-12-04,Toowoomba,5.675
2022-12-04,Woolloongabba,6.216666666666670
2022-12-04,Wynnum North,3.5541666666666700
2022-12-04,Wynnum West,3.4250000000000000
2022-12-05,Brisbane City,9.641666666666670
2022-12-05,Cannon Hill,10.554166666666700
2022-12-05,Deagon,10.525
2022-12-05,Deception Bay,13.066666666666700
2022-12-05,Flinders View,5.541666666666670
2022-12-05,Hopeland,3.8333333333333300
2022-12-05,Lytton,2.8041666666666700
2022-12-05,Miles Airport,3.9166666666666700
2022-12-05,Mountain Creek,10.762500000000000
2022-12-05,Mutdapilly,5.504166666666670
2022-12-05,North Maclean,7.9125000000000000
2022-12-05,South Brisbane,10.733333333333300
2022-12-05,South Gladstone,6.966666666666670
2022-12-05,Southport,9.770833333333330
2022-12-05,Springwood,3.5416666666666700
2022-12-05,Toowoomba,1.4727272727272700
2022-12-05,Woolloongabba,9.745833333333330
2022-12-05,Wynnum North,2.3041666666666700
2022-12-05,Wynnum West,1.7375
2022-12-06,Brisbane City,2.725
2022-12-06,Cannon Hill,3.0478260869565200
2022-12-06,Deagon,2.5541666666666700
2022-12-06,Deception Bay,4.904166666666670
2022-12-06,Flinders View,6.520833333333330
2022-12-06,Hopeland,1.5416666666666700
2022-12-06,Lytton,1.1458333333333300
2022-12-06,Miles Airport,1.7416666666666700
2022-12-06,Mountain Creek,2.275
2022-12-06,Mutdapilly,2.533333333333330
2022-12-06,North Maclean,4.7625
2022-12-06,Rangeville,2.4625
2022-12-06,Rocklea,1.065217391304350
2022-12-06,South Brisbane,3.3375
2022-12-06,Southport,3.283333333333330
2022-12-06,Springwood,3.4791666666666700
2022-12-06,Toowoomba,3.733333333333330
2022-12-06,Woolloongabba,2.9916666666666700
2022-12-06,Wynnum North,1.5458333333333300
2022-12-06,Wynnum West,1.5083333333333300
2022-12-07,Brisbane City,6.220000000000000
2022-12-07,Cannon Hill,7.3125
2022-12-07,Deagon,5.633333333333330
2022-12-07,Deception Bay,5.0
2022-12-07,Flinders View,7.379166666666670
2022-12-07,Hopeland,1.2789473684210500
2022-12-07,Lytton,4.041666666666670
2022-12-07,Miles Airport,2.5375
2022-12-07,Mountain Creek,4.054166666666670
2022-12-07,Mutdapilly,3.7000000000000000
2022-12-07,North Maclean,6.370833333333330
2022-12-07,Rangeville,3.670833333333330
2022-12-07,Rocklea,5.208333333333330
2022-12-07,South Brisbane,7.55
2022-12-07,South Gladstone,3.8791666666666700
2022-12-07,Southport,2.558333333333330
2022-12-07,Springwood,7.222727272727270
2022-12-07,Toowoomba,5.591666666666670
2022-12-07,Woolloongabba,8.65
2022-12-07,Wynnum North,2.529166666666670
2022-12-07,Wynnum West,3.0166666666666700
2022-12-08,Brisbane City,6.258333333333330
2022-12-08,Cannon Hill,6.783333333333330
2022-12-08,Deagon,4.8125
2022-12-08,Deception Bay,4.383333333333330
2022-12-08,Flinders View,4.970833333333330
2022-12-08,Hopeland,4.179166666666670
2022-12-08,Lytton,3.1166666666666700
2022-12-08,Miles Airport,4.283333333333330
2022-12-08,Mountain Creek,3.483333333333330
2022-12-08,Mutdapilly,4.745833333333330
2022-12-08,North Maclean,6.3500000000000000
2022-12-08,Rangeville,4.166666666666670
2022-12-08,Rocklea,4.4000000000000000
2022-12-08,South Brisbane,7.166666666666670
2022-12-08,South Gladstone,3.420833333333330
2022-12-08,Southport,2.3583333333333300
2022-12-08,Springwood,6.2625
2022-12-08,Toowoomba,12.583333333333300
2022-12-08,Woolloongabba,7.154166666666670
2022-12-08,Wynnum North,1.8250000000000000
2022-12-08,Wynnum West,1.9083333333333300
2022-12-09,Brisbane City,3.904166666666670
2022-12-09,Cannon Hill,4.2625
2022-12-09,Deagon,4.820833333333330
2022-12-09,Deception Bay,6.943478260869570
2022-12-09,Flinders View,4.45
2022-12-09,Hopeland,2.0833333333333300
2022-12-09,Lytton,3.8958333333333300
2022-12-09,Miles Airport,2.2083333333333300
2022-12-09,Mountain Creek,6.004166666666670
2022-12-09,Mutdapilly,4.316666666666670
2022-12-09,North Maclean,5.8625
2022-12-09,Rangeville,2.279166666666670
2022-12-09,Rocklea,3.045833333333330
2022-12-09,South Brisbane,4.245833333333330
2022-12-09,South Gladstone,4.595833333333330
2022-12-09,Southport,5.395833333333330
2022-12-09,Springwood,4.5375000000000000
2022-12-09,Toowoomba,4.258333333333330
2022-12-09,Woolloongabba,4.204166666666670
2022-12-09,Wynnum North,4.208333333333330
2022-12-09,Wynnum West,4.252941176470590
2022-12-10,Brisbane City,4.995833333333330
2022-12-10,Cannon Hill,5.079166666666670
2022-12-10,Deagon,5.0375000000000000
2022-12-10,Deception Bay,5.158333333333330
2022-12-10,Flinders View,4.533333333333330
2022-12-10,Hopeland,2.775
2022-12-10,Lytton,2.3041666666666700
2022-12-10,Miles Airport,3.529166666666670
2022-12-10,Mountain Creek,6.404166666666670
2022-12-10,Mutdapilly,6.158333333333330
2022-12-10,Nambour,5.120833333333330
2022-12-10,North Maclean,4.054166666666670
2022-12-10,Rangeville,2.845833333333330
2022-12-10,Rocklea,2.966666666666670
2022-12-10,South Brisbane,5.433333333333330
2022-12-10,South Gladstone,5.175
2022-12-10,Southport,1.2208333333333300
2022-12-10,Springwood,3.7583333333333300
2022-12-10,Toowoomba,4.358333333333330
2022-12-10,Woolloongabba,5.2
2022-12-10,Wynnum North,1.7958333333333300
2022-12-10,Wynnum West,1.8416666666666700
2022-12-11,Brisbane City,9.029166666666670
2022-12-11,Cannon Hill,8.066666666666670
2022-12-11,Deagon,8.358333333333330
2022-12-11,Deception Bay,7.158333333333330
2022-12-11,Flinders View,8.254166666666670
2022-12-11,Hopeland,5.054166666666670
2022-12-11,Lytton,9.995833333333330
2022-12-11,Miles Airport,5.25
2022-12-11,Mountain Creek,6.433333333333330
2022-12-11,Mutdapilly,9.6
2022-12-11,Nambour,5.1000000000000000
2022-12-11,North Maclean,7.179166666666670
2022-12-11,Rangeville,4.554166666666670
2022-12-11,Rocklea,12.145833333333300
2022-12-11,South Brisbane,9.029166666666670
2022-12-11,South Gladstone,3.533333333333330
2022-12-11,Southport,5.0125
2022-12-11,Springwood,6.383333333333330
2022-12-11,Toowoomba,9.483333333333330
2022-12-11,Woolloongabba,8.666666666666670
2022-12-11,Wynnum North,5.754166666666670
2022-12-11,Wynnum West,5.2750000000000000
2022-12-12,Brisbane City,7.9000000000000000
2022-12-12,Cannon Hill,8.216666666666670
2022-12-12,Deagon,7.095833333333330
2022-12-12,Deception Bay,7.4875
2022-12-12,Flinders View,7.6625000000000000
2022-12-12,Hopeland,7.8500000000000000
2022-12-12,Lytton,4.004166666666670
2022-12-12,Miles Airport,7.420833333333330
2022-12-12,Mountain Creek,8.183333333333330
2022-12-12,Mutdapilly,7.75
2022-12-12,Nambour,6.079166666666670
2022-12-12,North Maclean,7.9173913043478300
2022-12-12,Rangeville,5.4875
2022-12-12,Rocklea,7.2625
2022-12-12,South Brisbane,8.083333333333330
2022-12-12,South Gladstone,5.695833333333330
2022-12-12,Southport,5.904166666666670
2022-12-12,Springwood,5.266666666666670
2022-12-12,Toowoomba,5.841666666666670
2022-12-12,Woolloongabba,7.6875
2022-12-12,Wynnum North,4.395833333333330
2022-12-12,Wynnum West,5.158333333333330
2023-01-01,Brisbane City,7.954166666666670
2023-01-01,Cannon Hill,8.1625
2023-01-01,Deagon,7.820833333333330
2023-01-01,Deception Bay,7.925
2023-01-01,Flinders View,7.45
2023-01-01,Hopeland,5.645833333333330
2023-01-01,Lytton,2.845833333333330
2023-01-01,Miles Airport,9.383333333333330
2023-01-01,Mountain Creek,7.970833333333330
2023-01-01,Mutdapilly,7.666666666666670
2023-01-01,Nambour,7.720833333333330
2023-01-01,North Maclean,7.5875000000000000
2023-01-01,Rangeville,5.070833333333330
2023-01-01,Rocklea,6.229166666666670
2023-01-01,South Brisbane,8.654166666666670
2023-01-01,South Gladstone,10.654166666666700
2023-01-01,Southport,6.379166666666670
2023-01-01,Springwood,4.1
2023-01-01,Toowoomba,5.7
2023-01-01,Woolloongabba,7.758333333333330
2023-01-01,Wynnum North,2.766666666666670
2023-01-01,Wynnum West,2.872727272727270
2023-01-02,Brisbane City,6.491666666666670
2023-01-02,Cannon Hill,6.704166666666670
2023-01-02,Deagon,6.25
2023-01-02,Deception Bay,6.7125000000000000
2023-01-02,Flinders View,6.020833333333330
2023-01-02,Hopeland,7.1500000000000000
2023-01-02,Lytton,4.820833333333330
2023-01-02,Miles Airport,2.5875
2023-01-02,Mountain Creek,6.5
2023-01-02,Mutdapilly,5.970833333333330
2023-01-02,Nambour,5.766666666666670
2023-01-02,North Maclean,6.1625000000000000
2023-01-02,Rangeville,3.25
2023-01-02,Rocklea,8.737500000000000
2023-01-02,South Brisbane,6.895833333333330
2023-01-02,South Gladstone,4.879166666666670
2023-01-02,Southport,5.366666666666670
2023-01-02,Springwood,6.458333333333330
2023-01-02,Toowoomba,7.245833333333330
2023-01-02,Woolloongabba,6.4625000000000000
2023-01-02,Wynnum North,4.658333333333330
2023-01-02,Wynnum West,3.704166666666670
2023-01-03,Brisbane City,3.4958333333333300
2023-01-03,Cannon Hill,3.6750000000000000
2023-01-03,Deagon,3.4458333333333300
2023-01-03,Deception Bay,3.8625000000000000
2023-01-03,Flinders View,4.575
2023-01-03,Hopeland,3.8250000000000000
2023-01-03,Lytton,2.3333333333333300
2023-01-03,Miles Airport,3.6666666666666700
2023-01-03,Mountain Creek,3.108333333333330
2023-01-03,Mutdapilly,8.308333333333330
2023-01-03,Nambour,2.908333333333330
2023-01-03,North Maclean,4.645833333333330
2023-01-03,Rangeville,5.6125
2023-01-03,Rocklea,5.433333333333330
2023-01-03,South Brisbane,3.745833333333330
2023-01-03,South Gladstone,3.5041666666666700
2023-01-03,Southport,3.108333333333330
2023-01-03,Springwood,4.629166666666670
2023-01-03,Toowoomba,11.745833333333300
2023-01-03,Woolloongabba,4.5250000000000000
2023-01-03,Wynnum North,2.029166666666670
2023-01-03,Wynnum West,2.0083333333333300
2023-01-04,Brisbane City,5.379166666666670
2023-01-04,Cannon Hill,6.033333333333330
2023-01-04,Deagon,4.629166666666670
2023-01-04,Deception Bay,4.9625000000000000
2023-01-04,Flinders View,5.491666666666670
2023-01-04,Hopeland,2.0416666666666700
2023-01-04,Lytton,5.295833333333330
2023-01-04,Miles Airport,1.9583333333333300
2023-01-04,Mountain Creek,5.204166666666670
2023-01-04,Mutdapilly,7.4000000000000000
2023-01-04,Nambour,5.608333333333330
2023-01-04,North Maclean,7.679166666666670
2023-01-04,Rangeville,2.2208333333333300
2023-01-04,Rocklea,11.245833333333300
2023-01-04,South Brisbane,6.241666666666670
2023-01-04,South Gladstone,4.654166666666670
2023-01-04,Southport,2.5708333333333300
2023-01-04,Springwood,7.6000000000000000
2023-01-04,Toowoomba,3.0875
2023-01-04,Woolloongabba,6.050000000000000
2023-01-04,Wynnum North,5.016666666666670
2023-01-04,Wynnum West,4.45
2023-01-05,Brisbane City,3.391666666666670
2023-01-05,Cannon Hill,3.2375000000000000
2023-01-05,Deagon,2.9500000000000000
2023-01-05,Deception Bay,3.9625
2023-01-05,Flinders View,4.045833333333330
2023-01-05,Hopeland,1.5833333333333300
2023-01-05,Lytton,2.6750000000000000
2023-01-05,Miles Airport,1.9166666666666700
2023-01-05,Mountain Creek,4.3125
2023-01-05,Mutdapilly,3.1
2023-01-05,Nambour,3.1875
2023-01-05,North Maclean,6.7
2023-01-05,Rangeville,2.033333333333330
2023-01-05,Rocklea,2.4833333333333300
2023-01-05,South Brisbane,3.5083333333333300
2023-01-05,South Gladstone,4.5875000000000000
2023-01-05,Southport,2.775
2023-01-05,Springwood,4.6125
2023-01-05,Toowoomba,3.8333333333333300
2023-01-05,Woolloongabba,2.8541666666666700
2023-01-05,Wynnum North,1.5375000000000000
2023-01-05,Wynnum West,1.8333333333333300
2023-01-06,Brisbane City,21.416666666666700
2023-01-06,Cannon Hill,16.837500000000000
2023-01-06,Coomera,9.1625
2023-01-06,Deagon,11.733333333333300
2023-01-06,Deception Bay,11.095833333333300
2023-01-06,Flinders View,11.2125
2023-01-06,Hopeland,3.5833333333333300
2023-01-06,Lytton,12.195833333333300
2023-01-06,Miles Airport,7.291666666666670
2023-01-06,Mountain Creek,8.566666666666670
2023-01-06,Mutdapilly,11.262500000000000
2023-01-06,Nambour,6.125
2023-01-06,North Maclean,19.566666666666700
2023-01-06,Rangeville,2.8625000000000000
2023-01-06,Rocklea,16.162500000000000
2023-01-06,South Brisbane,20.479166666666700
2023-01-06,South Gladstone,4.441666666666670
2023-01-06,Southport,8.258333333333330
2023-01-06,Springwood,13.070833333333300
2023-01-06,Toowoomba,4.679166666666670
2023-01-06,Woolloongabba,16.458333333333300
2023-01-06,Wynnum North,11.075000000000000
2023-01-06,Wynnum West,9.758333333333330
2023-01-07,Brisbane City,4.129166666666670
2023-01-07,Cannon Hill,3.9500000000000000
2023-01-07,Coomera,8.370833333333330
2023-01-07,Deagon,4.741666666666670
2023-01-07,Deception Bay,7.9750000000000000
2023-01-07,Flinders View,8.020833333333330
2023-01-07,Lytton,6.766666666666670
2023-01-07,Mountain Creek,6.970833333333330
2023-01-07,Mutdapilly,4.183333333333330
2023-01-07,Nambour,3.5541666666666700
2023-01-07,North Maclean,14.2125
2023-01-07,Parkwood,8.820833333333330
2023-01-07,Rocklea,5.4750000000000000
2023-01-07,South Brisbane,5.095833333333330
2023-01-07,South Gladstone,9.8375
2023-01-07,Southport,8.079166666666670
2023-01-07,Springwood,4.425
2023-01-07,Toowoomba,3.579166666666670
2023-01-07,Woolloongabba,3.85
2023-01-07,Wynnum North,2.591304347826090
2023-01-07,Wynnum West,2.3916666666666700
2023-01-08,Brisbane City,14.025
2023-01-08,Cannon Hill,12.370833333333300
2023-01-08,Coomera,8.9
2023-01-08,Deagon,15.029166666666700
2023-01-08,Deception Bay,12.075000000000000
2023-01-08,Flinders View,13.291666666666700
2023-01-08,Lytton,9.758333333333330
2023-01-08,Mountain Creek,10.845833333333300
2023-01-08,Mutdapilly,14.254166666666700
2023-01-08,Nambour,11.929166666666700
2023-01-08,North Maclean,14.766666666666700
2023-01-08,Parkwood,8.070833333333330
2023-01-08,Rangeville,3.1958333333333300
2023-01-08,Rocklea,15.904166666666700
2023-01-08,South Brisbane,14.858333333333300
2023-01-08,South Gladstone,3.7291666666666700
2023-01-08,Southport,8.991666666666670
2023-01-08,Springwood,12.112500000000000
2023-01-08,Toowoomba,12.482608695652200
2023-01-08,Woolloongabba,13.970833333333300
2023-01-08,Wynnum North,7.658333333333330
2023-01-08,Wynnum West,6.820833333333330
2023-01-09,Brisbane City,7.370833333333330
2023-01-09,Cannon Hill,7.5375000000000000
2023-01-09,Charleville,2.0458333333333300
2023-01-09,Coomera,6.191666666666670
2023-01-09,Deagon,7.116666666666670
2023-01-09,Deception Bay,9.479166666666670
2023-01-09,Flinders View,6.625
2023-01-09,Lytton,5.366666666666670
2023-01-09,Mountain Creek,8.008333333333330
2023-01-09,Mutdapilly,6.791666666666670
2023-01-09,Nambour,7.429166666666670
2023-01-09,North Maclean,7.8875
2023-01-09,Parkwood,5.779166666666670
2023-01-09,Rangeville,2.7625000000000000
2023-01-09,Rocklea,8.029166666666670
2023-01-09,Roma,5.104166666666670
2023-01-09,South Brisbane,7.870833333333330
2023-01-09,South Gladstone,7.795833333333330
2023-01-09,Southport,6.508333333333330
2023-01-09,Springwood,6.8
2023-01-09,Toowoomba,5.336363636363640
2023-01-09,Woolloongabba,7.404166666666670
2023-01-09,Wynnum North,4.8625
2023-01-09,Wynnum West,4.716666666666670
2023-01-10,Brisbane City,6.808333333333330
2023-01-10,Cannon Hill,6.175
2023-01-10,Charleville,2.025
2023-01-10,Coomera,19.8625
2023-01-10,Deagon,5.747826086956520
2023-01-10,Deception Bay,6.4750000000000000
2023-01-10,Flinders View,6.129166666666670
2023-01-10,Lytton,3.5750000000000000
2023-01-10,Mountain Creek,5.295833333333330
2023-01-10,Mutdapilly,6.954166666666670
2023-01-10,Nambour,4.241666666666670
2023-01-10,North Maclean,7.808333333333330
2023-01-10,Parkwood,15.875
2023-01-10,Rangeville,2.4833333333333300
2023-01-10,Rocklea,7.4000000000000000
2023-01-10,Roma,4.641666666666670
2023-01-10,South Brisbane,6.704166666666670
2023-01-10,South Gladstone,5.8125
2023-01-10,Southport,15.25
2023-01-10,Springwood,6.858333333333330
2023-01-10,Toowoomba,5.9750000000000000
2023-01-10,Woolloongabba,5.716666666666670
2023-01-10,Wynnum North,2.9958333333333300
2023-01-10,Wynnum West,2.8000000000000000
2023-01-11,Brisbane City,13.75
2023-01-11,Cannon Hill,13.25
2023-01-11,Charleville,2.2625000000000000
2023-01-11,Coomera,12.487500000000000
2023-01-11,Deagon,14.433333333333300
2023-01-11,Deception Bay,14.362500000000000
2023-01-11,Flinders View,15.554166666666700
2023-01-11,Lytton,8.666666666666670
2023-01-11,Mountain Creek,22.575
2023-01-11,Mutdapilly,17.275000000000000
2023-01-11,Nambour,20.095833333333300
2023-01-11,North Maclean,13.950000000000000
2023-01-11,Parkwood,11.058333333333300
2023-01-11,Rangeville,10.512500000000000
2023-01-11,Rocklea,14.029166666666700
2023-01-11,Roma,5.066666666666670
2023-01-11,South Brisbane,14.1
2023-01-11,South Gladstone,5.720833333333330
2023-01-11,Southport,11.633333333333300
2023-01-11,Springwood,12.008333333333300
2023-01-11,Toowoomba,19.770833333333300
2023-01-11,Woolloongabba,11.891666666666700
2023-01-11,Wynnum North,7.6875
2023-01-11,Wynnum West,7.366666666666670
2023-01-12,Brisbane City,7.658333333333330
2023-01-12,Cannon Hill,8.883333333333340
2023-01-12,Charleville,2.025
2023-01-12,Coomera,6.895833333333330
2023-01-12,Deagon,7.879166666666670
2023-01-12,Deception Bay,9.679166666666670
2023-01-12,Flinders View,5.404166666666670
2023-01-12,Lytton,7.691304347826090
2023-01-12,Mountain Creek,16.695833333333300
2023-01-12,Mutdapilly,5.145833333333330
2023-01-12,Nambour,13.450000000000000
2023-01-12,North Maclean,7.8625
2023-01-12,Parkwood,5.595833333333330
2023-01-12,Rangeville,2.2583333333333300
2023-01-12,Rocklea,10.108333333333300
2023-01-12,Roma,3.5208333333333300
2023-01-12,South Brisbane,8.479166666666670
2023-01-12,South Gladstone,15.012500000000000
2023-01-12,Southport,7.370833333333330
2023-01-12,Springwood,7.4
2023-01-12,Toowoomba,4.247826086956520
2023-01-12,Woolloongabba,6.933333333333330
2023-01-12,Wynnum North,7.358333333333330
2023-01-12,Wynnum West,6.7
2023-02-01,Brisbane City,7.154166666666670
2023-02-01,Cannon Hill,7.2875000000000000
2023-02-01,Deagon,6.983333333333330
2023-02-01,Deception Bay,7.233333333333330
2023-02-01,Flinders View,7.108333333333330
2023-02-01,Hopeland,5.1375
2023-02-01,Lytton,2.9500000000000000
2023-02-01,Miles Airport,8.129166666666670
2023-02-01,Mountain Creek,7.166666666666670
2023-02-01,Mutdapilly,7.429166666666670
2023-02-01,Nambour,6.9000000000000000
2023-02-01,North Maclean,7.133333333333330
2023-02-01,Rangeville,3.4625
2023-02-01,Rocklea,6.216666666666670
2023-02-01,South Brisbane,7.591666666666670
2023-02-01,South Gladstone,7.895833333333330
2023-02-01,Southport,6.229166666666670
2023-02-01,Springwood,4.333333333333330
2023-02-01,Toowoomba,5.245833333333330
2023-02-01,Woolloongabba,7.016666666666670
2023-02-01,Wynnum North,2.6875
2023-02-01,Wynnum West,2.5750000000000000
2023-02-02,Brisbane City,5.079166666666670
2023-02-02,Cannon Hill,5.166666666666670
2023-02-02,Deagon,5.0875000000000000
2023-02-02,Deception Bay,5.029166666666670
2023-02-02,Flinders View,5.833333333333330
2023-02-02,Hopeland,4.625
2023-02-02,Lytton,0.9391304347826090
2023-02-02,Miles Airport,5.041666666666670
2023-02-02,Mountain Creek,5.104166666666670
2023-02-02,Mutdapilly,5.7625
2023-02-02,Nambour,4.841666666666670
2023-02-02,North Maclean,5.745833333333330
2023-02-02,Rangeville,3.1041666666666700
2023-02-02,Rocklea,6.045833333333330
2023-02-02,South Brisbane,5.425
2023-02-02,South Gladstone,7.8625
2023-02-02,Southport,5.156521739130440
2023-02-02,Springwood,3.904166666666670
2023-02-02,Toowoomba,6.808333333333330
2023-02-02,Woolloongabba,5.441666666666670
2023-02-02,Wynnum North,0.7791666666666670
2023-02-02,Wynnum West,0.8625000000000000
2023-02-03,Brisbane City,5.7875000000000000
2023-02-03,Cannon Hill,5.9625000000000000
2023-02-03,Deagon,5.5250000000000000
2023-02-03,Deception Bay,5.104166666666670
2023-02-03,Flinders View,7.079166666666670
2023-02-03,Hopeland,5.695833333333330
2023-02-03,Lytton,3.3208333333333300
2023-02-03,Miles Airport,6.083333333333330
2023-02-03,Mountain Creek,3.8333333333333300
2023-02-03,Mutdapilly,5.304166666666670
2023-02-03,Nambour,4.308333333333330
2023-02-03,North Maclean,5.9125000000000000
2023-02-03,Rangeville,3.5
2023-02-03,Rocklea,8.529166666666670
2023-02-03,South Brisbane,6.311764705882350
2023-02-03,South Gladstone,4.233333333333330
2023-02-03,Southport,6.466666666666670
2023-02-03,Springwood,4.666666666666670
2023-02-03,Toowoomba,8.0
2023-02-03,Woolloongabba,6.120833333333330
2023-02-03,Wynnum North,3.0708333333333300
2023-02-03,Wynnum West,2.7125
2023-02-04,Brisbane City,4.925
2023-02-04,Cannon Hill,6.0375000000000000
2023-02-04,Deagon,4.383333333333330
2023-02-04,Deception Bay,4.3
2023-02-04,Flinders View,5.029166666666670
2023-02-04,Hopeland,1.875
2023-02-04,Lytton,3.8000000000000000
2023-02-04,Miles Airport,2.75
2023-02-04,Mountain Creek,4.104166666666670
2023-02-04,Mutdapilly,4.729166666666670
2023-02-04,Nambour,3.8250000000000000
2023-02-04,North Maclean,5.741666666666670
2023-02-04,Rangeville,2.3333333333333300
2023-02-04,Rocklea,9.525
2023-02-04,South Brisbane,5.691666666666670
2023-02-04,South Gladstone,3.5125000000000000
2023-02-04,Southport,2.4625
2023-02-04,Springwood,6.833333333333330
2023-02-04,Toowoomba,4.033333333333330
2023-02-04,Woolloongabba,5.616666666666670
2023-02-04,Wynnum North,2.9583333333333300
2023-02-04,Wynnum West,2.504166666666670
2023-02-05,Brisbane City,3.6458333333333300
2023-02-05,Cannon Hill,3.5083333333333300
2023-02-05,Deagon,3.25
2023-02-05,Deception Bay,4.3
2023-02-05,Flinders View,3.658333333333330
2023-02-05,Hopeland,1.5
2023-02-05,Lytton,4.566666666666670
2023-02-05,Miles Airport,1.9166666666666700
2023-02-05,Mountain Creek,3.5708333333333300
2023-02-05,Mutdapilly,3.5625
2023-02-05,Nambour,2.9625
2023-02-05,North Maclean,6.4375
2023-02-05,Rangeville,2.408333333333330
2023-02-05,Rocklea,3.9875000000000000
2023-02-05,South Brisbane,4.191666666666670
2023-02-05,South Gladstone,5.1625000000000000
2023-02-05,Southport,2.15
2023-02-05,Springwood,5.425
2023-02-05,Toowoomba,4.129166666666670
2023-02-05,Woolloongabba,3.75
2023-02-05,Wynnum North,3.1916666666666700
2023-02-05,Wynnum West,5.666666666666670
2023-02-06,Brisbane City,14.050000000000000
2023-02-06,Cannon Hill,9.487500000000000
2023-02-06,Coomera,8.091666666666670
2023-02-06,Deagon,12.262500000000000
2023-02-06,Deception Bay,8.816666666666670
2023-02-06,Flinders View,6.983333333333330
2023-02-06,Hopeland,3.8333333333333300
2023-02-06,Lytton,8.958333333333330
2023-02-06,Miles Airport,6.125
2023-02-06,Mountain Creek,8.875
2023-02-06,Mutdapilly,5.666666666666670
2023-02-06,Nambour,8.2625
2023-02-06,North Maclean,12.229166666666700
2023-02-06,Rangeville,3.0708333333333300
2023-02-06,Rocklea,13.170833333333300
2023-02-06,South Brisbane,13.854166666666700
2023-02-06,South Gladstone,4.845833333333330
2023-02-06,Southport,9.120833333333330
2023-02-06,Springwood,9.445833333333330
2023-02-06,Toowoomba,5.183333333333330
2023-02-06,Woolloongabba,11.358333333333300
2023-02-06,Wynnum North,6.2750000000000000
2023-02-06,Wynnum West,6.25
2023-02-07,Brisbane City,6.904166666666670
2023-02-07,Cannon Hill,6.520833333333330
2023-02-07,Coomera,6.958333333333330
2023-02-07,Deagon,6.3125
2023-02-07,Deception Bay,6.429166666666670
2023-02-07,Flinders View,7.875
2023-02-07,Lytton,5.154166666666670
2023-02-07,Mountain Creek,6.6125
2023-02-07,Mutdapilly,8.795833333333330
2023-02-07,Nambour,6.6125
2023-02-07,North Maclean,17.7
2023-02-07,Parkwood,6.216666666666670
2023-02-07,Rocklea,10.745833333333300
2023-02-07,South Brisbane,7.020833333333330
2023-02-07,South Gladstone,10.358333333333300
2023-02-07,Southport,5.354166666666670
2023-02-07,Springwood,6.616666666666670
2023-02-07,Toowoomba,6.0125
2023-02-07,Woolloongabba,6.095833333333330
2023-02-07,Wynnum North,4.6375
2023-02-07,Wynnum West,4.170833333333330
2023-02-08,Brisbane City,9.066666666666670
2023-02-08,Cannon Hill,7.854166666666670
2023-02-08,Coomera,8.995833333333330
2023-02-08,Deagon,7.7375
2023-02-08,Deception Bay,7.491666666666670
2023-02-08,Flinders View,8.525
2023-02-08,Lytton,5.7625
2023-02-08,Mountain Creek,7.470833333333330
2023-02-08,Mutdapilly,8.541666666666670
2023-02-08,Nambour,6.008333333333330
2023-02-08,North Maclean,9.6875
2023-02-08,Parkwood,10.204166666666700
2023-02-08,Rangeville,2.9958333333333300
2023-02-08,Rocklea,9.270833333333330
2023-02-08,South Brisbane,9.495833333333330
2023-02-08,South Gladstone,5.245833333333330
2023-02-08,Southport,6.25
2023-02-08,Springwood,8.200000000000000
2023-02-08,Toowoomba,7.7625
2023-02-08,Woolloongabba,8.841666666666670
2023-02-08,Wynnum North,3.2458333333333300
2023-02-08,Wynnum West,3.154166666666670
2023-02-09,Brisbane City,8.316666666666670
2023-02-09,Cannon Hill,8.0375
2023-02-09,Charleville,2.033333333333330
2023-02-09,Coomera,7.466666666666670
2023-02-09,Deagon,7.591666666666670
2023-02-09,Deception Bay,7.858333333333330
2023-02-09,Flinders View,8.370833333333330
2023-02-09,Lytton,3.6833333333333300
2023-02-09,Mountain Creek,8.758333333333340
2023-02-09,Mutdapilly,8.1625
2023-02-09,Nambour,8.683333333333330
2023-02-09,North Maclean,8.862500000000000
2023-02-09,Parkwood,7.141666666666670
2023-02-09,Rangeville,3.6041666666666700
2023-02-09,Rocklea,8.679166666666670
2023-02-09,Roma,5.9375
2023-02-09,South Brisbane,8.595833333333330
2023-02-09,South Gladstone,9.454166666666670
2023-02-09,Southport,7.858333333333330
2023-02-09,Springwood,7.733333333333330
2023-02-09,Toowoomba,9.129166666666670
2023-02-09,Woolloongabba,8.016666666666670
2023-02-09,Wynnum North,2.779166666666670
2023-02-09,Wynnum West,2.6458333333333300
2023-02-10,Brisbane City,6.445833333333330
2023-02-10,Cannon Hill,6.325
2023-02-10,Charleville,1.9916666666666700
2023-02-10,Coomera,8.0625
2023-02-10,Deagon,5.645833333333330
2023-02-10,Deception Bay,6.195833333333330
2023-02-10,Flinders View,6.808333333333330
2023-02-10,Lytton,3.5875
2023-02-10,Mountain Creek,5.329166666666670
2023-02-10,Mutdapilly,9.112500000000000
2023-02-10,Nambour,4.433333333333330
2023-02-10,North Maclean,7.966666666666670
2023-02-10,Parkwood,6.329166666666670
2023-02-10,Rangeville,3.3333333333333300
2023-02-10,Rocklea,6.183333333333330
2023-02-10,Roma,5.379166666666670
2023-02-10,South Brisbane,6.533333333333330
2023-02-10,South Gladstone,6.7125000000000000
2023-02-10,Southport,7.145833333333330
2023-02-10,Springwood,6.679166666666670
2023-02-10,Toowoomba,6.733333333333330
2023-02-10,Woolloongabba,5.6875
2023-02-10,Wynnum North,3.1875
2023-02-10,Wynnum West,2.670833333333330
2023-02-11,Brisbane City,8.5875
2023-02-11,Cannon Hill,8.225
2023-02-11,Charleville,2.3250000000000000
2023-02-11,Coomera,6.791666666666670
2023-02-11,Deagon,6.5875000000000000
2023-02-11,Deception Bay,6.820833333333330
2023-02-11,Flinders View,11.016666666666700
2023-02-11,Lytton,4.008333333333330
2023-02-11,Mountain Creek,9.308333333333330
2023-02-11,Mutdapilly,14.270833333333300
2023-02-11,Nambour,6.591666666666670
2023-02-11,North Maclean,9.708333333333330
2023-02-11,Parkwood,5.5250000000000000
2023-02-11,Rangeville,7.133333333333330
2023-02-11,Rocklea,7.954545454545450
2023-02-11,Roma,9.1
2023-02-11,South Brisbane,8.775
2023-02-11,South Gladstone,16.5
2023-02-11,Southport,6.183333333333330
2023-02-11,Springwood,8.229166666666670
2023-02-11,Toowoomba,17.770833333333300
2023-02-11,Woolloongabba,7.508333333333330
2023-02-11,Wynnum North,2.5125000000000000
2023-02-11,Wynnum West,2.3833333333333300
2023-02-12,Brisbane City,7.641666666666670
2023-02-12,Cannon Hill,7.633333333333330
2023-02-12,Charleville,2.0083333333333300
2023-02-12,Coomera,6.554166666666670
2023-02-12,Deagon,7.720833333333330
2023-02-12,Deception Bay,8.9125
2023-02-12,Flinders View,5.579166666666670
2023-02-12,Lytton,6.173913043478260
2023-02-12,Mountain Creek,9.370833333333330
2023-02-12,Mutdapilly,4.691666666666670
2023-02-12,Nambour,8.4625
2023-02-12,North Maclean,7.0250000000000000
2023-02-12,Parkwood,5.254166666666670
2023-02-12,Rangeville,2.15
2023-02-12,Rocklea,7.929166666666670
2023-02-12,Roma,4.8875
2023-02-12,South Brisbane,8.675000000000000
2023-02-12,South Gladstone,7.541666666666670
2023-02-12,Southport,6.7375
2023-02-12,Springwood,6.929166666666670
2023-02-12,Toowoomba,3.5750000000000000
2023-02-12,Woolloongabba,6.970833333333330
2023-02-12,Wynnum North,5.675000000000000
2023-02-12,Wynnum West,4.945833333333330
2023-03-01,Brisbane City,7.375
2023-03-01,Cannon Hill,7.916666666666670
2023-03-01,Deagon,6.533333333333330
2023-03-01,Deception Bay,6.925
2023-03-01,Flinders View,15.512500000000000
2023-03-01,Hopeland,7.629166666666670
2023-03-01,Lytton,4.920833333333330
2023-03-01,Miles Airport,7.895833333333330
2023-03-01,Mountain Creek,6.858333333333330
2023-03-01,Mutdapilly,10.079166666666700
2023-03-01,Nambour,6.4750000000000000
2023-03-01,North Maclean,7.945833333333330
2023-03-01,Rangeville,3.725
2023-03-01,Rocklea,7.625
2023-03-01,South Brisbane,7.633333333333330
2023-03-01,South Gladstone,7.820833333333330
2023-03-01,Southport,5.933333333333330
2023-03-01,Springwood,4.679166666666670
2023-03-01,Toowoomba,8.145833333333330
2023-03-01,Woolloongabba,7.470833333333330
2023-03-01,Wynnum North,3.8083333333333300
2023-03-01,Wynnum West,3.3333333333333300
2023-03-02,Brisbane City,6.4625000000000000
2023-03-02,Cannon Hill,7.008333333333330
2023-03-02,Deagon,5.520833333333330
2023-03-02,Deception Bay,5.770833333333330
2023-03-02,Flinders View,6.216666666666670
2023-03-02,Hopeland,3.2375000000000000
2023-03-02,Lytton,4.395238095238100
2023-03-02,Miles Airport,2.9166666666666700
2023-03-02,Mountain Creek,6.4000000000000000
2023-03-02,Mutdapilly,6.070833333333330
2023-03-02,Nambour,5.108333333333330
2023-03-02,North Maclean,6.7875000000000000
2023-03-02,Rangeville,3.1958333333333300
2023-03-02,Rocklea,7.55
2023-03-02,South Brisbane,6.933333333333330
2023-03-02,South Gladstone,8.066666666666670
2023-03-02,Southport,6.5476190476190500
2023-03-02,Springwood,7.5875000000000000
2023-03-02,Toowoomba,6.216666666666670
2023-03-02,Woolloongabba,7.020833333333330
2023-03-02,Wynnum North,3.6125
2023-03-02,Wynnum West,4.156521739130440
2023-03-03,Brisbane City,5.329166666666670
2023-03-03,Cannon Hill,5.458333333333330
2023-03-03,Deagon,5.208333333333330
2023-03-03,Deception Bay,5.304166666666670
2023-03-03,Flinders View,5.929166666666670
2023-03-03,Hopeland,5.8125
2023-03-03,Lytton,1.9291666666666700
2023-03-03,Miles Airport,6.75
2023-03-03,Mountain Creek,5.279166666666670
2023-03-03,Mutdapilly,5.670833333333330
2023-03-03,Nambour,4.4750000000000000
2023-03-03,North Maclean,5.366666666666670
2023-03-03,Rangeville,3.108333333333330
2023-03-03,Rocklea,5.766666666666670
2023-03-03,South Brisbane,5.8
2023-03-03,South Gladstone,4.916666666666670
2023-03-03,Southport,4.295833333333330
2023-03-03,Springwood,4.791666666666670
2023-03-03,Toowoomba,5.2625
2023-03-03,Woolloongabba,5.7
2023-03-03,Wynnum North,1.7875000000000000
2023-03-03,Wynnum West,1.6208333333333300
2023-03-04,Brisbane City,3.3833333333333300
2023-03-04,Cannon Hill,4.558333333333330
2023-03-04,Deagon,3.4333333333333300
2023-03-04,Deception Bay,3.6
2023-03-04,Flinders View,2.8708333333333300
2023-03-04,Hopeland,2.0
2023-03-04,Lytton,3.2458333333333300
2023-03-04,Miles Airport,3.7916666666666700
2023-03-04,Mountain Creek,3.7583333333333300
2023-03-04,Mutdapilly,4.054166666666670
2023-03-04,Nambour,3.154166666666670
2023-03-04,North Maclean,3.220833333333330
2023-03-04,Rangeville,2.3125
2023-03-04,Rocklea,6.820833333333330
2023-03-04,South Brisbane,3.8208333333333300
2023-03-04,South Gladstone,3.8208333333333300
2023-03-04,Southport,1.3625
2023-03-04,Springwood,2.8625000000000000
2023-03-04,Toowoomba,3.329166666666670
2023-03-04,Woolloongabba,4.170833333333330
2023-03-04,Wynnum North,1.075
2023-03-04,Wynnum West,0.5791666666666670
2023-03-05,Brisbane City,4.108333333333330
2023-03-05,Cannon Hill,4.1000000000000000
2023-03-05,Deagon,3.5375
2023-03-05,Deception Bay,5.283333333333330
2023-03-05,Flinders View,6.008333333333330
2023-03-05,Hopeland,1.3333333333333300
2023-03-05,Lytton,5.016666666666670
2023-03-05,Miles Airport,1.6666666666666700
2023-03-05,Mountain Creek,3.5625
2023-03-05,Mutdapilly,4.529166666666670
2023-03-05,Nambour,3.0500000000000000
2023-03-05,North Maclean,5.8500000000000000
2023-03-05,Rangeville,2.341666666666670
2023-03-05,Rocklea,6.083333333333330
2023-03-05,South Brisbane,4.575
2023-03-05,South Gladstone,4.7375
2023-03-05,Southport,3.0833333333333300
2023-03-05,Springwood,4.666666666666670
2023-03-05,Toowoomba,3.625
2023-03-05,Woolloongabba,4.55
2023-03-05,Wynnum North,3.1458333333333300
2023-03-05,Wynnum West,4.575
2023-03-06,Brisbane City,7.691666666666670
2023-03-06,Cannon Hill,8.166666666666670
2023-03-06,Coomera,9.304166666666670
2023-03-06,Deagon,6.4625000000000000
2023-03-06,Deception Bay,6.016666666666670
2023-03-06,Flinders View,7.058333333333330
2023-03-06,Hopeland,5.041666666666670
2023-03-06,Lytton,5.966666666666670
2023-03-06,Miles Airport,6.25
2023-03-06,Mountain Creek,6.229166666666670
2023-03-06,Mutdapilly,6.325
2023-03-06,Nambour,5.279166666666670
2023-03-06,North Maclean,11.629166666666700
2023-03-06,Rangeville,2.891666666666670
2023-03-06,Rocklea,12.516666666666700
2023-03-06,South Brisbane,8.483333333333330
2023-03-06,South Gladstone,5.133333333333330
2023-03-06,Southport,10.058333333333300
2023-03-06,Springwood,7.508333333333330
2023-03-06,Toowoomba,6.666666666666670
2023-03-06,Woolloongabba,7.633333333333330
2023-03-06,Wynnum North,4.9000000000000000
2023-03-06,Wynnum West,4.254166666666670
2023-03-07,Brisbane City,8.508333333333340
2023-03-07,Cannon Hill,5.8375000000000000
2023-03-07,Coomera,5.7375
2023-03-07,Deagon,6.2375
2023-03-07,Deception Bay,5.708333333333330
2023-03-07,Flinders View,7.1375
2023-03-07,Lytton,3.4416666666666700
2023-03-07,Mountain Creek,5.479166666666670
2023-03-07,Mutdapilly,8.604166666666670
2023-03-07,Nambour,4.5875000000000000
2023-03-07,North Maclean,8.633333333333340
2023-03-07,Parkwood,5.375
2023-03-07,Rocklea,15.083333333333300
2023-03-07,South Brisbane,8.620833333333330
2023-03-07,South Gladstone,7.2250000000000000
2023-03-07,Southport,3.2458333333333300
2023-03-07,Springwood,4.179166666666670
2023-03-07,Toowoomba,6.020833333333330
2023-03-07,Woolloongabba,8.200000000000000
2023-03-07,Wynnum North,2.0458333333333300
2023-03-07,Wynnum West,1.6458333333333300
2023-03-08,Brisbane City,4.520833333333330
2023-03-08,Cannon Hill,4.0125
2023-03-08,Coomera,3.9291666666666700
2023-03-08,Deagon,4.033333333333330
2023-03-08,Deception Bay,3.720833333333330
2023-03-08,Flinders View,6.658333333333330
2023-03-08,Lytton,1.6625000000000000
2023-03-08,Mountain Creek,4.470833333333330
2023-03-08,Mutdapilly,9.595833333333330
2023-03-08,Nambour,3.8958333333333300
2023-03-08,North Maclean,6.045833333333330
2023-03-08,Parkwood,3.6375000000000000
2023-03-08,Rangeville,2.3125
2023-03-08,Rocklea,2.7458333333333300
2023-03-08,South Brisbane,5.1125
2023-03-08,South Gladstone,7.133333333333330
2023-03-08,Southport,3.875
2023-03-08,Springwood,3.9166666666666700
2023-03-08,Toowoomba,4.416666666666670
2023-03-08,Woolloongabba,4.783333333333330
2023-03-08,Wynnum North,0.6875
2023-03-08,Wynnum West,0.7916666666666670
2023-03-09,Brisbane City,8.370833333333330
2023-03-09,Cannon Hill,7.4750000000000000
2023-03-09,Charleville,2.0043478260869600
2023-03-09,Coomera,6.127272727272730
2023-03-09,Deagon,6.825
2023-03-09,Deception Bay,7.2125000000000000
2023-03-09,Flinders View,7.433333333333330
2023-03-09,Lytton,4.017391304347830
2023-03-09,Mountain Creek,7.3500000000000000
2023-03-09,Mutdapilly,8.9
2023-03-09,Nambour,6.8
2023-03-09,North Maclean,9.433333333333330
2023-03-09,Parkwood,5.841666666666670
2023-03-09,Rangeville,3.3250000000000000
2023-03-09,Rocklea,8.854166666666670
2023-03-09,Roma,5.479166666666670
2023-03-09,South Brisbane,8.520833333333330
2023-03-09,South Gladstone,7.854166666666670
2023-03-09,Southport,6.766666666666670
2023-03-09,Springwood,8.329166666666670
2023-03-09,Toowoomba,9.075000000000000
2023-03-09,Woolloongabba,8.0
2023-03-09,Wynnum North,3.154166666666670
2023-03-09,Wynnum West,2.8250000000000000
2023-03-10,Brisbane City,8.595833333333330
2023-03-10,Cannon Hill,7.9625000000000000
2023-03-10,Charleville,2.0458333333333300
2023-03-10,Coomera,7.795833333333330
2023-03-10,Deagon,7.4125000000000000
2023-03-10,Deception Bay,7.7750000000000000
2023-03-10,Flinders View,8.475
2023-03-10,Lytton,4.641666666666670
2023-03-10,Mountain Creek,7.520833333333330
2023-03-10,Mutdapilly,10.654166666666700
2023-03-10,Nambour,6.204166666666670
2023-03-10,North Maclean,8.0
2023-03-10,Parkwood,7.541666666666670
2023-03-10,Rangeville,3.6166666666666700
2023-03-10,Rocklea,9.779166666666670
2023-03-10,Roma,5.4125000000000000
2023-03-10,South Brisbane,8.683333333333330
2023-03-10,South Gladstone,9.737500000000000
2023-03-10,Southport,8.420833333333330
2023-03-10,Springwood,7.441666666666670
2023-03-10,Toowoomba,6.920833333333330
2023-03-10,Woolloongabba,7.6375
2023-03-10,Wynnum North,2.954166666666670
2023-03-10,Wynnum West,2.783333333333330
2023-03-11,Brisbane City,5.508333333333330
2023-03-11,Cannon Hill,5.2125000000000000
2023-03-11,Charleville,2.1875
2023-03-11,Coomera,4.720833333333330
2023-03-11,Deagon,4.816666666666670
2023-03-11,Deception Bay,4.870833333333330
2023-03-11,Flinders View,5.7875000000000000
2023-03-11,Lytton,2.3583333333333300
2023-03-11,Mountain Creek,8.154166666666670
2023-03-11,Mutdapilly,6.625
2023-03-11,Nambour,4.004166666666670
2023-03-11,North Maclean,6.508333333333330
2023-03-11,Parkwood,3.5375
2023-03-11,Rangeville,4.283333333333330
2023-03-11,Rocklea,9.154166666666670
2023-03-11,Roma,8.716666666666670
2023-03-11,South Brisbane,6.045833333333330
2023-03-11,South Gladstone,11.9
2023-03-11,Southport,4.333333333333330
2023-03-11,Springwood,5.016666666666670
2023-03-11,Toowoomba,9.345833333333330
2023-03-11,Woolloongabba,5.158333333333330
2023-03-11,Wynnum North,1.6791666666666700
2023-03-11,Wynnum West,1.4916666666666700
2023-03-12,Brisbane City,5.2875000000000000
2023-03-12,Cannon Hill,5.691666666666670
2023-03-12,Charleville,2.004166666666670
2023-03-12,Coomera,6.729166666666670
2023-03-12,Deagon,5.8500000000000000
2023-03-12,Deception Bay,7.366666666666670
2023-03-12,Flinders View,4.929166666666670
2023-03-12,Lytton,3.9416666666666700
2023-03-12,Mountain Creek,7.320833333333330
2023-03-12,Mutdapilly,4.095833333333330
2023-03-12,Nambour,5.229166666666670
2023-03-12,North Maclean,6.283333333333330
2023-03-12,Parkwood,5.845833333333330
2023-03-12,Rangeville,2.0458333333333300
2023-03-12,Rocklea,5.883333333333330
2023-03-12,Roma,4.1875
2023-03-12,South Brisbane,5.658333333333330
2023-03-12,South Gladstone,7.141666666666670
2023-03-12,Southport,7.425
2023-03-12,Springwood,5.7250000000000000
2023-03-12,Toowoomba,2.6833333333333300
2023-03-12,Woolloongabba,4.545833333333330
2023-03-12,Wynnum North,4.133333333333330
2023-03-12,Wynnum West,3.341666666666670
2023-04-01,Brisbane City,8.345833333333330
2023-04-01,Cannon Hill,8.779166666666670
2023-04-01,Deagon,7.570833333333330
2023-04-01,Deception Bay,8.191666666666670
2023-04-01,Flinders View,9.241666666666670
2023-04-01,Hopeland,6.170833333333330
2023-04-01,Lytton,4.795833333333330
2023-04-01,Miles Airport,6.841666666666670
2023-04-01,Mountain Creek,7.766666666666670
2023-04-01,Mutdapilly,9.75
2023-04-01,Nambour,6.920833333333330
2023-04-01,North Maclean,8.700000000000000
2023-04-01,Rangeville,4.983333333333330
2023-04-01,Rocklea,9.195833333333330
2023-04-01,South Brisbane,8.645833333333330
2023-04-01,South Gladstone,7.458333333333330
2023-04-01,Southport,7.7
2023-04-01,Springwood,5.545833333333330
2023-04-01,Toowoomba,8.827272727272730
2023-04-01,Woolloongabba,8.208333333333330
2023-04-01,Wynnum North,4.141666666666670
2023-04-01,Wynnum West,3.8125
2023-04-02,Brisbane City,6.175
2023-04-02,Cannon Hill,6.583333333333330
2023-04-02,Deagon,5.533333333333330
2023-04-02,Deception Bay,6.0250000000000000
2023-04-02,Flinders View,5.4750000000000000
2023-04-02,Hopeland,16.729166666666700
2023-04-02,Lytton,1.435
2023-04-02,Miles Airport,3.4583333333333300
2023-04-02,Mountain Creek,6.3875
2023-04-02,Mutdapilly,5.166666666666670
2023-04-02,Nambour,6.083333333333330
2023-04-02,North Maclean,6.8
2023-04-02,Rangeville,2.7000000000000000
2023-04-02,Rocklea,8.945833333333330
2023-04-02,South Brisbane,6.554166666666670
2023-04-02,South Gladstone,5.908333333333330
2023-04-02,Southport,7.404166666666670
2023-04-02,Springwood,6.216666666666670
2023-04-02,Toowoomba,5.383333333333330
2023-04-02,Woolloongabba,6.629166666666670
2023-04-02,Wynnum North,2.42
2023-04-02,Wynnum West,2.280952380952380
2023-04-03,Brisbane City,4.941666666666670
2023-04-03,Cannon Hill,5.029166666666670
2023-04-03,Deagon,4.933333333333330
2023-04-03,Deception Bay,5.170833333333330
2023-04-03,Flinders View,4.7125000000000000
2023-04-03,Hopeland,2.983333333333330
2023-04-03,Lytton,2.0416666666666700
2023-04-03,Miles Airport,3.1666666666666700
2023-04-03,Mountain Creek,5.4375
2023-04-03,Mutdapilly,5.3500000000000000
2023-04-03,Nambour,4.995833333333330
2023-04-03,North Maclean,4.6000000000000000
2023-04-03,Rangeville,2.725
2023-04-03,Rocklea,4.558333333333330
2023-04-03,South Brisbane,5.295833333333330
2023-04-03,South Gladstone,6.133333333333330
2023-04-03,Southport,3.7875
2023-04-03,Springwood,4.2125
2023-04-03,Toowoomba,4.604166666666670
2023-04-03,Woolloongabba,5.2125000000000000
2023-04-03,Wynnum North,1.7541666666666700
2023-04-03,Wynnum West,1.6291666666666700
2023-04-04,Brisbane City,3.025
2023-04-04,Cannon Hill,3.2416666666666700
2023-04-04,Deagon,2.9125
2023-04-04,Deception Bay,3.120833333333330
2023-04-04,Flinders View,2.720833333333330
2023-04-04,Hopeland,1.5
2023-04-04,Lytton,1.8458333333333300
2023-04-04,Miles Airport,2.9166666666666700
2023-04-04,Mountain Creek,2.983333333333330
2023-04-04,Mutdapilly,4.666666666666670
2023-04-04,Nambour,3.470833333333330
2023-04-04,North Maclean,2.8833333333333300
2023-04-04,Rangeville,2.1
2023-04-04,Rocklea,6.820833333333330
2023-04-04,South Brisbane,3.5727272727272700
2023-04-04,South Gladstone,4.575
2023-04-04,Southport,0.65
2023-04-04,Springwood,2.6875
2023-04-04,Toowoomba,2.6916666666666700
2023-04-04,Woolloongabba,3.733333333333330
2023-04-04,Wynnum North,1.025
2023-04-04,Wynnum West,0.1
2023-04-05,Brisbane City,13.620833333333300
2023-04-05,Cannon Hill,10.025
2023-04-05,Deagon,5.675
2023-04-05,Deception Bay,6.05
2023-04-05,Flinders View,5.741666666666670
2023-04-05,Hopeland,2.0416666666666700
2023-04-05,Lytton,11.458333333333300
2023-04-05,Miles Airport,2.125
2023-04-05,Mountain Creek,4.320833333333330
2023-04-05,Mutdapilly,7.033333333333330
2023-04-05,Nambour,3.545833333333330
2023-04-05,North Maclean,7.091666666666670
2023-04-05,Rangeville,3.1375000000000000
2023-04-05,Rocklea,15.283333333333300
2023-04-05,South Brisbane,13.845833333333300
2023-04-05,South Gladstone,4.25
2023-04-05,Southport,3.670833333333330
2023-04-05,Springwood,6.266666666666670
2023-04-05,Toowoomba,5.5125
2023-04-05,Woolloongabba,11.941666666666700
2023-04-05,Wynnum North,7.7250000000000000
2023-04-05,Wynnum West,17.658333333333300
2023-04-06,Brisbane City,7.2750000000000000
2023-04-06,Cannon Hill,6.9875
2023-04-06,Coomera,5.0250000000000000
2023-04-06,Deagon,6.7750000000000000
2023-04-06,Deception Bay,5.233333333333330
2023-04-06,Flinders View,6.220833333333330
2023-04-06,Hopeland,3.4583333333333300
2023-04-06,Lytton,4.3500000000000000
2023-04-06,Miles Airport,4.25
2023-04-06,Mountain Creek,5.770833333333330
2023-04-06,Mutdapilly,6.229166666666670
2023-04-06,Nambour,4.141666666666670
2023-04-06,North Maclean,8.708333333333330
2023-04-06,Rangeville,2.0416666666666700
2023-04-06,Rocklea,13.858333333333300
2023-04-06,South Brisbane,7.5250000000000000
2023-04-06,South Gladstone,5.995833333333330
2023-04-06,Southport,4.129166666666670
2023-04-06,Springwood,6.870833333333330
2023-04-06,Toowoomba,4.133333333333330
2023-04-06,Woolloongabba,6.254166666666670
2023-04-06,Wynnum North,3.0750000000000000
2023-04-06,Wynnum West,3.0125000000000000
2023-04-07,Brisbane City,6.570833333333330
2023-04-07,Cannon Hill,5.175
2023-04-07,Coomera,3.904166666666670
2023-04-07,Deagon,5.054166666666670
2023-04-07,Deception Bay,4.716666666666670
2023-04-07,Flinders View,6.6000000000000000
2023-04-07,Lytton,3.5500000000000000
2023-04-07,Mountain Creek,5.379166666666670
2023-04-07,Mutdapilly,2.7416666666666700
2023-04-07,Nambour,3.4500000000000000
2023-04-07,North Maclean,5.4875
2023-04-07,Parkwood,3.65
2023-04-07,Rangeville,2.0
2023-04-07,Rocklea,15.2125
2023-04-07,South Brisbane,7.408333333333330
2023-04-07,South Gladstone,8.391666666666670
2023-04-07,Southport,3.0833333333333300
2023-04-07,Springwood,3.266666666666670
2023-04-07,Toowoomba,1.7041666666666700
2023-04-07,Woolloongabba,5.283333333333330
2023-04-07,Wynnum North,0.9375
2023-04-07,Wynnum West,0.8791666666666670
2023-04-08,Brisbane City,4.954166666666670
2023-04-08,Cannon Hill,4.554166666666670
2023-04-08,Coomera,3.220833333333330
2023-04-08,Deagon,4.608333333333330
2023-04-08,Deception Bay,4.2125000000000000
2023-04-08,Flinders View,8.816666666666670
2023-04-08,Lytton,2.617391304347830
2023-04-08,Mountain Creek,3.783333333333330
2023-04-08,Mutdapilly,5.370833333333330
2023-04-08,Nambour,3.25
2023-04-08,North Maclean,7.316666666666670
2023-04-08,Parkwood,3.1041666666666700
2023-04-08,Rangeville,2.0208333333333300
2023-04-08,Rocklea,5.016666666666670
2023-04-08,South Brisbane,5.729166666666670
2023-04-08,South Gladstone,4.7875000000000000
2023-04-08,Southport,3.5416666666666700
2023-04-08,Springwood,5.820833333333330
2023-04-08,Toowoomba,3.795833333333330
2023-04-08,Woolloongabba,5.5
2023-04-08,Wynnum North,1.7041666666666700
2023-04-08,Wynnum West,1.9916666666666700
2023-04-09,Brisbane City,7.666666666666670
2023-04-09,Cannon Hill,7.058333333333330
2023-04-09,Charleville,2.278260869565220
2023-04-09,Coomera,6.504166666666670
2023-04-09,Deagon,7.120833333333330
2023-04-09,Deception Bay,7.679166666666670
2023-04-09,Flinders View,6.3125
2023-04-09,Lytton,4.029166666666670
2023-04-09,Mountain Creek,6.925000000000000
2023-04-09,Mutdapilly,6.425
2023-04-09,Nambour,6.129166666666670
2023-04-09,North Maclean,7.7875000000000000
2023-04-09,Parkwood,5.933333333333330
2023-04-09,Rangeville,2.5416666666666700
2023-04-09,Rocklea,9.445833333333330
2023-04-09,Roma,4.5125
2023-04-09,South Brisbane,7.841666666666670
2023-04-09,South Gladstone,6.370833333333330
2023-04-09,Southport,6.8375000000000000
2023-04-09,Springwood,6.529166666666670
2023-04-09,Toowoomba,8.916666666666670
2023-04-09,Woolloongabba,7.366666666666670
2023-04-09,Wynnum North,3.7375000000000000
2023-04-09,Wynnum West,2.7708333333333300
2023-04-10,Brisbane City,8.716666666666670
2023-04-10,Cannon Hill,9.15
2023-04-10,Charleville,2.0750000000000000
2023-04-10,Coomera,8.208333333333330
2023-04-10,Deagon,8.233333333333330
2023-04-10,Deception Bay,8.550000000000000
2023-04-10,Flinders View,7.241666666666670
2023-04-10,Lytton,4.179166666666670
2023-04-10,Mountain Creek,8.341666666666670
2023-04-10,Mutdapilly,8.441666666666670
2023-04-10,Nambour,6.125
2023-04-10,North Maclean,8.35
2023-04-10,Parkwood,8.391666666666670
2023-04-10,Rangeville,2.8875000000000000
2023-04-10,Rocklea,8.033333333333330
2023-04-10,Roma,5.3
2023-04-10,South Brisbane,8.808333333333330
2023-04-10,South Gladstone,9.983333333333330
2023-04-10,Southport,10.485714285714300
2023-04-10,Springwood,8.695833333333330
2023-04-10,Toowoomba,6.4875
2023-04-10,Woolloongabba,8.266666666666670
2023-04-10,Wynnum North,3.279166666666670
2023-04-10,Wynnum West,3.033333333333330
2023-04-11,Brisbane City,6.875
2023-04-11,Cannon Hill,6.9750000000000000
2023-04-11,Charleville,2.1791666666666700
2023-04-11,Coomera,5.5
2023-04-11,Deagon,6.020833333333330
2023-04-11,Deception Bay,6.095833333333330
2023-04-11,Flinders View,8.204166666666670
2023-04-11,Lytton,3.816666666666670
2023-04-11,Mountain Creek,4.954166666666670
2023-04-11,Mutdapilly,8.533333333333330
2023-04-11,Nambour,4.433333333333330
2023-04-11,North Maclean,8.6
2023-04-11,Parkwood,4.579166666666670
2023-04-11,Rangeville,2.525
2023-04-11,Rocklea,11.887500000000000
2023-04-11,Roma,6.716666666666670
2023-04-11,South Brisbane,7.279166666666670
2023-04-11,South Gladstone,6.1000000000000000
2023-04-11,Southport,5.1875
2023-04-11,Springwood,6.3875
2023-04-11,Toowoomba,11.379166666666700
2023-04-11,Woolloongabba,5.970833333333330
2023-04-11,Wynnum North,3.0666666666666700
2023-04-11,Wynnum West,2.8208333333333300
2023-04-12,Brisbane City,6.816666666666670
2023-04-12,Cannon Hill,6.483333333333330
2023-04-12,Charleville,2.0125000000000000
2023-04-12,Coomera,5.7625
2023-04-12,Deagon,6.670833333333330
2023-04-12,Deception Bay,6.641666666666670
2023-04-12,Flinders View,6.229166666666670
2023-04-12,Lytton,3.9291666666666700
2023-04-12,Mountain Creek,6.658333333333330
2023-04-12,Mutdapilly,6.5
2023-04-12,Nambour,5.9125000000000000
2023-04-12,North Maclean,6.2125000000000000
2023-04-12,Parkwood,4.45
2023-04-12,Rangeville,2.4791666666666700
2023-04-12,Rocklea,8.441666666666670
2023-04-12,Roma,6.541666666666670
2023-04-12,South Brisbane,7.05
2023-04-12,South Gladstone,7.708333333333330
2023-04-12,Southport,5.745833333333330
2023-04-12,Springwood,5.9000000000000000
2023-04-12,Toowoomba,6.083333333333330
2023-04-12,Woolloongabba,5.9750000000000000
2023-04-12,Wynnum North,3.295833333333330
2023-04-12,Wynnum West,2.9
2023-05-01,Brisbane City,6.679166666666670
2023-05-01,Cannon Hill,6.831818181818180
2023-05-01,Deagon,5.866666666666670
2023-05-01,Deception Bay,5.05
2023-05-01,Flinders View,6.0875000000000000
2023-05-01,Hopeland,5.879166666666670
2023-05-01,Lytton,4.658333333333330
2023-05-01,Miles Airport,4.1125
2023-05-01,Mountain Creek,5.016666666666670
2023-05-01,Mutdapilly,4.9000000000000000
2023-05-01,Nambour,4.695833333333330
2023-05-01,North Maclean,6.1625000000000000
2023-05-01,Rangeville,2.370833333333330
2023-05-01,Rocklea,7.366666666666670
2023-05-01,South Brisbane,7.054166666666670
2023-05-01,South Gladstone,5.454166666666670
2023-05-01,Southport,5.970833333333330
2023-05-01,Springwood,6.9000000000000000
2023-05-01,Toowoomba,6.55
2023-05-01,Woolloongabba,6.354166666666670
2023-05-01,Wynnum North,3.391666666666670
2023-05-01,Wynnum West,3.220833333333330
2023-05-02,Brisbane City,6.945833333333330
2023-05-02,Cannon Hill,7.1625000000000000
2023-05-02,Deagon,6.6875
2023-05-02,Deception Bay,6.833333333333330
2023-05-02,Flinders View,6.966666666666670
2023-05-02,Hopeland,6.579166666666670
2023-05-02,Lytton,3.295833333333330
2023-05-02,Miles Airport,6.458333333333330
2023-05-02,Mountain Creek,7.2375
2023-05-02,Mutdapilly,6.808333333333330
2023-05-02,Nambour,6.979166666666670
2023-05-02,North Maclean,7.45
2023-05-02,Rangeville,4.658333333333330
2023-05-02,Rocklea,6.9750000000000000
2023-05-02,South Brisbane,6.991666666666670
2023-05-02,South Gladstone,7.170833333333330
2023-05-02,Southport,5.783333333333330
2023-05-02,Springwood,5.5375000000000000
2023-05-02,Toowoomba,7.675
2023-05-02,Woolloongabba,6.591666666666670
2023-05-02,Wynnum North,3.2125
2023-05-02,Wynnum West,2.7541666666666700
2023-05-03,Brisbane City,4.895833333333330
2023-05-03,Cannon Hill,5.120833333333330
2023-05-03,Deagon,4.954166666666670
2023-05-03,Deception Bay,5.041666666666670
2023-05-03,Flinders View,4.854166666666670
2023-05-03,Hopeland,3.220833333333330
2023-05-03,Lytton,2.308333333333330
2023-05-03,Miles Airport,3.0833333333333300
2023-05-03,Mountain Creek,4.820833333333330
2023-05-03,Mutdapilly,4.6500000000000000
2023-05-03,Nambour,4.716666666666670
2023-05-03,North Maclean,4.804166666666670
2023-05-03,Rangeville,2.404166666666670
2023-05-03,Rocklea,5.5
2023-05-03,South Brisbane,5.129166666666670
2023-05-03,South Gladstone,5.795833333333330
2023-05-03,Southport,3.6291666666666700
2023-05-03,Springwood,5.154166666666670
2023-05-03,Toowoomba,4.425
2023-05-03,Woolloongabba,4.979166666666670
2023-05-03,Wynnum North,2.075
2023-05-03,Wynnum West,1.8791666666666700
2023-05-04,Brisbane City,4.158333333333330
2023-05-04,Cannon Hill,4.458333333333330
2023-05-04,Deagon,4.266666666666670
2023-05-04,Deception Bay,4.6375
2023-05-04,Flinders View,3.545833333333330
2023-05-04,Hopeland,1.9583333333333300
2023-05-04,Lytton,3.3541666666666700
2023-05-04,Miles Airport,2.9166666666666700
2023-05-04,Mountain Creek,4.220833333333330
2023-05-04,Mutdapilly,4.7375
2023-05-04,Nambour,3.0125000000000000
2023-05-04,North Maclean,3.6666666666666700
2023-05-04,Rangeville,2.183333333333330
2023-05-04,Rocklea,7.770833333333330
2023-05-04,South Brisbane,4.6000000000000000
2023-05-04,South Gladstone,5.508333333333330
2023-05-04,Southport,1.8625
2023-05-04,Springwood,3.7818181818181800
2023-05-04,Toowoomba,3.1125000000000000
2023-05-04,Woolloongabba,5.3125
2023-05-04,Wynnum North,1.9458333333333300
2023-05-04,Wynnum West,1.51
2023-05-05,Brisbane City,8.208333333333330
2023-05-05,Cannon Hill,8.279166666666670
2023-05-05,Deagon,6.404166666666670
2023-05-05,Deception Bay,7.1875
2023-05-05,Flinders View,6.9625000000000000
2023-05-05,Hopeland,2.875
2023-05-05,Lytton,6.579166666666670
2023-05-05,Miles Airport,5.0
2023-05-05,Mountain Creek,6.7250000000000000
2023-05-05,Mutdapilly,6.783333333333330
2023-05-05,Nambour,4.704166666666670
2023-05-05,North Maclean,7.2125000000000000
2023-05-05,Rangeville,4.0875000000000000
2023-05-05,Rocklea,11.425000000000000
2023-05-05,South Brisbane,9.708333333333330
2023-05-05,South Gladstone,5.2
2023-05-05,Southport,3.7125
2023-05-05,Springwood,3.9521739130434800
2023-05-05,Toowoomba,7.191666666666670
2023-05-05,Woolloongabba,9.5
2023-05-05,Wynnum North,4.579166666666670
2023-05-05,Wynnum West,7.245833333333330
2023-05-06,Brisbane City,6.833333333333330
2023-05-06,Cannon Hill,6.391666666666670
2023-05-06,Coomera,5.9750000000000000
2023-05-06,Deagon,6.875
2023-05-06,Deception Bay,6.741666666666670
2023-05-06,Flinders View,4.8500000000000000
2023-05-06,Hopeland,3.4583333333333300
2023-05-06,Lytton,3.8791666666666700
2023-05-06,Miles Airport,4.583333333333330
2023-05-06,Mountain Creek,8.25
2023-05-06,Mutdapilly,4.645833333333330
2023-05-06,Nambour,6.554166666666670
2023-05-06,North Maclean,5.795833333333330
2023-05-06,Rangeville,2.3500000000000000
2023-05-06,Rocklea,10.816666666666700
2023-05-06,South Brisbane,7.120833333333330
2023-05-06,South Gladstone,7.895833333333330
2023-05-06,Southport,2.308333333333330
2023-05-06,Springwood,2.3142857142857100
2023-05-06,Toowoomba,3.545833333333330
2023-05-06,Woolloongabba,6.591666666666670
2023-05-06,Wynnum North,0.9583333333333330
2023-05-06,Wynnum West,0.8958333333333330
2023-05-07,Brisbane City,6.170833333333330
2023-05-07,Cannon Hill,5.641666666666670
2023-05-07,Coomera,4.4875
2023-05-07,Deagon,5.170833333333330
2023-05-07,Deception Bay,5.345833333333330
2023-05-07,Flinders View,5.970833333333330
2023-05-07,Lytton,4.3875
2023-05-07,Mountain Creek,3.8333333333333300
2023-05-07,Mutdapilly,3.391666666666670
2023-05-07,Nambour,2.9958333333333300
2023-05-07,North Maclean,7.425
2023-05-07,Parkwood,3.6166666666666700
2023-05-07,Rangeville,2.370833333333330
2023-05-07,Rocklea,11.1
2023-05-07,South Brisbane,6.645833333333330
2023-05-07,South Gladstone,4.895833333333330
2023-05-07,Southport,3.7541666666666700
2023-05-07,Springwood,6.122727272727270
2023-05-07,Toowoomba,3.5083333333333300
2023-05-07,Woolloongabba,5.391666666666670
2023-05-07,Wynnum North,2.091304347826090
2023-05-07,Wynnum West,1.9541666666666700
2023-05-08,Brisbane City,6.891666666666670
2023-05-08,Cannon Hill,6.916666666666670
2023-05-08,Coomera,3.8541666666666700
2023-05-08,Deagon,5.6000000000000000
2023-05-08,Deception Bay,5.541666666666670
2023-05-08,Flinders View,8.558333333333330
2023-05-08,Lytton,2.4833333333333300
2023-05-08,Mountain Creek,4.629166666666670
2023-05-08,Mutdapilly,10.329166666666700
2023-05-08,Nambour,3.8625000000000000
2023-05-08,North Maclean,10.429166666666700
2023-05-08,Parkwood,3.8708333333333300
2023-05-08,Rangeville,2.5458333333333300
2023-05-08,Rocklea,5.670833333333330
2023-05-08,South Brisbane,7.408333333333330
2023-05-08,South Gladstone,5.533333333333330
2023-05-08,Southport,4.404166666666670
2023-05-08,Springwood,6.358333333333330
2023-05-08,Toowoomba,5.554166666666670
2023-05-08,Woolloongabba,6.95
2023-05-08,Wynnum North,1.9625000000000000
2023-05-08,Wynnum West,2.004166666666670
2023-05-09,Brisbane City,7.645833333333330
2023-05-09,Cannon Hill,6.979166666666670
2023-05-09,Charleville,2.4391304347826100
2023-05-09,Coomera,6.8
2023-05-09,Deagon,6.05
2023-05-09,Deception Bay,6.309523809523810
2023-05-09,Flinders View,6.708333333333330
2023-05-09,Lytton,4.4
2023-05-09,Mountain Creek,5.75
2023-05-09,Mutdapilly,7.156521739130440
2023-05-09,Nambour,5.2625
2023-05-09,North Maclean,7.245833333333330
2023-05-09,Parkwood,6.595833333333330
2023-05-09,Rangeville,2.6916666666666700
2023-05-09,Rocklea,9.0625
2023-05-09,Roma,4.125
2023-05-09,South Brisbane,7.679166666666670
2023-05-09,South Gladstone,5.645833333333330
2023-05-09,Southport,7.083333333333330
2023-05-09,Springwood,6.8500000000000000
2023-05-09,Toowoomba,7.1500000000000000
2023-05-09,Woolloongabba,7.570833333333330
2023-05-09,Wynnum North,3.908333333333330
2023-05-09,Wynnum West,3.75
2023-05-10,Brisbane City,7.0625
2023-05-10,Cannon Hill,6.929166666666670
2023-05-10,Charleville,2.8166666666666700
2023-05-10,Coomera,7.533333333333330
2023-05-10,Deagon,6.895833333333330
2023-05-10,Deception Bay,8.466666666666670
2023-05-10,Flinders View,6.483333333333330
2023-05-10,Lytton,3.4416666666666700
2023-05-10,Mountain Creek,7.708333333333330
2023-05-10,Mutdapilly,8.447826086956520
2023-05-10,Nambour,6.508333333333330
2023-05-10,North Maclean,8.316666666666670
2023-05-10,Parkwood,7.370833333333330
2023-05-10,Rangeville,3.6833333333333300
2023-05-10,Rocklea,6.841666666666670
2023-05-10,Roma,4.554166666666670
2023-05-10,South Brisbane,7.4125000000000000
2023-05-10,South Gladstone,11.262500000000000
2023-05-10,Southport,7.55
2023-05-10,Springwood,7.945833333333330
2023-05-10,Toowoomba,6.054166666666670
2023-05-10,Woolloongabba,6.058333333333330
2023-05-10,Wynnum North,3.0041666666666700
2023-05-10,Wynnum West,2.191666666666670
2023-05-11,Brisbane City,4.958333333333330
2023-05-11,Cannon Hill,5.083333333333330
2023-05-11,Charleville,2.1333333333333300
2023-05-11,Coomera,4.870833333333330
2023-05-11,Deagon,4.578260869565220
2023-05-11,Deception Bay,4.683333333333330
2023-05-11,Flinders View,5.033333333333330
2023-05-11,Lytton,1.8090909090909100
2023-05-11,Mountain Creek,4.0250000000000000
2023-05-11,Mutdapilly,5.05
2023-05-11,Nambour,3.841666666666670
2023-05-11,North Maclean,5.204166666666670
2023-05-11,Parkwood,3.8125
2023-05-11,Rangeville,2.0500000000000000
2023-05-11,Rocklea,10.1875
2023-05-11,Roma,5.233333333333330
2023-05-11,South Brisbane,5.3625
2023-05-11,South Gladstone,7.075
2023-05-11,Southport,4.741666666666670
2023-05-11,Springwood,4.370833333333330
2023-05-11,Toowoomba,7.258333333333330
2023-05-11,Woolloongabba,4.279166666666670
2023-05-11,Wynnum North,1.6458333333333300
2023-05-11,Wynnum West,1.3875
2023-05-12,Brisbane City,4.879166666666670
2023-05-12,Cannon Hill,4.625
2023-05-12,Charleville,2.004166666666670
2023-05-12,Coomera,4.570833333333330
2023-05-12,Deagon,4.391666666666670
2023-05-12,Deception Bay,4.583333333333330
2023-05-12,Flinders View,4.858333333333330
2023-05-12,Lytton,1.7875000000000000
2023-05-12,Mountain Creek,4.529166666666670
2023-05-12,Mutdapilly,5.345833333333330
2023-05-12,Nambour,4.558333333333330
2023-05-12,North Maclean,4.770833333333330
2023-05-12,Parkwood,3.5041666666666700
2023-05-12,Rangeville,2.1041666666666700
2023-05-12,Rocklea,5.779166666666670
2023-05-12,Roma,11.700000000000000
2023-05-12,South Brisbane,4.8954545454545500
2023-05-12,South Gladstone,7.470833333333330
2023-05-12,Southport,4.4625000000000000
2023-05-12,Springwood,8.6625
2023-05-12,Toowoomba,5.6125
2023-05-12,Woolloongabba,4.291666666666670
2023-05-12,Wynnum North,1.8458333333333300
2023-05-12,Wynnum West,1.675
2023-06-01,Brisbane City,4.3625
2023-06-01,Cannon Hill,4.6500000000000000
2023-06-01,Deagon,4.670833333333330
2023-06-01,Deception Bay,4.804166666666670
2023-06-01,Flinders View,3.966666666666670
2023-06-01,Hopeland,5.7875000000000000
2023-06-01,Lytton,2.139130434782610
2023-06-01,Miles Airport,4.479166666666670
2023-06-01,Mountain Creek,5.229166666666670
2023-06-01,Mutdapilly,3.9454545454545500
2023-06-01,Nambour,4.870833333333330
2023-06-01,North Maclean,3.5583333333333300
2023-06-01,Rangeville,2.4625
2023-06-01,Rocklea,2.815
2023-06-01,South Brisbane,4.666666666666670
2023-06-01,South Gladstone,6.0
2023-06-01,Southport,3.9125
2023-06-01,Springwood,1.758333333333330
2023-06-01,Toowoomba,4.091666666666670
2023-06-01,Woolloongabba,4.716666666666670
2023-06-01,Wynnum North,1.1625000000000000
2023-06-01,Wynnum West,1.1083333333333300
2023-06-02,Brisbane City,5.833333333333330
2023-06-02,Cannon Hill,6.009090909090910
2023-06-02,Deagon,5.708333333333330
2023-06-02,Deception Bay,5.925
2023-06-02,Flinders View,6.033333333333330
2023-06-02,Hopeland,5.565217391304350
2023-06-02,Lytton,2.7916666666666700
2023-06-02,Miles Airport,5.708333333333330
2023-06-02,Mountain Creek,6.9000000000000000
2023-06-02,Mutdapilly,6.245833333333330
2023-06-02,Nambour,6.295833333333330
2023-06-02,North Maclean,5.508333333333330
2023-06-02,Rangeville,4.070833333333330
2023-06-02,Rocklea,7.116666666666670
2023-06-02,South Brisbane,6.125
2023-06-02,South Gladstone,6.766666666666670
2023-06-02,Southport,6.104166666666670
2023-06-02,Springwood,3.4500000000000000
2023-06-02,Toowoomba,6.7
2023-06-02,Woolloongabba,6.0375000000000000
2023-06-02,Wynnum North,2.6125000000000000
2023-06-02,Wynnum West,2.2666666666666700
2023-06-03,Brisbane City,5.495833333333330
2023-06-03,Cannon Hill,5.904166666666670
2023-06-03,Deagon,4.95
2023-06-03,Deception Bay,5.6000000000000000
2023-06-03,Flinders View,5.258333333333330
2023-06-03,Hopeland,3.845833333333330
2023-06-03,Lytton,4.0625
2023-06-03,Miles Airport,4.25
2023-06-03,Mountain Creek,5.0250000000000000
2023-06-03,Mutdapilly,6.21304347826087
2023-06-03,Nambour,4.366666666666670
2023-06-03,North Maclean,6.129166666666670
2023-06-03,Rangeville,3.1375000000000000
2023-06-03,Rocklea,6.095833333333330
2023-06-03,South Brisbane,5.683333333333330
2023-06-03,South Gladstone,5.9625000000000000
2023-06-03,Southport,3.7708333333333300
2023-06-03,Springwood,4.166666666666670
2023-06-03,Toowoomba,5.795833333333330
2023-06-03,Woolloongabba,5.716666666666670
2023-06-03,Wynnum North,2.858333333333330
2023-06-03,Wynnum West,2.716666666666670
2023-06-04,Brisbane City,4.55
2023-06-04,Cannon Hill,4.9125000000000000
2023-06-04,Deagon,4.475
2023-06-04,Deception Bay,4.4000000000000000
2023-06-04,Flinders View,4.3
2023-06-04,Hopeland,3.4166666666666700
2023-06-04,Lytton,2.7583333333333300
2023-06-04,Miles Airport,5.833333333333330
2023-06-04,Mountain Creek,4.770833333333330
2023-06-04,Mutdapilly,6.2625
2023-06-04,Nambour,3.8666666666666700
2023-06-04,North Maclean,4.808333333333330
2023-06-04,Rangeville,2.8958333333333300
2023-06-04,Rocklea,7.7875000000000000
2023-06-04,South Brisbane,5.070833333333330
2023-06-04,South Gladstone,5.5375000000000000
2023-06-04,Southport,2.3291666666666700
2023-06-04,Springwood,4.55
2023-06-04,Toowoomba,4.075
2023-06-04,Woolloongabba,5.5625
2023-06-04,Wynnum North,1.4083333333333300
2023-06-04,Wynnum West,1.4307692307692300
2023-06-05,Brisbane City,8.7875
2023-06-05,Cannon Hill,7.916666666666670
2023-06-05,Deagon,8.820833333333330
2023-06-05,Deception Bay,8.929166666666670
2023-06-05,Flinders View,6.529166666666670
2023-06-05,Hopeland,3.4583333333333300
2023-06-05,Lytton,5.395833333333330
2023-06-05,Miles Airport,4.875
2023-06-05,Mountain Creek,6.875
2023-06-05,Mutdapilly,5.679166666666670
2023-06-05,Nambour,4.070833333333330
2023-06-05,North Maclean,8.304166666666670
2023-06-05,Rangeville,3.220833333333330
2023-06-05,Rocklea,11.854166666666700
2023-06-05,South Brisbane,9.112500000000000
2023-06-05,South Gladstone,6.883333333333330
2023-06-05,Southport,3.9791666666666700
2023-06-05,Springwood,6.033333333333330
2023-06-05,Toowoomba,5.995833333333330
2023-06-05,Woolloongabba,8.65
2023-06-05,Wynnum North,3.9458333333333300
2023-06-05,Wynnum West,5.75
2023-06-06,Brisbane City,4.141666666666670
2023-06-06,Cannon Hill,3.670833333333330
2023-06-06,Coomera,2.9166666666666700
2023-06-06,Deagon,3.954166666666670
2023-06-06,Deception Bay,3.75
2023-06-06,Flinders View,3.779166666666670
2023-06-06,Hopeland,2.0
2023-06-06,Lytton,2.7541666666666700
2023-06-06,Miles Airport,2.3333333333333300
2023-06-06,Mountain Creek,4.354166666666670
2023-06-06,Mutdapilly,3.2125
2023-06-06,Nambour,3.533333333333330
2023-06-06,North Maclean,4.245833333333330
2023-06-06,Rocklea,7.070833333333330
2023-06-06,South Brisbane,4.445833333333330
2023-06-06,South Gladstone,4.616666666666670
2023-06-06,Southport,1.0458333333333300
2023-06-06,Springwood,2.2375000000000000
2023-06-06,Toowoomba,3.1166666666666700
2023-06-06,Woolloongabba,4.158333333333330
2023-06-06,Wynnum North,0.7625000000000000
2023-06-06,Wynnum West,0.7583333333333330
2023-06-07,Brisbane City,4.441666666666670
2023-06-07,Cannon Hill,3.8625000000000000
2023-06-07,Coomera,3.1458333333333300
2023-06-07,Deagon,3.2708333333333300
2023-06-07,Deception Bay,3.7625000000000000
2023-06-07,Flinders View,4.391666666666670
2023-06-07,Lytton,4.120833333333330
2023-06-07,Mountain Creek,3.9500000000000000
2023-06-07,Mutdapilly,2.8083333333333300
2023-06-07,Nambour,3.975
2023-06-07,North Maclean,5.254166666666670
2023-06-07,Parkwood,3.0375
2023-06-07,Rangeville,2.2304347826087000
2023-06-07,Rocklea,10.029166666666700
2023-06-07,South Brisbane,4.720833333333330
2023-06-07,South Gladstone,5.154166666666670
2023-06-07,Southport,2.5875
2023-06-07,Springwood,4.761904761904760
2023-06-07,Toowoomba,3.225
2023-06-07,Woolloongabba,4.4818181818181800
2023-06-07,Wynnum North,2.9458333333333300
2023-06-07,Wynnum West,2.36
2023-06-08,Brisbane City,11.4
2023-06-08,Cannon Hill,8.966666666666670
2023-06-08,Coomera,4.195833333333330
2023-06-08,Deagon,8.204166666666670
2023-06-08,Deception Bay,6.241666666666670
2023-06-08,Flinders View,12.158333333333300
2023-06-08,Lytton,4.133333333333330
2023-06-08,Mountain Creek,4.491666666666670
2023-06-08,Mutdapilly,15.729166666666700
2023-06-08,Nambour,3.5125000000000000
2023-06-08,North Maclean,13.5625
2023-06-08,Parkwood,3.9916666666666700
2023-06-08,Rangeville,2.4791666666666700
2023-06-08,Rocklea,10.345833333333300
2023-06-08,South Brisbane,12.5
2023-06-08,South Gladstone,6.558333333333330
2023-06-08,Southport,4.829166666666670
2023-06-08,Springwood,8.858333333333330
2023-06-08,Toowoomba,5.166666666666670
2023-06-08,Woolloongabba,11.891666666666700
2023-06-08,Wynnum North,3.0041666666666700
2023-06-08,Wynnum West,2.7916666666666700
2023-06-09,Brisbane City,7.791666666666670
2023-06-09,Cannon Hill,7.229166666666670
2023-06-09,Charleville,2.5458333333333300
2023-06-09,Coomera,6.8
2023-06-09,Deagon,6.9375
2023-06-09,Deception Bay,7.233333333333330
2023-06-09,Flinders View,7.020833333333330
2023-06-09,Lytton,5.895833333333330
2023-06-09,Mountain Creek,6.729166666666670
2023-06-09,Mutdapilly,7.0875000000000000
2023-06-09,Nambour,7.045833333333330
2023-06-09,North Maclean,7.5250000000000000
2023-06-09,Parkwood,6.366666666666670
2023-06-09,Rangeville,3.220833333333330
2023-06-09,Rocklea,9.095833333333330
2023-06-09,Roma,4.5
2023-06-09,South Brisbane,8.241666666666670
2023-06-09,South Gladstone,4.879166666666670
2023-06-09,Southport,7.304166666666670
2023-06-09,Springwood,7.2125000000000000
2023-06-09,Toowoomba,7.520833333333330
2023-06-09,Woolloongabba,7.866666666666670
2023-06-09,Wynnum North,3.908333333333330
2023-06-09,Wynnum West,3.6125000000000000
2023-06-10,Brisbane City,7.379166666666670
2023-06-10,Cannon Hill,7.6625000000000000
2023-06-10,Charleville,2.317391304347830
2023-06-10,Coomera,5.990909090909090
2023-06-10,Deagon,6.5625
2023-06-10,Deception Bay,7.8500000000000000
2023-06-10,Flinders View,8.495833333333330
2023-06-10,Lytton,5.758333333333330
2023-06-10,Mountain Creek,7.55
2023-06-10,Mutdapilly,12.195833333333300
2023-06-10,Nambour,5.9375
2023-06-10,North Maclean,8.666666666666670
2023-06-10,Parkwood,4.9800000000000000
2023-06-10,Rangeville,2.433333333333330
2023-06-10,Rocklea,8.820833333333330
2023-06-10,Roma,5.804166666666670
2023-06-10,South Brisbane,8.254166666666670
2023-06-10,South Gladstone,9.4125
2023-06-10,Southport,5.820833333333330
2023-06-10,Springwood,9.145833333333330
2023-06-10,Toowoomba,5.216666666666670
2023-06-10,Woolloongabba,7.4375
2023-06-10,Wynnum North,4.620833333333330
2023-06-10,Wynnum West,4.191666666666670
2023-06-11,Brisbane City,4.591666666666670
2023-06-11,Cannon Hill,4.629166666666670
2023-06-11,Charleville,2.0375
2023-06-11,Coomera,4.258333333333330
2023-06-11,Deagon,4.266666666666670
2023-06-11,Deception Bay,3.954166666666670
2023-06-11,Flinders View,4.241666666666670
2023-06-11,Lytton,2.4166666666666700
2023-06-11,Mountain Creek,4.404166666666670
2023-06-11,Mutdapilly,3.4250000000000000
2023-06-11,Nambour,3.233333333333330
2023-06-11,North Maclean,4.258333333333330
2023-06-11,Parkwood,3.408333333333330
2023-06-11,Rangeville,2.0416666666666700
2023-06-11,Rocklea,9.491666666666670
2023-06-11,Roma,3.8875000000000000
2023-06-11,South Brisbane,4.991666666666670
2023-06-11,South Gladstone,6.958333333333330
2023-06-11,Southport,4.216666666666670
2023-06-11,Springwood,4.129166666666670
2023-06-11,Toowoomba,3.6833333333333300
2023-06-11,Woolloongabba,4.25
2023-06-11,Wynnum North,0.9333333333333330
2023-06-11,Wynnum West,0.8458333333333330
2023-06-12,Brisbane City,5.366666666666670
2023-06-12,Cannon Hill,5.029166666666670
2023-06-12,Charleville,2.1041666666666700
2023-06-12,Coomera,5.8375000000000000
2023-06-12,Deagon,4.295833333333330
2023-06-12,Deception Bay,5.116666666666670
2023-06-12,Flinders View,5.554166666666670
2023-06-12,Lytton,2.620833333333330
2023-06-12,Mountain Creek,3.9869565217391300
2023-06-12,Mutdapilly,5.883333333333330
2023-06-12,Nambour,4.095833333333330
2023-06-12,North Maclean,6.4625000000000000
2023-06-12,Parkwood,3.8333333333333300
2023-06-12,Rangeville,2.158333333333330
2023-06-12,Rocklea,7.5
2023-06-12,Roma,12.9375
2023-06-12,South Brisbane,5.433333333333330
2023-06-12,South Gladstone,5.683333333333330
2023-06-12,Southport,4.55
2023-06-12,Springwood,22.59166666666670
2023-06-12,Toowoomba,6.458333333333330
2023-06-12,Woolloongabba,4.5875000000000000
2023-06-12,Wynnum North,2.4291666666666700
2023-06-12,Wynnum West,2.4166666666666700
2023-07-01,Brisbane City,5.304166666666670
2023-07-01,Cannon Hill,5.491666666666670
2023-07-01,Deagon,5.329166666666670
2023-07-01,Deception Bay,5.233333333333330
2023-07-01,Flinders View,5.241666666666670
2023-07-01,Hopeland,4.104166666666670
2023-07-01,Lytton,2.1333333333333300
2023-07-01,Miles Airport,3.9782608695652200
2023-07-01,Mountain Creek,5.6625000000000000
2023-07-01,Mutdapilly,5.566666666666670
2023-07-01,Nambour,5.304166666666670
2023-07-01,North Maclean,5.141666666666670
2023-07-01,Rangeville,3.4250000000000000
2023-07-01,Rocklea,4.620833333333330
2023-07-01,South Brisbane,5.5
2023-07-01,South Gladstone,7.05
2023-07-01,Southport,4.654166666666670
2023-07-01,Springwood,2.85
2023-07-01,Toowoomba,5.258333333333330
2023-07-01,Woolloongabba,5.2750000000000000
2023-07-01,Wynnum North,1.7083333333333300
2023-07-01,Wynnum West,1.5916666666666700
2023-07-02,Brisbane City,5.191666666666670
2023-07-02,Cannon Hill,4.9125000000000000
2023-07-02,Deagon,7.629166666666670
2023-07-02,Deception Bay,4.529166666666670
2023-07-02,Flinders View,5.008333333333330
2023-07-02,Hopeland,5.091666666666670
2023-07-02,Lytton,2.623809523809520
2023-07-02,Miles Airport,5.416666666666670
2023-07-02,Mountain Creek,5.39
2023-07-02,Mutdapilly,5.654166666666670
2023-07-02,Nambour,4.541666666666670
2023-07-02,North Maclean,4.895833333333330
2023-07-02,Rangeville,3.8625000000000000
2023-07-02,Rocklea,8.404166666666670
2023-07-02,South Brisbane,5.695833333333330
2023-07-02,South Gladstone,8.033333333333330
2023-07-02,Southport,3.8181818181818200
2023-07-02,Springwood,9.008333333333330
2023-07-02,Toowoomba,5.716666666666670
2023-07-02,Woolloongabba,6.004166666666670
2023-07-02,Wynnum North,2.2375
2023-07-02,Wynnum West,2.4083333333333300
2023-07-03,Brisbane City,6.0
2023-07-03,Cannon Hill,6.279166666666670
2023-07-03,Deagon,5.804166666666670
2023-07-03,Deception Bay,6.470833333333330
2023-07-03,Flinders View,6.179166666666670
2023-07-03,Hopeland,5.445833333333330
2023-07-03,Lytton,3.6750000000000000
2023-07-03,Miles Airport,5.833333333333330
2023-07-03,Mountain Creek,5.641666666666670
2023-07-03,Mutdapilly,8.320833333333330
2023-07-03,Nambour,5.079166666666670
2023-07-03,North Maclean,6.291666666666670
2023-07-03,Rangeville,4.125
2023-07-03,Rocklea,6.054166666666670
2023-07-03,South Brisbane,6.377777777777780
2023-07-03,South Gladstone,5.629166666666670
2023-07-03,Southport,4.7
2023-07-03,Springwood,5.8875
2023-07-03,Toowoomba,6.791666666666670
2023-07-03,Woolloongabba,6.391666666666670
2023-07-03,Wynnum North,3.4869565217391300
2023-07-03,Wynnum West,2.9478260869565200
2023-07-04,Brisbane City,4.533333333333330
2023-07-04,Cannon Hill,4.625
2023-07-04,Deagon,4.154166666666670
2023-07-04,Deception Bay,4.583333333333330
2023-07-04,Flinders View,4.916666666666670
2023-07-04,Hopeland,2.4583333333333300
2023-07-04,Lytton,2.6666666666666700
2023-07-04,Miles Airport,3.0833333333333300
2023-07-04,Mountain Creek,4.4625000000000000
2023-07-04,Mutdapilly,4.191666666666670
2023-07-04,Nambour,3.2416666666666700
2023-07-04,North Maclean,4.9125
2023-07-04,Rangeville,2.4125
2023-07-04,Rocklea,8.304166666666670
2023-07-04,South Brisbane,4.933333333333330
2023-07-04,South Gladstone,4.379166666666670
2023-07-04,Southport,2.717391304347830
2023-07-04,Springwood,4.533333333333330
2023-07-04,Toowoomba,4.575
2023-07-04,Woolloongabba,5.066666666666670
2023-07-04,Wynnum North,2.033333333333330
2023-07-04,Wynnum West,2.31875
2023-07-05,Brisbane City,7.291666666666670
2023-07-05,Cannon Hill,7.6500000000000000
2023-07-05,Deagon,5.466666666666670
2023-07-05,Deception Bay,7.3625
2023-07-05,Flinders View,6.291666666666670
2023-07-05,Hopeland,3.25
2023-07-05,Lytton,5.45
2023-07-05,Miles Airport,5.041666666666670
2023-07-05,Mountain Creek,4.641666666666670
2023-07-05,Mutdapilly,5.795833333333330
2023-07-05,Nambour,4.316666666666670
2023-07-05,North Maclean,8.729166666666670
2023-07-05,Rangeville,2.4250000000000000
2023-07-05,Rocklea,11.704166666666700
2023-07-05,South Brisbane,8.4125
2023-07-05,South Gladstone,5.875
2023-07-05,Southport,4.1375
2023-07-05,Springwood,7.175
2023-07-05,Toowoomba,5.054166666666670
2023-07-05,Woolloongabba,7.166666666666670
2023-07-05,Wynnum North,4.354166666666670
2023-07-05,Wynnum West,7.308333333333330
2023-07-06,Brisbane City,4.320833333333330
2023-07-06,Cannon Hill,4.441666666666670
2023-07-06,Coomera,3.1750000000000000
2023-07-06,Deagon,4.508333333333330
2023-07-06,Deception Bay,3.6875
2023-07-06,Flinders View,4.316666666666670
2023-07-06,Hopeland,2.625
2023-07-06,Lytton,2.6458333333333300
2023-07-06,Miles Airport,2.5
2023-07-06,Mountain Creek,3.9095238095238100
2023-07-06,Mutdapilly,2.9916666666666700
2023-07-06,Nambour,3.720833333333330
2023-07-06,North Maclean,4.791666666666670
2023-07-06,Rocklea,7.741666666666670
2023-07-06,South Brisbane,5.129166666666670
2023-07-06,South Gladstone,5.208333333333330
2023-07-06,Southport,2.2916666666666700
2023-07-06,Springwood,2.654166666666670
2023-07-06,Toowoomba,2.966666666666670
2023-07-06,Woolloongabba,4.825
2023-07-06,Wynnum North,0.8958333333333330
2023-07-06,Wynnum West,1.1000000000000000
2023-07-07,Brisbane City,2.3666666666666700
2023-07-07,Cannon Hill,1.9875
2023-07-07,Coomera,1.325
2023-07-07,Deagon,1.375
2023-07-07,Deception Bay,2.7875
2023-07-07,Flinders View,4.029166666666670
2023-07-07,Lytton,0.9333333333333330
2023-07-07,Mountain Creek,2.5916666666666700
2023-07-07,Mutdapilly,1.3416666666666700
2023-07-07,Nambour,1.2958333333333300
2023-07-07,North Maclean,2.475
2023-07-07,Parkwood,1.5916666666666700
2023-07-07,Rangeville,2.0695652173913000
2023-07-07,Rocklea,7.858333333333330
2023-07-07,South Brisbane,2.433333333333330
2023-07-07,South Gladstone,3.0583333333333300
2023-07-07,Southport,0.15833333333333300
2023-07-07,Springwood,3.0541666666666700
2023-07-07,Toowoomba,1.9833333333333300
2023-07-07,Woolloongabba,2.8333333333333300
2023-07-07,Wynnum North,0.8083333333333330
2023-07-08,Brisbane City,5.4875
2023-07-08,Cannon Hill,5.604166666666670
2023-07-08,Coomera,4.1125
2023-07-08,Deagon,5.070833333333330
2023-07-08,Deception Bay,5.129166666666670
2023-07-08,Flinders View,7.6625000000000000
2023-07-08,Lytton,4.283333333333330
2023-07-08,Mountain Creek,4.416666666666670
2023-07-08,Mutdapilly,5.270833333333330
2023-07-08,Nambour,3.6000000000000000
2023-07-08,North Maclean,9.270833333333330
2023-07-08,Parkwood,4.0250000000000000
2023-07-08,Rangeville,2.4500000000000000
2023-07-08,Rocklea,5.4125000000000000
2023-07-08,South Brisbane,6.2625
2023-07-08,South Gladstone,6.316666666666670
2023-07-08,Southport,4.316666666666670
2023-07-08,Springwood,5.495833333333330
2023-07-08,Toowoomba,5.070833333333330
2023-07-08,Woolloongabba,6.233333333333330
2023-07-08,Wynnum North,2.0541666666666700
2023-07-08,Wynnum West,1.825
2023-07-09,Brisbane City,7.508333333333330
2023-07-09,Cannon Hill,6.7250000000000000
2023-07-09,Charleville,2.2869565217391300
2023-07-09,Coomera,6.333333333333330
2023-07-09,Deagon,6.2750000000000000
2023-07-09,Deception Bay,6.691666666666670
2023-07-09,Flinders View,6.4875
2023-07-09,Lytton,4.545833333333330
2023-07-09,Mountain Creek,6.229166666666670
2023-07-09,Mutdapilly,6.9125000000000000
2023-07-09,Nambour,6.258333333333330
2023-07-09,North Maclean,6.6875
2023-07-09,Parkwood,6.729166666666670
2023-07-09,Rangeville,3.904166666666670
2023-07-09,Rocklea,7.954166666666670
2023-07-09,Roma,4.379166666666670
2023-07-09,South Brisbane,7.645833333333330
2023-07-09,South Gladstone,7.316666666666670
2023-07-09,Southport,7.925
2023-07-09,Springwood,6.6000000000000000
2023-07-09,Toowoomba,7.5875000000000000
2023-07-09,Woolloongabba,7.5875000000000000
2023-07-09,Wynnum North,3.0500000000000000
2023-07-09,Wynnum West,2.8166666666666700
2023-07-10,Brisbane City,4.6125
2023-07-10,Cannon Hill,4.670833333333330
2023-07-10,Charleville,2.2125
2023-07-10,Coomera,4.416666666666670
2023-07-10,Deagon,4.795833333333330
2023-07-10,Deception Bay,6.245833333333330
2023-07-10,Flinders View,5.120833333333330
2023-07-10,Lytton,3.8000000000000000
2023-07-10,Mountain Creek,6.075
2023-07-10,Mutdapilly,5.058333333333330
2023-07-10,Nambour,4.416666666666670
2023-07-10,North Maclean,4.1375
2023-07-10,Parkwood,3.525
2023-07-10,Rangeville,2.4875000000000000
2023-07-10,Rocklea,4.491666666666670
2023-07-10,Roma,8.608333333333330
2023-07-10,South Brisbane,4.841666666666670
2023-07-10,South Gladstone,9.791666666666670
2023-07-10,Southport,4.375
2023-07-10,Springwood,4.6000000000000000
2023-07-10,Toowoomba,3.6375000000000000
2023-07-10,Woolloongabba,4.458333333333330
2023-07-10,Wynnum North,2.1958333333333300
2023-07-10,Wynnum West,1.7958333333333300
2023-07-11,Brisbane City,4.245833333333330
2023-07-11,Cannon Hill,4.5875000000000000
2023-07-11,Charleville,2.026086956521740
2023-07-11,Coomera,4.179166666666670
2023-07-11,Deagon,3.9291666666666700
2023-07-11,Deception Bay,4.141666666666670
2023-07-11,Flinders View,3.8833333333333300
2023-07-11,Lytton,3.091666666666670
2023-07-11,Mountain Creek,4.204166666666670
2023-07-11,Mutdapilly,3.7291666666666700
2023-07-11,Nambour,3.2458333333333300
2023-07-11,North Maclean,3.954166666666670
2023-07-11,Parkwood,3.3000000000000000
2023-07-11,Rangeville,2.0625
2023-07-11,Rocklea,8.025
2023-07-11,Roma,3.475
2023-07-11,South Brisbane,4.579166666666670
2023-07-11,South Gladstone,5.608333333333330
2023-07-11,Southport,3.85
2023-07-11,Springwood,3.9416666666666700
2023-07-11,Toowoomba,3.5750000000000000
2023-07-11,Woolloongabba,4.141666666666670
2023-07-11,Wynnum North,1.0708333333333300
2023-07-11,Wynnum West,0.9666666666666670
2023-07-12,Brisbane City,4.2750000000000000
2023-07-12,Cannon Hill,4.05
2023-07-12,Charleville,2.5875
2023-07-12,Coomera,4.5227272727272700
2023-07-12,Deagon,3.2541666666666700
2023-07-12,Deception Bay,3.466666666666670
2023-07-12,Flinders View,4.9750000000000000
2023-07-12,Lytton,1.5333333333333300
2023-07-12,Mountain Creek,2.7916666666666700
2023-07-12,Mutdapilly,5.145833333333330
2023-07-12,Nambour,2.8958333333333300
2023-07-12,North Maclean,4.7
2023-07-12,Parkwood,3.2458333333333300
2023-07-12,Rangeville,2.191666666666670
2023-07-12,Rocklea,6.279166666666670
2023-07-12,Roma,19.2375
2023-07-12,South Brisbane,4.483333333333330
2023-07-12,South Gladstone,4.833333333333330
2023-07-12,Southport,3.7916666666666700
2023-07-12,Springwood,19.7625
2023-07-12,Toowoomba,5.120833333333330
2023-07-12,Woolloongabba,3.9125
2023-07-12,Wynnum North,1.5250000000000000
2023-07-12,Wynnum West,1.2583333333333300
2023-08-01,Brisbane City,4.820833333333330
2023-08-01,Cannon Hill,5.091666666666670
2023-08-01,Deagon,5.0125
2023-08-01,Deception Bay,5.116666666666670
2023-08-01,Flinders View,4.5250000000000000
2023-08-01,Hopeland,4.291666666666670
2023-08-01,Lytton,2.404166666666670
2023-08-01,Miles Airport,4.3
2023-08-01,Mountain Creek,5.1875
2023-08-01,Mutdapilly,5.2750000000000000
2023-08-01,Nambour,4.933333333333330
2023-08-01,North Maclean,4.383333333333330
2023-08-01,Rangeville,3.029166666666670
2023-08-01,Rocklea,3.5041666666666700
2023-08-01,South Brisbane,5.029166666666670
2023-08-01,South Gladstone,5.829166666666670
2023-08-01,Southport,4.241666666666670
2023-08-01,Springwood,3.1875
2023-08-01,Toowoomba,4.766666666666670
2023-08-01,Woolloongabba,4.729166666666670
2023-08-01,Wynnum North,2.0875
2023-08-01,Wynnum West,1.8166666666666700
2023-08-02,Brisbane City,5.4125000000000000
2023-08-02,Cannon Hill,5.629166666666670
2023-08-02,Deagon,5.820833333333330
2023-08-02,Deception Bay,6.679166666666670
2023-08-02,Flinders View,5.3
2023-08-02,Hopeland,4.5125
2023-08-02,Lytton,3.5500000000000000
2023-08-02,Miles Airport,5.333333333333330
2023-08-02,Mountain Creek,5.933333333333330
2023-08-02,Mutdapilly,6.368181818181820
2023-08-02,Nambour,5.258333333333330
2023-08-02,North Maclean,5.2
2023-08-02,Rangeville,3.2000000000000000
2023-08-02,Rocklea,8.204166666666670
2023-08-02,South Brisbane,5.825
2023-08-02,South Gladstone,8.095833333333330
2023-08-02,Southport,4.895833333333330
2023-08-02,Springwood,9.3625
2023-08-02,Toowoomba,6.416666666666670
2023-08-02,Woolloongabba,5.841666666666670
2023-08-02,Wynnum North,2.3125
2023-08-02,Wynnum West,2.066666666666670
2023-08-03,Brisbane City,7.0
2023-08-03,Cannon Hill,7.0625
2023-08-03,Deagon,6.445833333333330
2023-08-03,Deception Bay,6.616666666666670
2023-08-03,Flinders View,7.2125000000000000
2023-08-03,Hopeland,4.845833333333330
2023-08-03,Lytton,4.441666666666670
2023-08-03,Miles Airport,4.708333333333330
2023-08-03,Mountain Creek,6.514285714285720
2023-08-03,Mutdapilly,7.770833333333330
2023-08-03,Nambour,5.945833333333330
2023-08-03,North Maclean,7.104166666666670
2023-08-03,Rangeville,4.120833333333330
2023-08-03,Rocklea,7.6375
2023-08-03,South Brisbane,7.283333333333330
2023-08-03,South Gladstone,6.175
2023-08-03,Southport,5.4750000000000000
2023-08-03,Springwood,4.9750000000000000
2023-08-03,Toowoomba,6.9875
2023-08-03,Woolloongabba,7.625
2023-08-03,Wynnum North,4.5250000000000000
2023-08-03,Wynnum West,3.71578947368421
2023-08-04,Brisbane City,3.670833333333330
2023-08-04,Cannon Hill,3.5500000000000000
2023-08-04,Deagon,3.4875000000000000
2023-08-04,Deception Bay,3.845833333333330
2023-08-04,Flinders View,3.858333333333330
2023-08-04,Hopeland,2.0833333333333300
2023-08-04,Lytton,1.4041666666666700
2023-08-04,Miles Airport,2.0
2023-08-04,Mountain Creek,4.091666666666670
2023-08-04,Mutdapilly,3.266666666666670
2023-08-04,Nambour,3.533333333333330
2023-08-04,North Maclean,3.9625000000000000
2023-08-04,Rangeville,2.0708333333333300
2023-08-04,Rocklea,5.565217391304350
2023-08-04,South Brisbane,4.170833333333330
2023-08-04,South Gladstone,4.9125000000000000
2023-08-04,Southport,2.158333333333330
2023-08-04,Springwood,3.7
2023-08-04,Toowoomba,4.204166666666670
2023-08-04,Woolloongabba,4.5125
2023-08-04,Wynnum North,0.8458333333333330
2023-08-04,Wynnum West,3.4714285714285700
2023-08-05,Brisbane City,2.9583333333333300
2023-08-05,Cannon Hill,2.7583333333333300
2023-08-05,Deagon,2.1375000000000000
2023-08-05,Deception Bay,2.3625000000000000
2023-08-05,Flinders View,2.9458333333333300
2023-08-05,Hopeland,1.3333333333333300
2023-08-05,Lytton,1.3875
2023-08-05,Miles Airport,1.4583333333333300
2023-08-05,Mountain Creek,1.9166666666666700
2023-08-05,Mutdapilly,5.1375
2023-08-05,Nambour,1.5416666666666700
2023-08-05,North Maclean,2.725
2023-08-05,Rangeville,2.0458333333333300
2023-08-05,Rocklea,1.6541666666666700
2023-08-05,South Brisbane,3.329166666666670
2023-08-05,South Gladstone,2.5416666666666700
2023-08-05,Southport,0.975
2023-08-05,Springwood,4.020833333333330
2023-08-05,Toowoomba,3.108333333333330
2023-08-05,Woolloongabba,3.358333333333330
2023-08-05,Wynnum North,1.4583333333333300
2023-08-05,Wynnum West,3.3000000000000000
2023-08-06,Brisbane City,4.854166666666670
2023-08-06,Cannon Hill,5.6625000000000000
2023-08-06,Coomera,3.3166666666666700
2023-08-06,Deagon,4.1125
2023-08-06,Deception Bay,4.366666666666670
2023-08-06,Flinders View,6.970833333333330
2023-08-06,Hopeland,2.0416666666666700
2023-08-06,Lytton,2.9250000000000000
2023-08-06,Miles Airport,2.25
2023-08-06,Mountain Creek,4.341666666666670
2023-08-06,Mutdapilly,3.3625000000000000
2023-08-06,Nambour,2.966666666666670
2023-08-06,North Maclean,5.4375
2023-08-06,Rocklea,8.479166666666670
2023-08-06,South Brisbane,5.391666666666670
2023-08-06,South Gladstone,4.458333333333330
2023-08-06,Southport,2.2583333333333300
2023-08-06,Springwood,4.266666666666670
2023-08-06,Toowoomba,3.7708333333333300
2023-08-06,Woolloongabba,5.258333333333330
2023-08-06,Wynnum North,2.1041666666666700
2023-08-06,Wynnum West,1.5791666666666700
2023-08-07,Brisbane City,2.7416666666666700
2023-08-07,Cannon Hill,2.9791666666666700
2023-08-07,Coomera,2.795833333333330
2023-08-07,Deagon,1.9916666666666700
2023-08-07,Deception Bay,3.375
2023-08-07,Flinders View,4.416666666666670
2023-08-07,Lytton,3.2458333333333300
2023-08-07,Mountain Creek,8.670833333333330
2023-08-07,Mutdapilly,2.066666666666670
2023-08-07,Nambour,2.3333333333333300
2023-08-07,North Maclean,5.683333333333330
2023-08-07,Parkwood,2.891666666666670
2023-08-07,Rangeville,2.0045454545454500
2023-08-07,Rocklea,5.2875000000000000
2023-08-07,South Brisbane,3.716666666666670
2023-08-07,South Gladstone,3.141666666666670
2023-08-07,Southport,2.2208333333333300
2023-08-07,Springwood,4.841666666666670
2023-08-07,Toowoomba,1.9916666666666700
2023-08-07,Woolloongabba,2.954166666666670
2023-08-07,Wynnum North,1.4000000000000000
2023-08-07,Wynnum West,0.4800000000000000
2023-08-08,Brisbane City,5.2375
2023-08-08,Cannon Hill,5.825
2023-08-08,Coomera,3.7875
2023-08-08,Deagon,4.720833333333330
2023-08-08,Deception Bay,4.566666666666670
2023-08-08,Flinders View,5.8500000000000000
2023-08-08,Lytton,3.3166666666666700
2023-08-08,Mountain Creek,4.45
2023-08-08,Mutdapilly,3.8333333333333300
2023-08-08,Nambour,3.9458333333333300
2023-08-08,North Maclean,7.008333333333330
2023-08-08,Parkwood,3.4416666666666700
2023-08-08,Rangeville,2.0708333333333300
2023-08-08,Rocklea,4.891666666666670
2023-08-08,South Brisbane,5.8875
2023-08-08,South Gladstone,4.820833333333330
2023-08-08,Southport,3.775
2023-08-08,Springwood,4.9875
2023-08-08,Toowoomba,3.7916666666666700
2023-08-08,Woolloongabba,6.0636363636363600
2023-08-08,Wynnum North,1.8375000000000000
2023-08-08,Wynnum West,1.9000000000000000
2023-08-09,Brisbane City,8.070833333333330
2023-08-09,Cannon Hill,7.495833333333330
2023-08-09,Charleville,2.841666666666670
2023-08-09,Coomera,7.2625
2023-08-09,Deagon,6.7625
2023-08-09,Deception Bay,8.25
2023-08-09,Flinders View,7.1000000000000000
2023-08-09,Lytton,5.3826086956521700
2023-08-09,Mountain Creek,7.266666666666670
2023-08-09,Mutdapilly,7.245833333333330
2023-08-09,Nambour,6.75
2023-08-09,North Maclean,8.004166666666670
2023-08-09,Parkwood,7.020833333333330
2023-08-09,Rangeville,2.3333333333333300
2023-08-09,Rocklea,10.070833333333300
2023-08-09,Roma,5.1125
2023-08-09,South Brisbane,8.575000000000000
2023-08-09,South Gladstone,5.058333333333330
2023-08-09,Southport,7.95
2023-08-09,Springwood,7.3500000000000000
2023-08-09,Toowoomba,7.066666666666670
2023-08-09,Woolloongabba,7.816666666666670
2023-08-09,Wynnum North,3.670833333333330
2023-08-09,Wynnum West,3.3708333333333300
2023-08-10,Brisbane City,4.720833333333330
2023-08-10,Cannon Hill,4.575
2023-08-10,Charleville,2.4250000000000000
2023-08-10,Coomera,4.0625
2023-08-10,Deagon,4.279166666666670
2023-08-10,Deception Bay,4.375
2023-08-10,Flinders View,5.116666666666670
2023-08-10,Lytton,2.091666666666670
2023-08-10,Mountain Creek,4.675
2023-08-10,Mutdapilly,5.808333333333330
2023-08-10,Nambour,4.045833333333330
2023-08-10,North Maclean,5.333333333333330
2023-08-10,Parkwood,3.3250000000000000
2023-08-10,Rangeville,2.6458333333333300
2023-08-10,Rocklea,3.3708333333333300
2023-08-10,Roma,8.025
2023-08-10,South Brisbane,5.1125
2023-08-10,South Gladstone,7.579166666666670
2023-08-10,Southport,4.116666666666670
2023-08-10,Springwood,4.379166666666670
2023-08-10,Toowoomba,3.5833333333333300
2023-08-10,Woolloongabba,4.341666666666670
2023-08-10,Wynnum North,0.975
2023-08-10,Wynnum West,0.7750000000000000
2023-08-11,Brisbane City,3.954166666666670
2023-08-11,Cannon Hill,3.8041666666666700
2023-08-11,Charleville,2.0
2023-08-11,Coomera,3.5666666666666700
2023-08-11,Deagon,3.5041666666666700
2023-08-11,Deception Bay,3.716666666666670
2023-08-11,Flinders View,4.083333333333330
2023-08-11,Lytton,0.725
2023-08-11,Mountain Creek,3.829166666666670
2023-08-11,Mutdapilly,4.033333333333330
2023-08-11,Nambour,3.0541666666666700
2023-08-11,North Maclean,3.620833333333330
2023-08-11,Parkwood,2.7875
2023-08-11,Rangeville,2.0625
2023-08-11,Rocklea,9.708333333333330
2023-08-11,Roma,3.8041666666666700
2023-08-11,South Brisbane,4.320833333333330
2023-08-11,South Gladstone,5.341666666666670
2023-08-11,Southport,3.0928571428571400
2023-08-11,Springwood,3.2875
2023-08-11,Toowoomba,4.158333333333330
2023-08-11,Woolloongabba,3.7583333333333300
2023-08-11,Wynnum North,0.6
2023-08-11,Wynnum West,0.5458333333333330
2023-08-12,Brisbane City,4.004166666666670
2023-08-12,Cannon Hill,3.4916666666666700
2023-08-12,Charleville,2.6666666666666700
2023-08-12,Coomera,3.029166666666670
2023-08-12,Deagon,3.0875
2023-08-12,Deception Bay,3.1333333333333300
2023-08-12,Flinders View,4.2625
2023-08-12,Lytton,0.9500000000000000
2023-08-12,Mountain Creek,3.1166666666666700
2023-08-12,Mutdapilly,4.345833333333330
2023-08-12,Nambour,2.9500000000000000
2023-08-12,North Maclean,5.6000000000000000
2023-08-12,Parkwood,2.495833333333330
2023-08-12,Rangeville,2.033333333333330
2023-08-12,Rocklea,5.8875
2023-08-12,Roma,19.883333333333300
2023-08-12,South Brisbane,4.3125
2023-08-12,South Gladstone,8.129166666666670
2023-08-12,Southport,2.9625
2023-08-12,Springwood,4.1625000000000000
2023-08-12,Toowoomba,4.595833333333330
2023-08-12,Woolloongabba,3.7875
2023-08-12,Wynnum North,0.9333333333333330
2023-08-12,Wynnum West,0.875
2023-09-01,Brisbane City,6.916666666666670
2023-09-01,Cannon Hill,7.291666666666670
2023-09-01,Deagon,6.470833333333330
2023-09-01,Deception Bay,6.304166666666670
2023-09-01,Flinders View,8.154166666666670
2023-09-01,Hopeland,5.845833333333330
2023-09-01,Lytton,3.3791666666666700
2023-09-01,Miles Airport,5.1500000000000000
2023-09-01,Mountain Creek,5.875
2023-09-01,Mutdapilly,7.179166666666670
2023-09-01,Nambour,6.445833333333330
2023-09-01,North Maclean,6.695833333333330
2023-09-01,Rangeville,4.983333333333330
2023-09-01,Rocklea,6.183333333333330
2023-09-01,South Brisbane,7.133333333333330
2023-09-01,South Gladstone,5.479166666666670
2023-09-01,Southport,5.845833333333330
2023-09-01,Springwood,5.641666666666670
2023-09-01,Toowoomba,7.554166666666670
2023-09-01,Woolloongabba,7.05
2023-09-01,Wynnum North,2.9333333333333300
2023-09-01,Wynnum West,2.841666666666670
2023-09-02,Brisbane City,4.8625
2023-09-02,Cannon Hill,5.154166666666670
2023-09-02,Deagon,5.066666666666670
2023-09-02,Deception Bay,4.983333333333330
2023-09-02,Flinders View,5.9000000000000000
2023-09-02,Hopeland,3.9125000000000000
2023-09-02,Lytton,1.3375000000000000
2023-09-02,Miles Airport,4.791666666666670
2023-09-02,Mountain Creek,6.021052631578950
2023-09-02,Mutdapilly,6.283333333333330
2023-09-02,Nambour,5.070833333333330
2023-09-02,North Maclean,4.625
2023-09-02,Rangeville,3.1375000000000000
2023-09-02,Rocklea,5.233333333333330
2023-09-02,South Brisbane,5.291666666666670
2023-09-02,South Gladstone,7.895833333333330
2023-09-02,Southport,4.3875
2023-09-02,Springwood,2.8708333333333300
2023-09-02,Toowoomba,5.966666666666670
2023-09-02,Woolloongabba,5.279166666666670
2023-09-02,Wynnum North,1.2125000000000000
2023-09-02,Wynnum West,1.0708333333333300
2023-09-03,Brisbane City,7.304166666666670
2023-09-03,Cannon Hill,7.5875000000000000
2023-09-03,Deagon,6.629166666666670
2023-09-03,Deception Bay,7.4875
2023-09-03,Flinders View,7.233333333333330
2023-09-03,Hopeland,3.858333333333330
2023-09-03,Lytton,5.930434782608700
2023-09-03,Miles Airport,3.6666666666666700
2023-09-03,Mountain Creek,6.8125
2023-09-03,Mutdapilly,8.079166666666670
2023-09-03,Nambour,5.654166666666670
2023-09-03,North Maclean,7.454166666666670
2023-09-03,Rangeville,2.7125
2023-09-03,Rocklea,9.5
2023-09-03,South Brisbane,7.7750000000000000
2023-09-03,South Gladstone,5.866666666666670
2023-09-03,Southport,9.81304347826087
2023-09-03,Springwood,7.491666666666670
2023-09-03,Toowoomba,5.6125
2023-09-03,Woolloongabba,7.516666666666670
2023-09-03,Wynnum North,5.383333333333330
2023-09-03,Wynnum West,5.071428571428570
2023-09-04,Brisbane City,4.104166666666670
2023-09-04,Cannon Hill,4.233333333333330
2023-09-04,Deagon,3.9166666666666700
2023-09-04,Deception Bay,4.433333333333330
2023-09-04,Flinders View,4.516666666666670
2023-09-04,Hopeland,2.4583333333333300
2023-09-04,Lytton,2.6375000000000000
2023-09-04,Miles Airport,2.5
2023-09-04,Mountain Creek,4.7750000000000000
2023-09-04,Mutdapilly,4.075
2023-09-04,Nambour,4.279166666666670
2023-09-04,North Maclean,6.0250000000000000
2023-09-04,Rangeville,2.1416666666666700
2023-09-04,Rocklea,4.041666666666670
2023-09-04,South Brisbane,4.491666666666670
2023-09-04,South Gladstone,4.541666666666670
2023-09-04,Southport,2.9250000000000000
2023-09-04,Springwood,3.983333333333330
2023-09-04,Toowoomba,4.783333333333330
2023-09-04,Woolloongabba,6.220833333333330
2023-09-04,Wynnum North,1.7833333333333300
2023-09-04,Wynnum West,3.5555555555555600
2023-09-05,Brisbane City,6.541666666666670
2023-09-05,Cannon Hill,7.370833333333330
2023-09-05,Deagon,5.079166666666670
2023-09-05,Deception Bay,6.533333333333330
2023-09-05,Flinders View,6.325
2023-09-05,Hopeland,1.9583333333333300
2023-09-05,Lytton,6.541666666666670
2023-09-05,Miles Airport,1.8333333333333300
2023-09-05,Mountain Creek,4.820833333333330
2023-09-05,Mutdapilly,7.7750000000000000
2023-09-05,Nambour,3.779166666666670
2023-09-05,North Maclean,6.4750000000000000
2023-09-05,Rangeville,2.954166666666670
2023-09-05,Rocklea,5.175
2023-09-05,South Brisbane,7.820833333333330
2023-09-05,South Gladstone,3.466666666666670
2023-09-05,Southport,2.7125
2023-09-05,Springwood,4.933333333333330
2023-09-05,Toowoomba,6.054166666666670
2023-09-05,Woolloongabba,8.541666666666670
2023-09-05,Wynnum North,4.554166666666670
2023-09-05,Wynnum West,8.770833333333330
2023-09-06,Brisbane City,5.216666666666670
2023-09-06,Cannon Hill,6.645833333333330
2023-09-06,Coomera,4.266666666666670
2023-09-06,Deagon,5.858333333333330
2023-09-06,Deception Bay,7.091666666666670
2023-09-06,Flinders View,11.341666666666700
2023-09-06,Hopeland,1.625
2023-09-06,Lytton,3.9291666666666700
2023-09-06,Miles Airport,1.375
2023-09-06,Mountain Creek,5.670833333333330
2023-09-06,Mutdapilly,2.8722222222222200
2023-09-06,Nambour,3.6625
2023-09-06,North Maclean,7.3875
2023-09-06,Parkwood,6.475
2023-09-06,Rocklea,9.245833333333330
2023-09-06,South Brisbane,7.241666666666670
2023-09-06,South Gladstone,4.1125
2023-09-06,Southport,4.2250000000000000
2023-09-06,Springwood,4.420833333333330
2023-09-06,Toowoomba,4.429166666666670
2023-09-06,Woolloongabba,5.4125000000000000
2023-09-06,Wynnum North,2.152173913043480
2023-09-06,Wynnum West,2.7375000000000000
2023-09-07,Brisbane City,4.683333333333330
2023-09-07,Cannon Hill,5.091666666666670
2023-09-07,Coomera,4.2250000000000000
2023-09-07,Deagon,3.283333333333330
2023-09-07,Deception Bay,4.341666666666670
2023-09-07,Flinders View,4.933333333333330
2023-09-07,Lytton,4.078260869565220
2023-09-07,Mountain Creek,9.283333333333330
2023-09-07,Mutdapilly,3.345833333333330
2023-09-07,Nambour,2.6083333333333300
2023-09-07,North Maclean,11.058333333333300
2023-09-07,Parkwood,3.6625
2023-09-07,Rangeville,2.1652173913043500
2023-09-07,Rocklea,7.829166666666670
2023-09-07,South Brisbane,6.0125
2023-09-07,South Gladstone,3.9750000000000000
2023-09-07,Southport,3.1458333333333300
2023-09-07,Springwood,6.429166666666670
2023-09-07,Toowoomba,3.608333333333330
2023-09-07,Woolloongabba,4.916666666666670
2023-09-07,Wynnum North,2.1375000000000000
2023-09-07,Wynnum West,2.3875000000000000
2023-09-08,Brisbane City,4.829166666666670
2023-09-08,Cannon Hill,5.1375
2023-09-08,Coomera,5.295833333333330
2023-09-08,Deagon,4.7
2023-09-08,Deception Bay,3.966666666666670
2023-09-08,Flinders View,5.008333333333330
2023-09-08,Lytton,3.8375
2023-09-08,Mountain Creek,3.904166666666670
2023-09-08,Mutdapilly,4.8125
2023-09-08,Nambour,3.595833333333330
2023-09-08,North Maclean,5.883333333333330
2023-09-08,Parkwood,3.0833333333333300
2023-09-08,Rangeville,2.3916666666666700
2023-09-08,Rocklea,4.616666666666670
2023-09-08,South Brisbane,5.4125000000000000
2023-09-08,South Gladstone,4.9375
2023-09-08,Southport,4.363636363636360
2023-09-08,Springwood,3.8375
2023-09-08,Toowoomba,3.466666666666670
2023-09-08,Woolloongabba,5.483333333333330
2023-09-08,Wynnum North,1.7166666666666700
2023-09-08,Wynnum West,2.0625
2023-09-09,Brisbane City,5.583333333333330
2023-09-09,Cannon Hill,6.3625
2023-09-09,Charleville,2.004166666666670
2023-09-09,Coomera,5.591666666666670
2023-09-09,Deagon,6.079166666666670
2023-09-09,Deception Bay,7.020833333333330
2023-09-09,Flinders View,4.645833333333330
2023-09-09,Lytton,2.6095238095238100
2023-09-09,Mountain Creek,7.320833333333330
2023-09-09,Mutdapilly,4.120833333333330
2023-09-09,Nambour,6.616666666666670
2023-09-09,North Maclean,5.916666666666670
2023-09-09,Parkwood,5.291666666666670
2023-09-09,Rangeville,2.625
2023-09-09,Rocklea,4.4875
2023-09-09,Roma,5.375
2023-09-09,South Brisbane,5.891666666666670
2023-09-09,South Gladstone,13.9375
2023-09-09,Southport,6.604166666666670
2023-09-09,Springwood,5.358333333333330
2023-09-09,Toowoomba,2.720833333333330
2023-09-09,Woolloongabba,5.683333333333330
2023-09-09,Wynnum North,2.3227272727272700
2023-09-09,Wynnum West,2.6956521739130400
2023-09-10,Brisbane City,4.708333333333330
2023-09-10,Cannon Hill,4.1500000000000000
2023-09-10,Charleville,2.3916666666666700
2023-09-10,Coomera,3.1750000000000000
2023-09-10,Deagon,3.641666666666670
2023-09-10,Deception Bay,3.625
2023-09-10,Flinders View,5.058333333333330
2023-09-10,Lytton,1.2
2023-09-10,Mountain Creek,3.4916666666666700
2023-09-10,Mutdapilly,9.091666666666670
2023-09-10,Nambour,2.8333333333333300
2023-09-10,North Maclean,4.995833333333330
2023-09-10,Parkwood,2.9375
2023-09-10,Rangeville,2.375
2023-09-10,Rocklea,4.820833333333330
2023-09-10,Roma,5.7625
2023-09-10,South Brisbane,4.929166666666670
2023-09-10,South Gladstone,4.866666666666670
2023-09-10,Southport,2.8208333333333300
2023-09-10,Springwood,3.1041666666666700
2023-09-10,Toowoomba,4.091666666666670
2023-09-10,Woolloongabba,4.460869565217390
2023-09-10,Wynnum North,0.3166666666666670
2023-09-10,Wynnum West,0.3541666666666670
2023-09-11,Brisbane City,3.8541666666666700
2023-09-11,Cannon Hill,3.7083333333333300
2023-09-11,Charleville,2.1083333333333300
2023-09-11,Coomera,3.5
2023-09-11,Deagon,3.2000000000000000
2023-09-11,Deception Bay,3.095833333333330
2023-09-11,Flinders View,3.779166666666670
2023-09-11,Lytton,2.0125000000000000
2023-09-11,Mountain Creek,3.1625
2023-09-11,Mutdapilly,4.033333333333330
2023-09-11,Nambour,2.4916666666666700
2023-09-11,North Maclean,3.4125
2023-09-11,Parkwood,2.7541666666666700
2023-09-11,Rangeville,2.1166666666666700
2023-09-11,Rocklea,7.841666666666670
2023-09-11,Roma,6.2250000000000000
2023-09-11,South Brisbane,4.175
2023-09-11,South Gladstone,4.5125
2023-09-11,Southport,3.329166666666670
2023-09-11,Springwood,3.029166666666670
2023-09-11,Toowoomba,3.65
2023-09-11,Woolloongabba,3.85
2023-09-11,Wynnum North,0.8375
2023-09-11,Wynnum West,0.8541666666666670
2023-09-12,Brisbane City,5.229166666666670
2023-09-12,Cannon Hill,5.066666666666670
2023-09-12,Charleville,2.2958333333333300
2023-09-12,Coomera,4.645833333333330
2023-09-12,Deagon,4.591666666666670
2023-09-12,Deception Bay,4.729166666666670
2023-09-12,Flinders View,5.191666666666670
2023-09-12,Lytton,0.5416666666666670
2023-09-12,Mountain Creek,5.041666666666670
2023-09-12,Mutdapilly,5.270833333333330
2023-09-12,Nambour,4.391666666666670
2023-09-12,North Maclean,7.279166666666670
2023-09-12,Parkwood,3.9916666666666700
2023-09-12,Rangeville,2.2000000000000000
2023-09-12,Rocklea,4.925
2023-09-12,Roma,18.745833333333300
2023-09-12,South Brisbane,5.458333333333330
2023-09-12,South Gladstone,9.004166666666670
2023-09-12,Southport,4.75
2023-09-12,Springwood,4.9375
2023-09-12,Toowoomba,5.066666666666670
2023-09-12,Woolloongabba,4.745833333333330
2023-09-12,Wynnum North,1.2125000000000000
2023-09-12,Wynnum West,1.0708333333333300
2023-10-01,Brisbane City,6.391666666666670
2023-10-01,Cannon Hill,6.708333333333330
2023-10-01,Deagon,6.425
2023-10-01,Deception Bay,6.2250000000000000
2023-10-01,Flinders View,8.958333333333330
2023-10-01,Hopeland,5.645833333333330
2023-10-01,Lytton,2.8208333333333300
2023-10-01,Miles Airport,4.983333333333330
2023-10-01,Mountain Creek,5.645833333333330
2023-10-01,Mutdapilly,8.1875
2023-10-01,Nambour,5.504166666666670
2023-10-01,North Maclean,6.766666666666670
2023-10-01,Rangeville,4.2625
2023-10-01,Rocklea,6.154166666666670
2023-10-01,South Brisbane,6.808333333333330
2023-10-01,South Gladstone,6.783333333333330
2023-10-01,Southport,5.033333333333330
2023-10-01,Springwood,3.3208333333333300
2023-10-01,Toowoomba,8.175000000000000
2023-10-01,Woolloongabba,6.516666666666670
2023-10-01,Wynnum North,2.341666666666670
2023-10-01,Wynnum West,2.2375000000000000
2023-10-02,Brisbane City,6.4750000000000000
2023-10-02,Cannon Hill,5.3125
2023-10-02,Deagon,5.283333333333330
2023-10-02,Deception Bay,5.054166666666670
2023-10-02,Flinders View,4.675
2023-10-02,Hopeland,4.7750000000000000
2023-10-02,Lytton,2.8208333333333300
2023-10-02,Miles Airport,3.7916666666666700
2023-10-02,Mountain Creek,6.079166666666670
2023-10-02,Mutdapilly,5.629166666666670
2023-10-02,Nambour,5.004166666666670
2023-10-02,North Maclean,4.55
2023-10-02,Rangeville,3.0708333333333300
2023-10-02,Rocklea,7.495833333333330
2023-10-02,South Brisbane,6.991666666666670
2023-10-02,South Gladstone,7.004166666666670
2023-10-02,Southport,3.216666666666670
2023-10-02,Springwood,3.404166666666670
2023-10-02,Toowoomba,4.729166666666670
2023-10-02,Woolloongabba,6.5375000000000000
2023-10-02,Wynnum North,1.9083333333333300
2023-10-02,Wynnum West,1.7166666666666700
2023-10-03,Brisbane City,8.804166666666670
2023-10-03,Cannon Hill,9.695833333333340
2023-10-03,Deagon,7.7
2023-10-03,Deception Bay,7.8625
2023-10-03,Flinders View,9.862500000000000
2023-10-03,Hopeland,2.591666666666670
2023-10-03,Lytton,6.095833333333330
2023-10-03,Miles Airport,3.375
2023-10-03,Mountain Creek,5.429166666666670
2023-10-03,Mutdapilly,9.454166666666670
2023-10-03,Nambour,4.358333333333330
2023-10-03,North Maclean,12.258333333333300
2023-10-03,Rangeville,2.779166666666670
2023-10-03,Rocklea,10.920833333333300
2023-10-03,South Brisbane,9.866666666666670
2023-10-03,South Gladstone,5.6125
2023-10-03,Southport,14.058333333333300
2023-10-03,Springwood,10.220833333333300
2023-10-03,Toowoomba,3.6208333333333300
2023-10-03,Woolloongabba,9.4125
2023-10-03,Wynnum North,6.125
2023-10-03,Wynnum West,5.641666666666670
2023-10-04,Brisbane City,3.75
2023-10-04,Cannon Hill,4.008333333333330
2023-10-04,Deagon,3.470833333333330
2023-10-04,Deception Bay,3.9500000000000000
2023-10-04,Flinders View,4.029166666666670
2023-10-04,Hopeland,2.25
2023-10-04,Lytton,2.2958333333333300
2023-10-04,Miles Airport,2.1666666666666700
2023-10-04,Mountain Creek,3.6208333333333300
2023-10-04,Mutdapilly,3.920833333333330
2023-10-04,Nambour,2.9583333333333300
2023-10-04,North Maclean,6.420833333333330
2023-10-04,Rangeville,2.4458333333333300
2023-10-04,Rocklea,3.4291666666666700
2023-10-04,South Brisbane,4.283333333333330
2023-10-04,South Gladstone,5.2625
2023-10-04,Southport,3.6625
2023-10-04,Springwood,3.5875
2023-10-04,Toowoomba,3.9250000000000000
2023-10-04,Woolloongabba,5.7
2023-10-04,Wynnum North,2.65
2023-10-04,Wynnum West,3.49375
2023-10-05,Brisbane City,8.6
2023-10-05,Cannon Hill,8.483333333333330
2023-10-05,Deagon,7.0875000000000000
2023-10-05,Deception Bay,6.595833333333330
2023-10-05,Flinders View,9.104166666666670
2023-10-05,Hopeland,4.833333333333330
2023-10-05,Lytton,7.2375
2023-10-05,Miles Airport,7.75
2023-10-05,Mountain Creek,6.491666666666670
2023-10-05,Mutdapilly,7.895833333333330
2023-10-05,Nambour,5.120833333333330
2023-10-05,North Maclean,8.262500000000000
2023-10-05,Rangeville,3.1166666666666700
2023-10-05,Rocklea,9.183333333333330
2023-10-05,South Brisbane,9.166666666666670
2023-10-05,South Gladstone,5.479166666666670
2023-10-05,Southport,4.295833333333330
2023-10-05,Springwood,6.729166666666670
2023-10-05,Toowoomba,5.8
2023-10-05,Woolloongabba,9.475
2023-10-05,Wynnum North,4.9875
2023-10-05,Wynnum West,7.279166666666670
2023-10-06,Brisbane City,7.120833333333330
2023-10-06,Cannon Hill,7.604166666666670
2023-10-06,Coomera,6.391666666666670
2023-10-06,Deagon,6.5375000000000000
2023-10-06,Deception Bay,6.766666666666670
2023-10-06,Flinders View,6.729166666666670
2023-10-06,Hopeland,1.875
2023-10-06,Lytton,4.875
2023-10-06,Miles Airport,1.9166666666666700
2023-10-06,Mountain Creek,5.341666666666670
2023-10-06,Mutdapilly,4.2125000000000000
2023-10-06,Nambour,4.466666666666670
2023-10-06,North Maclean,13.291666666666700
2023-10-06,Parkwood,6.620833333333330
2023-10-06,Rocklea,9.25
2023-10-06,South Brisbane,8.891666666666670
2023-10-06,South Gladstone,4.554166666666670
2023-10-06,Southport,4.466666666666670
2023-10-06,Springwood,7.075
2023-10-06,Toowoomba,4.920833333333330
2023-10-06,Woolloongabba,8.279166666666670
2023-10-06,Wynnum North,4.25
2023-10-06,Wynnum West,5.245833333333330
2023-10-07,Brisbane City,6.354166666666670
2023-10-07,Cannon Hill,7.2750000000000000
2023-10-07,Coomera,5.583333333333330
2023-10-07,Deagon,5.408333333333330
2023-10-07,Deception Bay,8.154166666666670
2023-10-07,Flinders View,7.05
2023-10-07,Lytton,6.0227272727272700
2023-10-07,Mountain Creek,6.208333333333330
2023-10-07,Mutdapilly,4.895833333333330
2023-10-07,Nambour,4.2125000000000000
2023-10-07,North Maclean,13.216666666666700
2023-10-07,Parkwood,5.083333333333330
2023-10-07,Rangeville,2.482608695652170
2023-10-07,Rocklea,10.833333333333300
2023-10-07,South Brisbane,7.720833333333330
2023-10-07,South Gladstone,5.308333333333330
2023-10-07,Southport,4.4739130434782600
2023-10-07,Springwood,6.345833333333330
2023-10-07,Toowoomba,6.391666666666670
2023-10-07,Woolloongabba,7.745833333333330
2023-10-07,Wynnum North,4.745833333333330
2023-10-07,Wynnum West,4.1000000000000000
2023-10-08,Brisbane City,6.170833333333330
2023-10-08,Cannon Hill,6.28
2023-10-08,Coomera,7.283333333333330
2023-10-08,Deagon,4.6500000000000000
2023-10-08,Deception Bay,4.429166666666670
2023-10-08,Flinders View,5.45
2023-10-08,Lytton,4.266666666666670
2023-10-08,Mountain Creek,3.4166666666666700
2023-10-08,Mutdapilly,5.316666666666670
2023-10-08,Nambour,2.7708333333333300
2023-10-08,North Maclean,8.345833333333330
2023-10-08,Parkwood,5.029166666666670
2023-10-08,Rangeville,2.7291666666666700
2023-10-08,Rocklea,6.829166666666670
2023-10-08,South Brisbane,6.720833333333330
2023-10-08,South Gladstone,4.4350000000000000
2023-10-08,Southport,5.245833333333330
2023-10-08,Springwood,5.778260869565220
2023-10-08,Toowoomba,4.641666666666670
2023-10-08,Woolloongabba,7.095833333333330
2023-10-08,Wynnum North,2.595833333333330
2023-10-08,Wynnum West,2.9375
2023-10-09,Brisbane City,6.833333333333330
2023-10-09,Cannon Hill,6.858333333333330
2023-10-09,Charleville,2.004166666666670
2023-10-09,Coomera,5.616666666666670
2023-10-09,Deagon,6.154166666666670
2023-10-09,Deception Bay,6.658333333333330
2023-10-09,Flinders View,6.2750000000000000
2023-10-09,Lytton,4.328571428571430
2023-10-09,Mountain Creek,6.645833333333330
2023-10-09,Mutdapilly,6.954166666666670
2023-10-09,Nambour,5.433333333333330
2023-10-09,North Maclean,8.220833333333330
2023-10-09,Parkwood,5.245833333333330
2023-10-09,Rangeville,2.3875000000000000
2023-10-09,Rocklea,4.529166666666670
2023-10-09,Roma,5.641666666666670
2023-10-09,South Brisbane,7.304166666666670
2023-10-09,South Gladstone,10.979166666666700
2023-10-09,Southport,6.529166666666670
2023-10-09,Springwood,6.916666666666670
2023-10-09,Toowoomba,5.7
2023-10-09,Woolloongabba,7.133333333333330
2023-10-09,Wynnum North,3.4583333333333300
2023-10-09,Wynnum West,3.2375000000000000
2023-10-10,Brisbane City,6.654166666666670
2023-10-10,Cannon Hill,5.770833333333330
2023-10-10,Charleville,2.0791666666666700
2023-10-10,Coomera,4.016666666666670
2023-10-10,Deagon,3.5041666666666700
2023-10-10,Deception Bay,3.6
2023-10-10,Flinders View,5.1625000000000000
2023-10-10,Lytton,3.4375
2023-10-10,Mountain Creek,2.9416666666666700
2023-10-10,Mutdapilly,9.383333333333330
2023-10-10,Nambour,2.35
2023-10-10,North Maclean,6.325
2023-10-10,Parkwood,2.7875
2023-10-10,Rangeville,2.0375
2023-10-10,Rocklea,7.9000000000000000
2023-10-10,Roma,4.366666666666670
2023-10-10,South Brisbane,7.222727272727270
2023-10-10,South Gladstone,3.6916666666666700
2023-10-10,Southport,3.0
2023-10-10,Springwood,3.9
2023-10-10,Toowoomba,4.004545454545450
2023-10-10,Woolloongabba,6.433333333333330
2023-10-10,Wynnum North,1.7083333333333300
2023-10-10,Wynnum West,1.625
2023-10-11,Brisbane City,4.575
2023-10-11,Cannon Hill,4.666666666666670
2023-10-11,Charleville,2.0208333333333300
2023-10-11,Coomera,3.9875000000000000
2023-10-11,Deagon,4.033333333333330
2023-10-11,Deception Bay,4.6375
2023-10-11,Flinders View,4.304166666666670
2023-10-11,Lytton,1.7250000000000000
2023-10-11,Mountain Creek,3.920833333333330
2023-10-11,Mutdapilly,4.041666666666670
2023-10-11,Nambour,3.1208333333333300
2023-10-11,North Maclean,4.258333333333330
2023-10-11,Parkwood,3.216666666666670
2023-10-11,Rangeville,2.3375
2023-10-11,Rocklea,10.3
2023-10-11,Roma,7.404166666666670
2023-10-11,South Brisbane,5.108333333333330
2023-10-11,South Gladstone,4.279166666666670
2023-10-11,Southport,4.129166666666670
2023-10-11,Springwood,3.8791666666666700
2023-10-11,Toowoomba,4.043478260869570
2023-10-11,Woolloongabba,4.3125
2023-10-11,Wynnum North,1.2083333333333300
2023-10-11,Wynnum West,1.2666666666666700
2023-10-12,Brisbane City,7.4000000000000000
2023-10-12,Cannon Hill,7.4125000000000000
2023-10-12,Charleville,2.404166666666670
2023-10-12,Coomera,6.576190476190480
2023-10-12,Deagon,7.129166666666670
2023-10-12,Deception Bay,7.391666666666670
2023-10-12,Flinders View,6.720833333333330
2023-10-12,Lytton,1.9166666666666700
2023-10-12,Mountain Creek,7.7250000000000000
2023-10-12,Mutdapilly,6.920833333333330
2023-10-12,Nambour,6.266666666666670
2023-10-12,North Maclean,7.166666666666670
2023-10-12,Parkwood,5.758333333333330
2023-10-12,Rangeville,3.3625000000000000
2023-10-12,Rocklea,6.241666666666670
2023-10-12,Roma,14.466666666666700
2023-10-12,South Brisbane,7.495833333333330
2023-10-12,South Gladstone,12.683333333333300
2023-10-12,Southport,7.1000000000000000
2023-10-12,Springwood,7.0250000000000000
2023-10-12,Toowoomba,6.779166666666670
2023-10-12,Woolloongabba,6.4750000000000000
2023-10-12,Wynnum North,2.716666666666670
2023-10-12,Wynnum West,2.3875000000000000
2023-11-01,Brisbane City,6.2750000000000000
2023-11-01,Cannon Hill,6.366666666666670
2023-11-01,Deagon,5.058333333333330
2023-11-01,Deception Bay,5.0625
2023-11-01,Flinders View,30.604166666666700
2023-11-01,Hopeland,4.941666666666670
2023-11-01,Lytton,2.4833333333333300
2023-11-01,Miles Airport,4.375
2023-11-01,Mountain Creek,5.181818181818180
2023-11-01,Mutdapilly,9.395833333333330
2023-11-01,Nambour,4.870833333333330
2023-11-01,North Maclean,5.25
2023-11-01,Rangeville,3.795833333333330
2023-11-01,Rocklea,6.579166666666670
2023-11-01,South Brisbane,7.195833333333330
2023-11-01,South Gladstone,6.808695652173910
2023-11-01,Southport,3.840909090909090
2023-11-01,Springwood,3.0208333333333300
2023-11-01,Toowoomba,6.145833333333330
2023-11-01,Woolloongabba,6.625
2023-11-01,Wynnum North,1.8
2023-11-01,Wynnum West,1.675
2023-11-02,Brisbane City,6.254166666666670
2023-11-02,Cannon Hill,5.0250000000000000
2023-11-02,Deagon,4.875
2023-11-02,Deception Bay,4.875
2023-11-02,Flinders View,5.1125
2023-11-02,Hopeland,4.220833333333330
2023-11-02,Lytton,2.4291666666666700
2023-11-02,Miles Airport,7.458333333333330
2023-11-02,Mountain Creek,5.133333333333330
2023-11-02,Mutdapilly,5.670833333333330
2023-11-02,Nambour,4.470833333333330
2023-11-02,North Maclean,5.145833333333330
2023-11-02,Rangeville,3.591666666666670
2023-11-02,Rocklea,6.079166666666670
2023-11-02,South Brisbane,6.083333333333330
2023-11-02,South Gladstone,6.358333333333330
2023-11-02,Southport,4.120833333333330
2023-11-02,Springwood,5.766666666666670
2023-11-02,Toowoomba,5.4125000000000000
2023-11-02,Woolloongabba,5.795833333333330
2023-11-02,Wynnum North,2.1375000000000000
2023-11-02,Wynnum West,2.025
2023-11-03,Brisbane City,6.720833333333330
2023-11-03,Cannon Hill,6.345833333333330
2023-11-03,Deagon,5.733333333333330
2023-11-03,Deception Bay,5.604166666666670
2023-11-03,Flinders View,7.0125
2023-11-03,Hopeland,3.0416666666666700
2023-11-03,Lytton,2.9625
2023-11-03,Miles Airport,3.0416666666666700
2023-11-03,Mountain Creek,4.616666666666670
2023-11-03,Mutdapilly,6.791666666666670
2023-11-03,Nambour,4.179166666666670
2023-11-03,North Maclean,7.545833333333330
2023-11-03,Rangeville,2.504166666666670
2023-11-03,Rocklea,6.4875
2023-11-03,South Brisbane,7.233333333333330
2023-11-03,South Gladstone,3.8500000000000000
2023-11-03,Southport,5.654166666666670
2023-11-03,Springwood,4.5875000000000000
2023-11-03,Toowoomba,5.383333333333330
2023-11-03,Woolloongabba,6.695833333333330
2023-11-03,Wynnum North,2.345833333333330
2023-11-03,Wynnum West,2.0208333333333300
2023-11-04,Brisbane City,3.641666666666670
2023-11-04,Cannon Hill,4.425
2023-11-04,Deagon,3.3875000000000000
2023-11-04,Deception Bay,4.570833333333330
2023-11-04,Flinders View,4.1000000000000000
2023-11-04,Hopeland,1.9583333333333300
2023-11-04,Lytton,2.920833333333330
2023-11-04,Miles Airport,2.5833333333333300
2023-11-04,Mountain Creek,4.1875
2023-11-04,Mutdapilly,3.9166666666666700
2023-11-04,Nambour,3.733333333333330
2023-11-04,North Maclean,6.104166666666670
2023-11-04,Rangeville,2.0958333333333300
2023-11-04,Rocklea,3.9791666666666700
2023-11-04,South Brisbane,4.608333333333330
2023-11-04,South Gladstone,4.695833333333330
2023-11-04,Southport,2.6791666666666700
2023-11-04,Springwood,6.033333333333330
2023-11-04,Toowoomba,3.6166666666666700
2023-11-04,Woolloongabba,6.25
2023-11-04,Wynnum North,2.2583333333333300
2023-11-04,Wynnum West,4.2
2023-11-05,Brisbane City,6.054166666666670
2023-11-05,Cannon Hill,5.779166666666670
2023-11-05,Deagon,5.695833333333330
2023-11-05,Deception Bay,5.8875
2023-11-05,Flinders View,6.2375
2023-11-05,Hopeland,3.2083333333333300
2023-11-05,Lytton,5.629166666666670
2023-11-05,Miles Airport,4.791666666666670
2023-11-05,Mountain Creek,5.425
2023-11-05,Mutdapilly,5.954166666666670
2023-11-05,Nambour,4.379166666666670
2023-11-05,North Maclean,6.229166666666670
2023-11-05,Rangeville,3.35
2023-11-05,Rocklea,5.6375
2023-11-05,South Brisbane,6.329166666666670
2023-11-05,South Gladstone,6.720833333333330
2023-11-05,Southport,3.0833333333333300
2023-11-05,Springwood,3.716666666666670
2023-11-05,Toowoomba,5.183333333333330
2023-11-05,Woolloongabba,6.491666666666670
2023-11-05,Wynnum North,2.85
2023-11-05,Wynnum West,4.170833333333330
2023-11-06,Brisbane City,8.233333333333330
2023-11-06,Cannon Hill,8.025
2023-11-06,Coomera,5.995833333333330
2023-11-06,Deagon,6.1375
2023-11-06,Deception Bay,4.6125
2023-11-06,Flinders View,7.2
2023-11-06,Hopeland,2.2916666666666700
2023-11-06,Lytton,4.608333333333330
2023-11-06,Miles Airport,2.6666666666666700
2023-11-06,Mountain Creek,5.154166666666670
2023-11-06,Mutdapilly,4.1500000000000000
2023-11-06,Nambour,3.7708333333333300
2023-11-06,North Maclean,11.145833333333300
2023-11-06,Parkwood,4.4875
2023-11-06,Rocklea,10.1875
2023-11-06,South Brisbane,9.325000000000000
2023-11-06,South Gladstone,4.375
2023-11-06,Southport,5.720833333333330
2023-11-06,Springwood,8.770833333333330
2023-11-06,Toowoomba,5.0875000000000000
2023-11-06,Woolloongabba,8.483333333333330
2023-11-06,Wynnum North,3.9916666666666700
2023-11-06,Wynnum West,4.029166666666670
2023-11-07,Brisbane City,9.254166666666670
2023-11-07,Cannon Hill,10.229166666666700
2023-11-07,Coomera,7.633333333333330
2023-11-07,Deagon,8.433333333333330
2023-11-07,Deception Bay,8.775
2023-11-07,Flinders View,13.845833333333300
2023-11-07,Lytton,10.395833333333300
2023-11-07,Mountain Creek,7.3125
2023-11-07,Mutdapilly,4.879166666666670
2023-11-07,Nambour,4.404166666666670
2023-11-07,North Maclean,12.7875
2023-11-07,Parkwood,7.095833333333330
2023-11-07,Rangeville,3.279166666666670
2023-11-07,Rocklea,15.208333333333300
2023-11-07,South Brisbane,11.116666666666700
2023-11-07,South Gladstone,5.2
2023-11-07,Southport,6.909523809523810
2023-11-07,Springwood,10.020833333333300
2023-11-07,Toowoomba,6.1000000000000000
2023-11-07,Woolloongabba,11.245833333333300
2023-11-07,Wynnum North,6.016666666666670
2023-11-07,Wynnum West,6.425
2023-11-08,Brisbane City,7.654166666666670
2023-11-08,Cannon Hill,7.1000000000000000
2023-11-08,Coomera,9.904166666666670
2023-11-08,Deagon,6.454166666666670
2023-11-08,Deception Bay,8.554166666666670
2023-11-08,Flinders View,7.847619047619050
2023-11-08,Lytton,6.479166666666670
2023-11-08,Mountain Creek,5.229166666666670
2023-11-08,Mutdapilly,7.370833333333330
2023-11-08,Nambour,4.383333333333330
2023-11-08,North Maclean,10.225
2023-11-08,Parkwood,10.362500000000000
2023-11-08,Rangeville,3.158333333333330
2023-11-08,Rocklea,7.2250000000000000
2023-11-08,South Brisbane,8.754166666666670
2023-11-08,South Gladstone,4.441666666666670
2023-11-08,Southport,11.3375
2023-11-08,Springwood,7.716666666666670
2023-11-08,Toowoomba,6.641666666666670
2023-11-08,Woolloongabba,7.9875
2023-11-08,Wynnum North,5.583333333333330
2023-11-08,Wynnum West,5.429166666666670
2023-11-09,Brisbane City,4.875
2023-11-09,Cannon Hill,4.895833333333330
2023-11-09,Charleville,2.0833333333333300
2023-11-09,Coomera,4.245833333333330
2023-11-09,Deagon,4.629166666666670
2023-11-09,Deception Bay,4.770833333333330
2023-11-09,Flinders View,4.1000000000000000
2023-11-09,Lytton,2.955
2023-11-09,Mountain Creek,4.9875
2023-11-09,Mutdapilly,4.745833333333330
2023-11-09,Nambour,4.5375000000000000
2023-11-09,North Maclean,4.495833333333330
2023-11-09,Parkwood,3.9
2023-11-09,Rangeville,2.2958333333333300
2023-11-09,Rocklea,3.0666666666666700
2023-11-09,Roma,8.079166666666670
2023-11-09,South Brisbane,5.2625
2023-11-09,South Gladstone,8.825000000000000
2023-11-09,Southport,4.395833333333330
2023-11-09,Springwood,4.6125
2023-11-09,Toowoomba,4.083333333333330
2023-11-09,Woolloongabba,5.416666666666670
2023-11-09,Wynnum North,1.7791666666666700
2023-11-09,Wynnum West,1.6458333333333300
2023-11-10,Brisbane City,5.208333333333330
2023-11-10,Cannon Hill,4.890476190476190
2023-11-10,Charleville,2.220833333333330
2023-11-10,Coomera,3.8958333333333300
2023-11-10,Deagon,3.4750000000000000
2023-11-10,Deception Bay,3.295833333333330
2023-11-10,Flinders View,4.1500000000000000
2023-11-10,Lytton,3.908333333333330
2023-11-10,Mountain Creek,2.975
2023-11-10,Mutdapilly,7.716666666666670
2023-11-10,Nambour,2.3625000000000000
2023-11-10,North Maclean,5.1500000000000000
2023-11-10,Parkwood,2.9250000000000000
2023-11-10,Rangeville,2.3458333333333300
2023-11-10,Rocklea,7.2250000000000000
2023-11-10,Roma,5.2250000000000000
2023-11-10,South Brisbane,5.470833333333330
2023-11-10,South Gladstone,4.0250000000000000
2023-11-10,Southport,3.845833333333330
2023-11-10,Springwood,3.8250000000000000
2023-11-10,Toowoomba,4.220833333333330
2023-11-10,Woolloongabba,4.954166666666670
2023-11-10,Wynnum North,2.341666666666670
2023-11-10,Wynnum West,2.1722222222222200
2023-11-11,Brisbane City,4.883333333333330
2023-11-11,Cannon Hill,4.575
2023-11-11,Charleville,2.0541666666666700
2023-11-11,Coomera,3.608333333333330
2023-11-11,Deagon,4.4125000000000000
2023-11-11,Deception Bay,4.454166666666670
2023-11-11,Flinders View,4.0
2023-11-11,Lytton,1.9291666666666700
2023-11-11,Mountain Creek,3.779166666666670
2023-11-11,Mutdapilly,3.420833333333330
2023-11-11,Nambour,3.2541666666666700
2023-11-11,North Maclean,4.3
2023-11-11,Parkwood,2.904166666666670
2023-11-11,Rangeville,2.1333333333333300
2023-11-11,Rocklea,9.737500000000000
2023-11-11,Roma,8.137500000000000
2023-11-11,South Brisbane,5.545833333333330
2023-11-11,South Gladstone,4.4875
2023-11-11,Southport,3.5083333333333300
2023-11-11,Springwood,3.7625000000000000
2023-11-11,Toowoomba,4.466666666666670
2023-11-11,Woolloongabba,4.466666666666670
2023-11-11,Wynnum North,1.4916666666666700
2023-11-11,Wynnum West,1.2041666666666700
2023-11-12,Brisbane City,7.75
2023-11-12,Cannon Hill,7.741666666666670
2023-11-12,Charleville,3.3000000000000000
2023-11-12,Coomera,7.283333333333330
2023-11-12,Deagon,7.308333333333330
2023-11-12,Deception Bay,7.579166666666670
2023-11-12,Flinders View,7.579166666666670
2023-11-12,Lytton,1.2791666666666700
2023-11-12,Mountain Creek,8.191666666666670
2023-11-12,Mutdapilly,9.158333333333330
2023-11-12,Nambour,7.229166666666670
2023-11-12,North Maclean,7.4125000000000000
2023-11-12,Parkwood,6.25
2023-11-12,Rangeville,3.6125000000000000
2023-11-12,Rocklea,7.2
2023-11-12,Roma,6.404166666666670
2023-11-12,South Brisbane,7.966666666666670
2023-11-12,South Gladstone,12.729166666666700
2023-11-12,Southport,6.9000000000000000
2023-11-12,Springwood,7.495833333333330
2023-11-12,Toowoomba,7.308333333333330
2023-11-12,Woolloongabba,6.958333333333330
2023-11-12,Wynnum North,2.4541666666666700
2023-11-12,Wynnum West,2.120833333333330
2023-12-01,Brisbane City,5.2875000000000000
2023-12-01,Cannon Hill,5.058333333333330
2023-12-01,Deagon,4.6875
2023-12-01,Deception Bay,4.304166666666670
2023-12-01,Flinders View,7.486363636363640
2023-12-01,Hopeland,4.741666666666670
2023-12-01,Lytton,1.9541666666666700
2023-12-01,Miles Airport,4.666666666666670
2023-12-01,Mountain Creek,4.320833333333330
2023-12-01,Mutdapilly,8.866666666666670
2023-12-01,Nambour,4.1625000000000000
2023-12-01,North Maclean,4.716666666666670
2023-12-01,Rangeville,3.233333333333330
2023-12-01,Rocklea,5.466666666666670
2023-12-01,South Brisbane,5.483333333333330
2023-12-01,South Gladstone,5.395833333333330
2023-12-01,Southport,3.1041666666666700
2023-12-01,Springwood,2.316666666666670
2023-12-01,Toowoomba,5.45
2023-12-01,Woolloongabba,5.295833333333330
2023-12-01,Wynnum North,1.5291666666666700
2023-12-01,Wynnum West,1.4000000000000000
2023-12-02,Brisbane City,6.8875
2023-12-02,Cannon Hill,7.070833333333330
2023-12-02,Deagon,6.458333333333330
2023-12-02,Deception Bay,7.0875000000000000
2023-12-02,Flinders View,6.6375
2023-12-02,Hopeland,4.9000000000000000
2023-12-02,Lytton,4.6625000000000000
2023-12-02,Miles Airport,4.791666666666670
2023-12-02,Mountain Creek,7.395833333333330
2023-12-02,Mutdapilly,6.754166666666670
2023-12-02,Nambour,6.170833333333330
2023-12-02,North Maclean,6.829166666666670
2023-12-02,Rangeville,4.079166666666670
2023-12-02,Rocklea,6.391666666666670
2023-12-02,South Brisbane,7.008333333333330
2023-12-02,South Gladstone,6.533333333333330
2023-12-02,Southport,6.891666666666670
2023-12-02,Springwood,7.483333333333330
2023-12-02,Toowoomba,5.916666666666670
2023-12-02,Woolloongabba,6.704166666666670
2023-12-02,Wynnum North,3.8708333333333300
2023-12-02,Wynnum West,3.391666666666670
2023-12-03,Brisbane City,4.183333333333330
2023-12-03,Cannon Hill,4.404166666666670
2023-12-03,Deagon,3.15
2023-12-03,Deception Bay,3.8958333333333300
2023-12-03,Flinders View,4.941666666666670
2023-12-03,Hopeland,4.166666666666670
2023-12-03,Lytton,2.0391304347826100
2023-12-03,Miles Airport,3.625
2023-12-03,Mountain Creek,4.5
2023-12-03,Mutdapilly,4.504347826086960
2023-12-03,Nambour,3.4791666666666700
2023-12-03,North Maclean,5.354166666666670
2023-12-03,Rangeville,3.033333333333330
2023-12-03,Rocklea,5.833333333333330
2023-12-03,South Brisbane,4.675
2023-12-03,South Gladstone,5.116666666666670
2023-12-03,Southport,1.825
2023-12-03,Springwood,4.866666666666670
2023-12-03,Toowoomba,3.7541666666666700
2023-12-03,Woolloongabba,4.491666666666670
2023-12-03,Wynnum North,1.6347826086956500
2023-12-03,Wynnum West,1.5608695652173900
2023-12-04,Brisbane City,3.9
2023-12-04,Cannon Hill,4.604166666666670
2023-12-04,Deagon,3.6625
2023-12-04,Deception Bay,6.1125
2023-12-04,Flinders View,4.0
2023-12-04,Hopeland,1.9583333333333300
2023-12-04,Lytton,4.854166666666670
2023-12-04,Miles Airport,2.9583333333333300
2023-12-04,Mountain Creek,3.6375000000000000
2023-12-04,Mutdapilly,3.8208333333333300
2023-12-04,Nambour,2.716666666666670
2023-12-04,North Maclean,6.554166666666670
2023-12-04,Rangeville,2.1666666666666700
2023-12-04,Rocklea,7.133333333333330
2023-12-04,South Brisbane,5.095833333333330
2023-12-04,South Gladstone,4.695833333333330
2023-12-04,Southport,2.4208333333333300
2023-12-04,Springwood,5.879166666666670
2023-12-04,Toowoomba,3.408333333333330
2023-12-04,Woolloongabba,6.5125
2023-12-04,Wynnum North,3.283333333333330
2023-12-04,Wynnum West,5.188888888888890
2023-12-05,Brisbane City,5.316666666666670
2023-12-05,Cannon Hill,4.970833333333330
2023-12-05,Deagon,4.879166666666670
2023-12-05,Deception Bay,4.991666666666670
2023-12-05,Flinders View,5.808333333333330
2023-12-05,Hopeland,2.875
2023-12-05,Lytton,3.225
2023-12-05,Miles Airport,3.6666666666666700
2023-12-05,Mountain Creek,5.0
2023-12-05,Mutdapilly,4.845833333333330
2023-12-05,Nambour,5.791666666666670
2023-12-05,North Maclean,5.491666666666670
2023-12-05,Rangeville,3.6375000000000000
2023-12-05,Rocklea,5.370833333333330
2023-12-05,South Brisbane,5.7625
2023-12-05,South Gladstone,5.941666666666670
2023-12-05,Southport,2.3541666666666700
2023-12-05,Springwood,3.1166666666666700
2023-12-05,Toowoomba,4.645833333333330
2023-12-05,Woolloongabba,5.504166666666670
2023-12-05,Wynnum North,2.0458333333333300
2023-12-05,Wynnum West,3.4333333333333300
2023-12-06,Brisbane City,6.304166666666670
2023-12-06,Cannon Hill,6.258333333333330
2023-12-06,Coomera,4.733333333333330
2023-12-06,Deagon,5.595833333333330
2023-12-06,Deception Bay,5.3375000000000000
2023-12-06,Flinders View,7.204166666666670
2023-12-06,Hopeland,3.0
2023-12-06,Lytton,5.058333333333330
2023-12-06,Miles Airport,5.875
2023-12-06,Mountain Creek,3.483333333333330
2023-12-06,Mutdapilly,4.583333333333330
2023-12-06,Nambour,2.975
2023-12-06,North Maclean,7.895833333333330
2023-12-06,Parkwood,4.2
2023-12-06,Rocklea,9.620833333333330
2023-12-06,South Brisbane,7.058333333333330
2023-12-06,South Gladstone,4.2125000000000000
2023-12-06,Southport,3.463636363636360
2023-12-06,Springwood,7.645833333333330
2023-12-06,Toowoomba,4.320833333333330
2023-12-06,Woolloongabba,6.745833333333330
2023-12-06,Wynnum North,3.954166666666670
2023-12-06,Wynnum West,3.6625
2023-12-07,Brisbane City,9.604166666666670
2023-12-07,Cannon Hill,9.016666666666670
2023-12-07,Coomera,6.3375000000000000
2023-12-07,Deagon,7.570833333333330
2023-12-07,Deception Bay,7.454166666666670
2023-12-07,Flinders View,13.4625
2023-12-07,Lytton,8.541666666666670
2023-12-07,Mountain Creek,8.175
2023-12-07,Mutdapilly,5.963636363636360
2023-12-07,Nambour,5.845833333333330
2023-12-07,North Maclean,10.091666666666700
2023-12-07,Parkwood,5.245833333333330
2023-12-07,Rangeville,3.2916666666666700
2023-12-07,Rocklea,15.129166666666700
2023-12-07,South Brisbane,10.304166666666700
2023-12-07,South Gladstone,5.5250000000000000
2023-12-07,Southport,6.316666666666670
2023-12-07,Springwood,9.079166666666670
2023-12-07,Toowoomba,6.679166666666670
2023-12-07,Woolloongabba,10.416666666666700
2023-12-07,Wynnum North,6.083333333333330
2023-12-07,Wynnum West,5.679166666666670
2023-12-08,Brisbane City,18.6375
2023-12-08,Cannon Hill,13.770833333333300
2023-12-08,Coomera,21.820833333333300
2023-12-08,Deagon,11.85
2023-12-08,Deception Bay,11.1875
2023-12-08,Flinders View,11.870833333333300
2023-12-08,Lytton,11.579166666666700
2023-12-08,Mountain Creek,8.558333333333330
2023-12-08,Mutdapilly,14.75
2023-12-08,Nambour,9.104166666666670
2023-12-08,North Maclean,16.183333333333300
2023-12-08,Parkwood,11.154166666666700
2023-12-08,Rangeville,2.183333333333330
2023-12-08,Rocklea,15.5
2023-12-08,South Brisbane,18.604166666666700
2023-12-08,South Gladstone,5.325
2023-12-08,Southport,13.641666666666700
2023-12-08,Springwood,13.445833333333300
2023-12-08,Toowoomba,7.166666666666670
2023-12-08,Woolloongabba,17.854166666666700
2023-12-08,Wynnum North,9.570833333333330
2023-12-08,Wynnum West,8.483333333333330
2023-12-09,Brisbane City,4.258333333333330
2023-12-09,Cannon Hill,4.620833333333330
2023-12-09,Charleville,2.158333333333330
2023-12-09,Coomera,3.9500000000000000
2023-12-09,Deagon,4.116666666666670
2023-12-09,Deception Bay,3.775
2023-12-09,Flinders View,4.3500000000000000
2023-12-09,Lytton,2.8375000000000000
2023-12-09,Mountain Creek,4.116666666666670
2023-12-09,Mutdapilly,4.941666666666670
2023-12-09,Nambour,3.8541666666666700
2023-12-09,North Maclean,5.1375
2023-12-09,Parkwood,3.7125
2023-12-09,Rangeville,2.5833333333333300
2023-12-09,Rocklea,4.558333333333330
2023-12-09,Roma,5.270833333333330
2023-12-09,South Brisbane,4.7875000000000000
2023-12-09,South Gladstone,7.191666666666670
2023-12-09,Southport,4.2875000000000000
2023-12-09,Springwood,4.358333333333330
2023-12-09,Toowoomba,3.6
2023-12-09,Woolloongabba,4.9125000000000000
2023-12-09,Wynnum North,1.6416666666666700
2023-12-09,Wynnum West,1.5458333333333300
2023-12-10,Brisbane City,5.0625
2023-12-10,Cannon Hill,5.045833333333330
2023-12-10,Charleville,2.0458333333333300
2023-12-10,Coomera,4.070833333333330
2023-12-10,Deagon,3.7375000000000000
2023-12-10,Deception Bay,5.245833333333330
2023-12-10,Flinders View,4.558333333333330
2023-12-10,Lytton,3.0541666666666700
2023-12-10,Mountain Creek,3.5583333333333300
2023-12-10,Mutdapilly,5.708333333333330
2023-12-10,Nambour,2.8791666666666700
2023-12-10,North Maclean,5.158333333333330
2023-12-10,Parkwood,3.2625000000000000
2023-12-10,Rangeville,2.2291666666666700
2023-12-10,Rocklea,7.691666666666670
2023-12-10,Roma,7.2625
2023-12-10,South Brisbane,5.645833333333330
2023-12-10,South Gladstone,4.795833333333330
2023-12-10,Southport,3.779166666666670
2023-12-10,Springwood,4.325
2023-12-10,Toowoomba,4.5
2023-12-10,Woolloongabba,5.1000000000000000
2023-12-10,Wynnum North,2.5458333333333300
2023-12-10,Wynnum West,1.8458333333333300
2023-12-11,Brisbane City,5.304166666666670
2023-12-11,Cannon Hill,4.979166666666670
2023-12-11,Charleville,2.0083333333333300
2023-12-11,Coomera,5.454166666666670
2023-12-11,Deagon,4.654166666666670
2023-12-11,Deception Bay,5.05
2023-12-11,Flinders View,4.8500000000000000
2023-12-11,Lytton,2.8166666666666700
2023-12-11,Mountain Creek,4.491666666666670
2023-12-11,Mutdapilly,4.6875
2023-12-11,Nambour,3.716666666666670
2023-12-11,North Maclean,5.645833333333330
2023-12-11,Parkwood,4.266666666666670
2023-12-11,Rangeville,2.3583333333333300
2023-12-11,Rocklea,9.35
2023-12-11,Roma,7.366666666666670
2023-12-11,South Brisbane,5.4625000000000000
2023-12-11,South Gladstone,5.354166666666670
2023-12-11,Southport,4.75
2023-12-11,Springwood,4.920833333333330
2023-12-11,Toowoomba,4.5875000000000000
2023-12-11,Woolloongabba,4.629166666666670
2023-12-11,Wynnum North,1.625
2023-12-11,Wynnum West,1.5125
2023-12-12,Brisbane City,6.616666666666670
2023-12-12,Cannon Hill,6.579166666666670
2023-12-12,Charleville,3.1291666666666700
2023-12-12,Coomera,6.308333333333330
2023-12-12,Deagon,6.166666666666670
2023-12-12,Deception Bay,6.195833333333330
2023-12-12,Flinders View,6.895833333333330
2023-12-12,Lytton,0.5941176470588240
2023-12-12,Mountain Creek,6.5375000000000000
2023-12-12,Mutdapilly,8.854166666666670
2023-12-12,Nambour,5.666666666666670
2023-12-12,North Maclean,6.886956521739130
2023-12-12,Parkwood,5.441666666666670
2023-12-12,Rangeville,3.2875
2023-12-12,Rocklea,7.575
2023-12-12,Roma,9.0875
2023-12-12,South Brisbane,7.020833333333330
2023-12-12,South Gladstone,11.137500000000000
2023-12-12,Southport,6.4125000000000000
2023-12-12,Springwood,6.695833333333330
2023-12-12,Toowoomba,7.3375000000000000
2023-12-12,Woolloongabba,6.141666666666670
2023-12-12,Wynnum North,2.25
2023-12-12,Wynnum West,1.952173913043480
2024-01-01,Brisbane City,5.570833333333330
2024-01-01,Cannon Hill,4.558333333333330
2024-01-01,Charleville,2.0
2024-01-01,Coomera,5.345833333333330
2024-01-01,Deagon,4.979166666666670
2024-01-01,Deception Bay,5.6125
2024-01-01,Flinders View,3.170833333333330
2024-01-01,Lytton,1.6208333333333300
2024-01-01,Mountain Creek,5.791666666666670
2024-01-01,Mutdapilly,3.069565217391300
2024-01-01,Nambour,4.491666666666670
2024-01-01,North Maclean,3.5416666666666700
2024-01-01,Parkwood,4.666666666666670
2024-01-01,Rangeville,2.0083333333333300
2024-01-01,Rocklea,3.4250000000000000
2024-01-01,Roma,3.8625000000000000
2024-01-01,South Brisbane,4.7375
2024-01-01,South Gladstone,4.658333333333330
2024-01-01,Southport,8.695833333333330
2024-01-01,Springwood,3.975
2024-01-01,Woolloongabba,3.829166666666670
2024-01-01,Wynnum North,0.725
2024-01-01,Wynnum West,1.1625000000000000
2024-01-02,Brisbane City,4.966666666666670
2024-01-02,Cannon Hill,4.9750000000000000
2024-01-02,Charleville,2.1166666666666700
2024-01-02,Coomera,4.820833333333330
2024-01-02,Deagon,4.829166666666670
2024-01-02,Deception Bay,4.870833333333330
2024-01-02,Flinders View,4.804166666666670
2024-01-02,Lytton,2.4291666666666700
2024-01-02,Mountain Creek,6.0250000000000000
2024-01-02,Mutdapilly,4.970833333333330
2024-01-02,Nambour,5.058333333333330
2024-01-02,North Maclean,4.016666666666670
2024-01-02,Parkwood,4.4875
2024-01-02,Rangeville,2.2291666666666700
2024-01-02,Rocklea,4.529166666666670
2024-01-02,Roma,10.758333333333300
2024-01-02,South Brisbane,5.329166666666670
2024-01-02,South Gladstone,6.2125000000000000
2024-01-02,Southport,5.020833333333330
2024-01-02,Springwood,4.816666666666670
2024-01-02,Toowoomba,4.429166666666670
2024-01-02,Woolloongabba,4.483333333333330
2024-01-02,Wynnum North,1.6875
2024-01-02,Wynnum West,1.3916666666666700
2024-01-03,Brisbane City,5.595833333333330
2024-01-03,Cannon Hill,5.179166666666670
2024-01-03,Charleville,2.8708333333333300
2024-01-03,Coomera,5.308333333333330
2024-01-03,Deagon,5.029166666666670
2024-01-03,Deception Bay,5.379166666666670
2024-01-03,Flinders View,6.4625000000000000
2024-01-03,Lytton,3.8166666666666700
2024-01-03,Mountain Creek,4.604166666666670
2024-01-03,Mutdapilly,7.254166666666670
2024-01-03,Nambour,4.704166666666670
2024-01-03,North Maclean,5.5875000000000000
2024-01-03,Parkwood,4.283333333333330
2024-01-03,Rangeville,2.5375
2024-01-03,Rocklea,8.495833333333330
2024-01-03,Roma,11.183333333333300
2024-01-03,South Brisbane,5.841666666666670
2024-01-03,South Gladstone,5.9125000000000000
2024-01-03,Southport,4.7125000000000000
2024-01-03,Springwood,5.3500000000000000
2024-01-03,Toowoomba,10.308333333333300
2024-01-03,Woolloongabba,5.216666666666670
2024-01-03,Wynnum North,2.058333333333330
2024-01-03,Wynnum West,2.2416666666666700
2024-01-04,Brisbane City,3.1791666666666700
2024-01-04,Cannon Hill,2.858333333333330
2024-01-04,Charleville,2.0
2024-01-04,Coomera,2.6958333333333300
2024-01-04,Deagon,2.6375000000000000
2024-01-04,Deception Bay,2.3666666666666700
2024-01-04,Flinders View,3.3375
2024-01-04,Lytton,1.4666666666666700
2024-01-04,Mountain Creek,1.9666666666666700
2024-01-04,Mutdapilly,3.3541666666666700
2024-01-04,Nambour,1.9750000000000000
2024-01-04,North Maclean,3.125
2024-01-04,Parkwood,2.4166666666666700
2024-01-04,Rocklea,2.3875000000000000
2024-01-04,Roma,2.8791666666666700
2024-01-04,South Brisbane,3.391666666666670
2024-01-04,South Gladstone,3.1333333333333300
2024-01-04,Southport,2.7916666666666700
2024-01-04,Springwood,2.75
2024-01-04,Toowoomba,2.4541666666666700
2024-01-04,Woolloongabba,2.9291666666666700
2024-01-04,Wynnum North,0.7083333333333330
2024-01-04,Wynnum West,1.1333333333333300
2024-01-05,Brisbane City,4.779166666666670
2024-01-05,Cannon Hill,4.4375
2024-01-05,Charleville,2.0375
2024-01-05,Coomera,3.8625000000000000
2024-01-05,Deagon,4.566666666666670
2024-01-05,Deception Bay,4.233333333333330
2024-01-05,Flinders View,4.9875
2024-01-05,Lytton,3.8833333333333300
2024-01-05,Mountain Creek,4.541666666666670
2024-01-05,Mutdapilly,5.5625
2024-01-05,Nambour,4.408333333333330
2024-01-05,North Maclean,4.545833333333330
2024-01-05,Parkwood,3.225
2024-01-05,Rangeville,2.0750000000000000
2024-01-05,Rocklea,6.341666666666670
2024-01-05,Roma,4.333333333333330
2024-01-05,South Brisbane,5.4750000000000000
2024-01-05,South Gladstone,4.583333333333330
2024-01-05,Southport,4.045833333333330
2024-01-05,Springwood,4.8
2024-01-05,Toowoomba,3.954166666666670
2024-01-05,Woolloongabba,4.8625
2024-01-05,Wynnum North,2.175
2024-01-05,Wynnum West,2.2416666666666700
2024-01-06,Brisbane City,4.6625000000000000
2024-01-06,Cannon Hill,4.491666666666670
2024-01-06,Charleville,2.033333333333330
2024-01-06,Coomera,4.404166666666670
2024-01-06,Deagon,4.1125
2024-01-06,Deception Bay,4.545833333333330
2024-01-06,Flinders View,4.804166666666670
2024-01-06,Lytton,2.733333333333330
2024-01-06,Mountain Creek,4.8125
2024-01-06,Mutdapilly,2.7625000000000000
2024-01-06,Nambour,4.329166666666670
2024-01-06,North Maclean,4.933333333333330
2024-01-06,Parkwood,3.9250000000000000
2024-01-06,Rangeville,2.2916666666666700
2024-01-06,Rocklea,3.3625000000000000
2024-01-06,Roma,2.0541666666666700
2024-01-06,South Brisbane,5.6000000000000000
2024-01-06,South Gladstone,5.583333333333330
2024-01-06,Southport,4.5375000000000000
2024-01-06,Springwood,4.716666666666670
2024-01-06,Toowoomba,4.675
2024-01-06,Woolloongabba,4.2375
2024-01-06,Wynnum North,2.0208333333333300
2024-01-06,Wynnum West,1.575
2024-01-07,Brisbane City,2.858333333333330
2024-01-07,Cannon Hill,2.7541666666666700
2024-01-07,Charleville,2.0125000000000000
2024-01-07,Coomera,2.3916666666666700
2024-01-07,Deagon,2.8000000000000000
2024-01-07,Deception Bay,2.504166666666670
2024-01-07,Flinders View,2.904166666666670
2024-01-07,Lytton,1.7136363636363600
2024-01-07,Mountain Creek,2.6041666666666700
2024-01-07,Mutdapilly,2.2375
2024-01-07,Nambour,2.4791666666666700
2024-01-07,North Maclean,2.6875
2024-01-07,Parkwood,1.8125
2024-01-07,Rangeville,4.166666666666670
2024-01-07,Rocklea,3.8208333333333300
2024-01-07,Roma,2.0
2024-01-07,South Brisbane,3.975
2024-01-07,South Gladstone,4.583333333333330
2024-01-07,Southport,2.125
2024-01-07,Springwood,3.1916666666666700
2024-01-07,Toowoomba,7.241666666666670
2024-01-07,Woolloongabba,2.8791666666666700
2024-01-07,Wynnum North,0.8541666666666670
2024-01-07,Wynnum West,0.6791666666666670
2024-01-08,Brisbane City,7.129166666666670
2024-01-08,Cannon Hill,6.895833333333330
2024-01-08,Charleville,2.091666666666670
2024-01-08,Coomera,8.508333333333330
2024-01-08,Deagon,8.516666666666670
2024-01-08,Deception Bay,9.954166666666670
2024-01-08,Flinders View,8.15
2024-01-08,Lytton,5.483333333333330
2024-01-08,Mountain Creek,7.704166666666670
2024-01-08,Mutdapilly,13.866666666666700
2024-01-08,Nambour,5.979166666666670
2024-01-08,North Maclean,10.929166666666700
2024-01-08,Parkwood,5.1375
2024-01-08,Rocklea,8.0625
2024-01-08,Roma,5.5125
2024-01-08,South Brisbane,7.770833333333330
2024-01-08,South Gladstone,6.4375
2024-01-08,Southport,5.133333333333330
2024-01-08,Springwood,7.866666666666670
2024-01-08,Toowoomba,6.382608695652170
2024-01-08,Woolloongabba,6.8125
2024-01-08,Wynnum North,3.4375
2024-01-08,Wynnum West,3.8041666666666700
2024-01-09,Brisbane City,20.191666666666700
2024-01-09,Cannon Hill,17.400000000000000
2024-01-09,Charleville,2.6833333333333300
2024-01-09,Coomera,19.866666666666700
2024-01-09,Deagon,17.25
2024-01-09,Deception Bay,21.770833333333300
2024-01-09,Flinders View,16.845833333333300
2024-01-09,Lytton,13.158333333333300
2024-01-09,Mountain Creek,14.266666666666700
2024-01-09,Mutdapilly,14.5875
2024-01-09,Nambour,14.200000000000000
2024-01-09,North Maclean,32.3125
2024-01-09,Parkwood,19.425
2024-01-09,Rangeville,2.766666666666670
2024-01-09,Rocklea,19.1125
2024-01-09,Roma,5.520833333333330
2024-01-09,South Brisbane,18.475000000000000
2024-01-09,South Gladstone,7.004166666666670
2024-01-09,Southport,18.175
2024-01-09,Springwood,18.079166666666700
2024-01-09,Toowoomba,10.991666666666700
2024-01-09,Woolloongabba,17.004166666666700
2024-01-09,Wynnum North,13.354166666666700
2024-01-09,Wynnum West,10.620833333333300
2024-01-10,Brisbane City,7.3500000000000000
2024-01-10,Cannon Hill,6.970833333333330
2024-01-10,Charleville,2.0458333333333300
2024-01-10,Coomera,7.45
2024-01-10,Deagon,6.7875000000000000
2024-01-10,Deception Bay,8.35
2024-01-10,Flinders View,6.5125
2024-01-10,Lytton,5.995833333333330
2024-01-10,Mountain Creek,7.6125
2024-01-10,Mutdapilly,6.579166666666670
2024-01-10,Nambour,6.970833333333330
2024-01-10,North Maclean,7.004166666666670
2024-01-10,Parkwood,6.395833333333330
2024-01-10,Raceview,6.6521739130434800
2024-01-10,Rangeville,3.8375
2024-01-10,Rocklea,5.4750000000000000
2024-01-10,Roma,5.1875
2024-01-10,South Brisbane,6.7625
2024-01-10,South Gladstone,8.183333333333330
2024-01-10,Southport,7.0636363636363600
2024-01-10,Springwood,7.304166666666670
2024-01-10,Toowoomba,6.2625
2024-01-10,Woolloongabba,5.720833333333330
2024-01-10,Wynnum North,2.7125
2024-01-10,Wynnum West,3.079166666666670
2024-01-11,Brisbane City,8.5
2024-01-11,Cannon Hill,7.7875000000000000
2024-01-11,Charleville,2.191666666666670
2024-01-11,Coomera,7.833333333333330
2024-01-11,Deagon,7.170833333333330
2024-01-11,Deception Bay,7.191666666666670
2024-01-11,Flinders View,8.020833333333330
2024-01-11,Lytton,6.541666666666670
2024-01-11,Mountain Creek,7.220833333333330
2024-01-11,Mutdapilly,9.495833333333330
2024-01-11,Nambour,7.295833333333330
2024-01-11,North Maclean,8.704166666666670
2024-01-11,Parkwood,6.7625
2024-01-11,Raceview,9.333333333333330
2024-01-11,Rangeville,2.2416666666666700
2024-01-11,Rocklea,7.879166666666670
2024-01-11,Roma,7.604166666666670
2024-01-11,South Brisbane,7.834782608695650
2024-01-11,South Gladstone,9.470833333333330
2024-01-11,Southport,6.929166666666670
2024-01-11,Springwood,8.845833333333330
2024-01-11,Toowoomba,7.558333333333330
2024-01-11,Woolloongabba,7.370833333333330
2024-01-11,Wynnum North,4.591666666666670
2024-01-11,Wynnum West,4.8625
2024-01-12,Brisbane City,3.9958333333333300
2024-01-12,Cannon Hill,3.7708333333333300
2024-01-12,Charleville,2.3041666666666700
2024-01-12,Coomera,3.970833333333330
2024-01-12,Deagon,3.625
2024-01-12,Deception Bay,3.908333333333330
2024-01-12,Flinders View,3.2083333333333300
2024-01-12,Lytton,3.216666666666670
2024-01-12,Mountain Creek,4.3375000000000000
2024-01-12,Mutdapilly,2.766666666666670
2024-01-12,Nambour,2.790909090909090
2024-01-12,North Maclean,3.75
2024-01-12,Parkwood,1.9333333333333300
2024-01-12,Raceview,4.416666666666670
2024-01-12,Rangeville,2.004166666666670
2024-01-12,Rocklea,2.8958333333333300
2024-01-12,Roma,9.508333333333330
2024-01-12,South Brisbane,3.829166666666670
2024-01-12,South Gladstone,2.8000000000000000
2024-01-12,Southport,5.625
2024-01-12,Springwood,4.2625
2024-01-12,Toowoomba,2.6125000000000000
2024-01-12,Woolloongabba,3.3375
2024-01-12,Wynnum North,1.3375000000000000
2024-01-12,Wynnum West,1.9043478260869600
2024-02-01,Brisbane City,5.979166666666670
2024-02-01,Cannon Hill,6.1625000000000000
2024-02-01,Charleville,2.0
2024-02-01,Coomera,7.720833333333330
2024-02-01,Deagon,6.5928571428571400
2024-02-01,Deception Bay,6.283333333333330
2024-02-01,Flinders View,4.858333333333330
2024-02-01,Lytton,3.317391304347830
2024-02-01,Mountain Creek,5.858333333333330
2024-02-01,Mutdapilly,5.325
2024-02-01,Nambour,2.8666666666666700
2024-02-01,North Maclean,5.2375
2024-02-01,Parkwood,7.033333333333330
2024-02-01,Rangeville,2.0541666666666700
2024-02-01,Rocklea,3.8666666666666700
2024-02-01,Roma,5.395833333333330
2024-02-01,South Brisbane,6.429166666666670
2024-02-01,South Gladstone,3.733333333333330
2024-02-01,Southport,8.708333333333330
2024-02-01,Springwood,6.05
2024-02-01,Woolloongabba,5.270833333333330
2024-02-01,Wynnum North,1.2
2024-02-01,Wynnum West,1.3166666666666700
2024-02-02,Brisbane City,5.2625
2024-02-02,Cannon Hill,5.133333333333330
2024-02-02,Charleville,2.4833333333333300
2024-02-02,Coomera,4.9750000000000000
2024-02-02,Deagon,4.483333333333330
2024-02-02,Deception Bay,4.529166666666670
2024-02-02,Flinders View,5.4625000000000000
2024-02-02,Lytton,4.0250000000000000
2024-02-02,Mountain Creek,4.641666666666670
2024-02-02,Mutdapilly,5.783333333333330
2024-02-02,Nambour,4.508333333333330
2024-02-02,North Maclean,4.675
2024-02-02,Parkwood,4.375
2024-02-02,Rangeville,2.3125
2024-02-02,Rocklea,5.5
2024-02-02,Roma,15.604166666666700
2024-02-02,South Brisbane,5.4125000000000000
2024-02-02,South Gladstone,5.845833333333330
2024-02-02,Southport,4.9125000000000000
2024-02-02,Springwood,5.108333333333330
2024-02-02,Toowoomba,5.7
2024-02-02,Woolloongabba,5.541666666666670
2024-02-02,Wynnum North,2.6625
2024-02-02,Wynnum West,2.8875000000000000
2024-02-03,Brisbane City,4.7
2024-02-03,Cannon Hill,4.4750000000000000
2024-02-03,Charleville,2.8875000000000000
2024-02-03,Coomera,4.733333333333330
2024-02-03,Deagon,4.591666666666670
2024-02-03,Deception Bay,4.4625000000000000
2024-02-03,Flinders View,4.720833333333330
2024-02-03,Lytton,3.0625
2024-02-03,Mountain Creek,4.058333333333330
2024-02-03,Mutdapilly,5.2125000000000000
2024-02-03,Nambour,4.141666666666670
2024-02-03,North Maclean,4.729166666666670
2024-02-03,Parkwood,4.104166666666670
2024-02-03,Rangeville,2.8166666666666700
2024-02-03,Rocklea,6.395238095238100
2024-02-03,Roma,10.991666666666700
2024-02-03,South Brisbane,4.779166666666670
2024-02-03,South Gladstone,4.895833333333330
2024-02-03,Southport,4.3875
2024-02-03,Springwood,4.675
2024-02-03,Toowoomba,7.216666666666670
2024-02-03,Woolloongabba,4.3500000000000000
2024-02-03,Wynnum North,2.35
2024-02-03,Wynnum West,2.216666666666670
2024-02-04,Brisbane City,3.216666666666670
2024-02-04,Cannon Hill,2.9500000000000000
2024-02-04,Charleville,2.004166666666670
2024-02-04,Coomera,3.1833333333333300
2024-02-04,Deagon,2.5458333333333300
2024-02-04,Deception Bay,2.6666666666666700
2024-02-04,Flinders View,3.775
2024-02-04,Lytton,1.7875000000000000
2024-02-04,Mountain Creek,2.3250000000000000
2024-02-04,Mutdapilly,3.7291666666666700
2024-02-04,Nambour,2.9458333333333300
2024-02-04,North Maclean,3.5500000000000000
2024-02-04,Parkwood,2.5166666666666700
2024-02-04,Rocklea,4.720833333333330
2024-02-04,Roma,3.7916666666666700
2024-02-04,South Brisbane,3.3541666666666700
2024-02-04,South Gladstone,3.3333333333333300
2024-02-04,Southport,2.7458333333333300
2024-02-04,Springwood,2.966666666666670
2024-02-04,Toowoomba,3.2875
2024-02-04,Woolloongabba,3.5
2024-02-04,Wynnum North,1.2375
2024-02-04,Wynnum West,1.3458333333333300
2024-02-05,Brisbane City,4.529166666666670
2024-02-05,Cannon Hill,4.341666666666670
2024-02-05,Charleville,2.0375
2024-02-05,Coomera,4.425
2024-02-05,Deagon,4.591666666666670
2024-02-05,Deception Bay,4.620833333333330
2024-02-05,Flinders View,3.9791666666666700
2024-02-05,Lytton,5.15
2024-02-05,Mountain Creek,4.729166666666670
2024-02-05,Mutdapilly,4.570833333333330
2024-02-05,Nambour,4.120833333333330
2024-02-05,North Maclean,4.220833333333330
2024-02-05,Parkwood,3.5833333333333300
2024-02-05,Rangeville,2.1166666666666700
2024-02-05,Rocklea,3.5208333333333300
2024-02-05,Roma,3.4791666666666700
2024-02-05,South Brisbane,5.120833333333330
2024-02-05,South Gladstone,3.579166666666670
2024-02-05,Southport,4.495833333333330
2024-02-05,Springwood,4.504166666666670
2024-02-05,Toowoomba,3.7541666666666700
2024-02-05,Woolloongabba,4.358333333333330
2024-02-05,Wynnum North,1.3208333333333300
2024-02-05,Wynnum West,1.5041666666666700
2024-02-06,Brisbane City,2.5875
2024-02-06,Cannon Hill,4.625
2024-02-06,Charleville,2.0750000000000000
2024-02-06,Coomera,3.1750000000000000
2024-02-06,Deagon,2.8666666666666700
2024-02-06,Deception Bay,4.583333333333330
2024-02-06,Flinders View,3.841666666666670
2024-02-06,Lytton,1.4208333333333300
2024-02-06,Mountain Creek,4.766666666666670
2024-02-06,Mutdapilly,1.9541666666666700
2024-02-06,Nambour,3.35
2024-02-06,North Maclean,4.391666666666670
2024-02-06,Parkwood,2.4291666666666700
2024-02-06,Rangeville,2.004166666666670
2024-02-06,Rocklea,1.2208333333333300
2024-02-06,Roma,3.595833333333330
2024-02-06,South Brisbane,3.375
2024-02-06,South Gladstone,2.220833333333330
2024-02-06,Southport,3.025
2024-02-06,Springwood,2.8250000000000000
2024-02-06,Toowoomba,4.345833333333330
2024-02-06,Woolloongabba,2.5375
2024-02-06,Wynnum North,0.9541666666666670
2024-02-06,Wynnum West,0.9875000000000000
2024-02-07,Brisbane City,2.3333333333333300
2024-02-07,Cannon Hill,1.9291666666666700
2024-02-07,Charleville,2.004166666666670
2024-02-07,Coomera,1.5083333333333300
2024-02-07,Deagon,2.3333333333333300
2024-02-07,Deception Bay,1.95
2024-02-07,Flinders View,1.2333333333333300
2024-02-07,Lytton,1.391304347826090
2024-02-07,Mountain Creek,2.3875000000000000
2024-02-07,Mutdapilly,0.6916666666666670
2024-02-07,Nambour,1.9291666666666700
2024-02-07,North Maclean,1.1416666666666700
2024-02-07,Parkwood,1.3708333333333300
2024-02-07,Rangeville,2.0
2024-02-07,Rocklea,0.9958333333333330
2024-02-07,Roma,3.0875
2024-02-07,South Brisbane,3.4916666666666700
2024-02-07,South Gladstone,3.1333333333333300
2024-02-07,Southport,1.5208333333333300
2024-02-07,Springwood,2.283333333333330
2024-02-07,Toowoomba,1.3916666666666700
2024-02-07,Woolloongabba,2.0875
2024-02-07,Wynnum North,0.18333333333333300
2024-02-07,Wynnum West,-0.3230769230769230
2024-02-08,Brisbane City,7.8375000000000000
2024-02-08,Cannon Hill,9.520833333333330
2024-02-08,Charleville,2.1708333333333300
2024-02-08,Coomera,5.783333333333330
2024-02-08,Deagon,8.604166666666670
2024-02-08,Deception Bay,7.404166666666670
2024-02-08,Flinders View,10.433333333333300
2024-02-08,Lytton,6.679166666666670
2024-02-08,Mountain Creek,6.6000000000000000
2024-02-08,Mutdapilly,9.917391304347830
2024-02-08,Nambour,5.045833333333330
2024-02-08,North Maclean,12.145833333333300
2024-02-08,Parkwood,4.241666666666670
2024-02-08,Rangeville,2.1076923076923100
2024-02-08,Rocklea,9.829166666666670
2024-02-08,Roma,7.116666666666670
2024-02-08,South Brisbane,9.270833333333330
2024-02-08,South Gladstone,7.270833333333330
2024-02-08,Southport,5.208333333333330
2024-02-08,Springwood,7.7875000000000000
2024-02-08,Toowoomba,5.408333333333330
2024-02-08,Woolloongabba,8.133333333333330
2024-02-08,Wynnum North,4.483333333333330
2024-02-08,Wynnum West,4.6875
2024-02-09,Brisbane City,10.5625
2024-02-09,Cannon Hill,9.645833333333330
2024-02-09,Charleville,2.1750000000000000
2024-02-09,Coomera,12.862500000000000
2024-02-09,Deagon,9.804166666666670
2024-02-09,Deception Bay,11.108333333333300
2024-02-09,Flinders View,10.508333333333300
2024-02-09,Lytton,8.968181818181820
2024-02-09,Mountain Creek,11.045833333333300
2024-02-09,Mutdapilly,12.7875
2024-02-09,Nambour,11.069565217391300
2024-02-09,North Maclean,10.6625
2024-02-09,Parkwood,13.641666666666700
2024-02-09,Rangeville,3.345833333333330
2024-02-09,Rocklea,8.583333333333330
2024-02-09,Roma,5.675
2024-02-09,South Brisbane,10.0375
2024-02-09,South Gladstone,7.2625
2024-02-09,Southport,14.85
2024-02-09,Springwood,10.995833333333300
2024-02-09,Toowoomba,10.065217391304300
2024-02-09,Woolloongabba,9.391666666666670
2024-02-09,Wynnum North,7.820833333333330
2024-02-09,Wynnum West,6.504166666666670
2024-02-10,Brisbane City,8.733333333333330
2024-02-10,Cannon Hill,7.941666666666670
2024-02-10,Charleville,2.3875
2024-02-10,Coomera,7.804166666666670
2024-02-10,Deagon,7.820833333333330
2024-02-10,Deception Bay,7.858333333333330
2024-02-10,Flinders View,7.108333333333330
2024-02-10,Lytton,6.683333333333330
2024-02-10,Mountain Creek,8.395833333333330
2024-02-10,Mutdapilly,6.883333333333330
2024-02-10,Nambour,8.241666666666670
2024-02-10,North Maclean,7.3875
2024-02-10,Parkwood,7.2250000000000000
2024-02-10,Raceview,7.620833333333330
2024-02-10,Rangeville,3.125
2024-02-10,Rocklea,6.004545454545450
2024-02-10,Roma,4.4125000000000000
2024-02-10,South Brisbane,8.141666666666670
2024-02-10,South Gladstone,9.866666666666670
2024-02-10,Southport,7.408333333333330
2024-02-10,Springwood,8.262500000000000
2024-02-10,Toowoomba,6.6125
2024-02-10,Woolloongabba,7.058333333333330
2024-02-10,Wynnum North,3.5666666666666700
2024-02-10,Wynnum West,3.9
2024-02-11,Brisbane City,6.420833333333330
2024-02-11,Cannon Hill,5.4375
2024-02-11,Charleville,2.15
2024-02-11,Coomera,5.804166666666670
2024-02-11,Deagon,5.516666666666670
2024-02-11,Deception Bay,5.633333333333330
2024-02-11,Flinders View,6.220833333333330
2024-02-11,Lytton,3.329166666666670
2024-02-11,Mountain Creek,6.1875
2024-02-11,Mutdapilly,6.466666666666670
2024-02-11,Nambour,6.566666666666670
2024-02-11,North Maclean,5.870833333333330
2024-02-11,Parkwood,4.841666666666670
2024-02-11,Raceview,6.995652173913040
2024-02-11,Rangeville,2.35
2024-02-11,Rocklea,6.175
2024-02-11,Roma,7.3875
2024-02-11,South Brisbane,5.916666666666670
2024-02-11,South Gladstone,5.441666666666670
2024-02-11,Southport,5.55
2024-02-11,Springwood,5.7250000000000000
2024-02-11,Toowoomba,6.3875
2024-02-11,Woolloongabba,5.070833333333330
2024-02-11,Wynnum North,1.7416666666666700
2024-02-11,Wynnum West,2.1166666666666700
2024-02-12,Brisbane City,4.579166666666670
2024-02-12,Cannon Hill,4.058333333333330
2024-02-12,Charleville,2.120833333333330
2024-02-12,Coomera,4.408333333333330
2024-02-12,Deagon,3.9625
2024-02-12,Deception Bay,4.095833333333330
2024-02-12,Flinders View,4.104166666666670
2024-02-12,Lytton,2.954166666666670
2024-02-12,Mountain Creek,4.1625
2024-02-12,Mutdapilly,4.054166666666670
2024-02-12,Nambour,4.254166666666670
2024-02-12,North Maclean,4.545833333333330
2024-02-12,Parkwood,2.7125
2024-02-12,Raceview,5.733333333333330
2024-02-12,Rangeville,2.004166666666670
2024-02-12,Rocklea,4.2250000000000000
2024-02-12,Roma,4.966666666666670
2024-02-12,South Brisbane,4.3875
2024-02-12,South Gladstone,4.545833333333330
2024-02-12,Southport,5.7125000000000000
2024-02-12,Springwood,4.5250000000000000
2024-02-12,Toowoomba,3.9434782608695700
2024-02-12,Woolloongabba,3.7375000000000000
2024-02-12,Wynnum North,1.8291666666666700
2024-02-12,Wynnum West,2.316666666666670
2024-03-01,Brisbane City,5.970833333333330
2024-03-01,Cannon Hill,6.166666666666670
2024-03-01,Charleville,2.025
2024-03-01,Coomera,5.854166666666670
2024-03-01,Deagon,6.054166666666670
2024-03-01,Deception Bay,6.183333333333330
2024-03-01,Flinders View,4.808333333333330
2024-03-01,Lytton,3.4791666666666700
2024-03-01,Mountain Creek,6.091666666666670
2024-03-01,Mutdapilly,4.747826086956520
2024-03-01,Nambour,5.920833333333330
2024-03-01,North Maclean,5.8625
2024-03-01,Parkwood,4.816666666666670
2024-03-01,Rangeville,2.025
2024-03-01,Rocklea,5.229166666666670
2024-03-01,Roma,11.891666666666700
2024-03-01,South Brisbane,6.258333333333330
2024-03-01,South Gladstone,2.766666666666670
2024-03-01,Southport,6.1875
2024-03-01,Springwood,5.779166666666670
2024-03-01,Toowoomba,4.757142857142860
2024-03-01,Woolloongabba,5.541666666666670
2024-03-01,Wynnum North,2.2875
2024-03-01,Wynnum West,2.217391304347830
2024-03-02,Brisbane City,5.2875
2024-03-02,Cannon Hill,5.033333333333330
2024-03-02,Charleville,3.245833333333330
2024-03-02,Coomera,5.216666666666670
2024-03-02,Deagon,4.5
2024-03-02,Deception Bay,4.45
2024-03-02,Flinders View,5.929166666666670
2024-03-02,Lytton,2.5166666666666700
2024-03-02,Mountain Creek,4.095833333333330
2024-03-02,Mutdapilly,7.0
2024-03-02,Nambour,4.416666666666670
2024-03-02,North Maclean,4.9000000000000000
2024-03-02,Parkwood,5.066666666666670
2024-03-02,Rangeville,3.1625
2024-03-02,Rocklea,6.570833333333330
2024-03-02,Roma,9.275
2024-03-02,South Brisbane,5.454166666666670
2024-03-02,South Gladstone,5.5
2024-03-02,Southport,6.075
2024-03-02,Springwood,4.9000000000000000
2024-03-02,Toowoomba,7.458333333333330
2024-03-02,Woolloongabba,5.325
2024-03-02,Wynnum North,2.466666666666670
2024-03-02,Wynnum West,2.341666666666670
2024-03-03,Brisbane City,6.345833333333330
2024-03-03,Cannon Hill,6.241666666666670
2024-03-03,Charleville,2.0416666666666700
2024-03-03,Coomera,5.075
2024-03-03,Deagon,5.791666666666670
2024-03-03,Deception Bay,8.75
2024-03-03,Flinders View,6.283333333333330
2024-03-03,Lytton,4.358333333333330
2024-03-03,Mountain Creek,5.029166666666670
2024-03-03,Mutdapilly,5.629166666666670
2024-03-03,Nambour,5.833333333333330
2024-03-03,North Maclean,5.9875
2024-03-03,Parkwood,4.7625
2024-03-03,Rangeville,2.4125
2024-03-03,Rocklea,7.679166666666670
2024-03-03,Roma,2.3583333333333300
2024-03-03,South Brisbane,6.608333333333330
2024-03-03,South Gladstone,4.591666666666670
2024-03-03,Southport,4.704166666666670
2024-03-03,Springwood,5.604166666666670
2024-03-03,Toowoomba,5.066666666666670
2024-03-03,Woolloongabba,5.733333333333330
2024-03-03,Wynnum North,4.658333333333330
2024-03-03,Wynnum West,4.054166666666670
2024-03-04,Brisbane City,3.970833333333330
2024-03-04,Cannon Hill,3.875
2024-03-04,Charleville,2.008695652173910
2024-03-04,Coomera,4.604166666666670
2024-03-04,Deagon,3.5083333333333300
2024-03-04,Deception Bay,3.8833333333333300
2024-03-04,Flinders View,4.4125000000000000
2024-03-04,Lytton,3.095833333333330
2024-03-04,Mountain Creek,2.704166666666670
2024-03-04,Mutdapilly,4.479166666666670
2024-03-04,Nambour,3.6625
2024-03-04,North Maclean,4.008333333333330
2024-03-04,Parkwood,3.420833333333330
2024-03-04,Rangeville,2.5090909090909100
2024-03-04,Rocklea,4.870833333333330
2024-03-04,Roma,3.0913043478260900
2024-03-04,South Brisbane,4.195833333333330
2024-03-04,South Gladstone,3.266666666666670
2024-03-04,Southport,4.0625
2024-03-04,Springwood,3.9291666666666700
2024-03-04,Toowoomba,3.533333333333330
2024-03-04,Woolloongabba,4.041666666666670
2024-03-04,Wynnum North,2.9250000000000000
2024-03-04,Wynnum West,2.9333333333333300
2024-03-05,Brisbane City,3.966666666666670
2024-03-05,Cannon Hill,3.7375000000000000
2024-03-05,Charleville,2.0
2024-03-05,Coomera,3.7083333333333300
2024-03-05,Deagon,4.1125
2024-03-05,Deception Bay,3.9416666666666700
2024-03-05,Flinders View,3.0
2024-03-05,Lytton,3.1291666666666700
2024-03-05,Mountain Creek,4.879166666666670
2024-03-05,Mutdapilly,2.529166666666670
2024-03-05,Nambour,4.4375
2024-03-05,North Maclean,3.045833333333330
2024-03-05,Parkwood,2.9500000000000000
2024-03-05,Rangeville,2.004166666666670
2024-03-05,Rocklea,3.4291666666666700
2024-03-05,Roma,2.2666666666666700
2024-03-05,South Brisbane,4.716666666666670
2024-03-05,South Gladstone,3.025
2024-03-05,Southport,3.8666666666666700
2024-03-05,Springwood,3.7375000000000000
2024-03-05,Toowoomba,2.5875
2024-03-05,Woolloongabba,4.075
2024-03-05,Wynnum North,0.9500000000000000
2024-03-05,Wynnum West,1.3416666666666700
2024-03-06,Brisbane City,3.4375
2024-03-06,Cannon Hill,4.2125000000000000
2024-03-06,Charleville,2.033333333333330
2024-03-06,Coomera,3.0083333333333300
2024-03-06,Deagon,3.0875
2024-03-06,Deception Bay,3.4125
2024-03-06,Flinders View,4.054166666666670
2024-03-06,Lytton,2.6083333333333300
2024-03-06,Mountain Creek,2.6916666666666700
2024-03-06,Mutdapilly,2.845833333333330
2024-03-06,Nambour,2.566666666666670
2024-03-06,North Maclean,6.1625000000000000
2024-03-06,Parkwood,2.6958333333333300
2024-03-06,Rangeville,2.0
2024-03-06,Rocklea,2.2416666666666700
2024-03-06,Roma,4.891666666666670
2024-03-06,South Brisbane,4.25
2024-03-06,South Gladstone,3.295833333333330
2024-03-06,Southport,3.0583333333333300
2024-03-06,Springwood,3.966666666666670
2024-03-06,Toowoomba,4.395652173913040
2024-03-06,Woolloongabba,3.7125
2024-03-06,Wynnum North,2.6333333333333300
2024-03-06,Wynnum West,2.6875
2024-03-07,Brisbane City,3.2875
2024-03-07,Cannon Hill,3.283333333333330
2024-03-07,Charleville,2.0
2024-03-07,Coomera,3.5041666666666700
2024-03-07,Deagon,3.2416666666666700
2024-03-07,Deception Bay,3.1291666666666700
2024-03-07,Flinders View,2.2291666666666700
2024-03-07,Lytton,2.7625000000000000
2024-03-07,Mountain Creek,3.4250000000000000
2024-03-07,Mutdapilly,2.1217391304347800
2024-03-07,Nambour,3.466666666666670
2024-03-07,North Maclean,2.2041666666666700
2024-03-07,Parkwood,2.8125
2024-03-07,Rangeville,2.0
2024-03-07,Rocklea,0.8458333333333330
2024-03-07,Roma,2.9375
2024-03-07,South Brisbane,3.7875
2024-03-07,South Gladstone,2.6333333333333300
2024-03-07,Southport,3.3666666666666700
2024-03-07,Springwood,3.6375000000000000
2024-03-07,Toowoomba,2.4458333333333300
2024-03-07,Woolloongabba,2.8708333333333300
2024-03-07,Wynnum North,0.6916666666666670
2024-03-07,Wynnum West,0.525
2024-03-08,Brisbane City,7.041666666666670
2024-03-08,Cannon Hill,6.570833333333330
2024-03-08,Charleville,2.3250000000000000
2024-03-08,Coomera,6.216666666666670
2024-03-08,Deagon,8.3875
2024-03-08,Deception Bay,6.995833333333330
2024-03-08,Flinders View,8.370833333333330
2024-03-08,Lytton,4.558333333333330
2024-03-08,Mountain Creek,5.966666666666670
2024-03-08,Mutdapilly,7.970833333333330
2024-03-08,Nambour,5.191666666666670
2024-03-08,North Maclean,12.141666666666700
2024-03-08,Parkwood,4.5250000000000000
2024-03-08,Rangeville,2.5375
2024-03-08,Rocklea,7.291666666666670
2024-03-08,Roma,8.445833333333330
2024-03-08,South Brisbane,7.6375
2024-03-08,South Gladstone,5.995833333333330
2024-03-08,Southport,5.870833333333330
2024-03-08,Springwood,6.7625
2024-03-08,Toowoomba,6.870833333333330
2024-03-08,Woolloongabba,6.8500000000000000
2024-03-08,Wynnum North,3.329166666666670
2024-03-08,Wynnum West,3.5500000000000000
2024-03-09,Brisbane City,10.108333333333300
2024-03-09,Cannon Hill,8.683333333333330
2024-03-09,Charleville,2.15
2024-03-09,Coomera,10.804166666666700
2024-03-09,Deagon,8.516666666666670
2024-03-09,Deception Bay,8.666666666666670
2024-03-09,Flinders View,12.329166666666700
2024-03-09,Lytton,8.133333333333330
2024-03-09,Mountain Creek,8.933333333333330
2024-03-09,Mutdapilly,21.587500000000000
2024-03-09,Nambour,8.670833333333330
2024-03-09,North Maclean,20.120000000000000
2024-03-09,Parkwood,11.120833333333300
2024-03-09,Rangeville,4.2875000000000000
2024-03-09,Rocklea,8.720833333333330
2024-03-09,Roma,4.679166666666670
2024-03-09,South Brisbane,9.4
2024-03-09,South Gladstone,14.033333333333300
2024-03-09,Southport,10.737500000000000
2024-03-09,Springwood,13.529166666666700
2024-03-09,Toowoomba,11.025
2024-03-09,Woolloongabba,8.25
2024-03-09,Wynnum North,5.05
2024-03-09,Wynnum West,5.420833333333330
2024-03-10,Brisbane City,7.883333333333330
2024-03-10,Cannon Hill,7.0250000000000000
2024-03-10,Charleville,2.441666666666670
2024-03-10,Coomera,7.554166666666670
2024-03-10,Deagon,7.333333333333330
2024-03-10,Deception Bay,7.466666666666670
2024-03-10,Flinders View,7.208333333333330
2024-03-10,Lytton,4.866666666666670
2024-03-10,Mountain Creek,7.7250000000000000
2024-03-10,Mutdapilly,7.647826086956520
2024-03-10,Nambour,7.583333333333330
2024-03-10,North Maclean,6.654166666666670
2024-03-10,Parkwood,6.858333333333330
2024-03-10,Raceview,7.869565217391310
2024-03-10,Rangeville,3.2083333333333300
2024-03-10,Rocklea,6.141666666666670
2024-03-10,Roma,6.841666666666670
2024-03-10,South Brisbane,7.4
2024-03-10,South Gladstone,8.387500000000000
2024-03-10,Southport,7.054166666666670
2024-03-10,Springwood,7.472727272727270
2024-03-10,Toowoomba,6.6625000000000000
2024-03-10,Woolloongabba,6.1000000000000000
2024-03-10,Wynnum North,2.1416666666666700
2024-03-10,Wynnum West,2.6375000000000000
2024-03-11,Brisbane City,6.45
2024-03-11,Cannon Hill,5.7750000000000000
2024-03-11,Charleville,2.0458333333333300
2024-03-11,Coomera,6.954166666666670
2024-03-11,Deagon,5.529166666666670
2024-03-11,Deception Bay,5.558333333333330
2024-03-11,Flinders View,6.6375
2024-03-11,Lytton,3.119047619047620
2024-03-11,Mountain Creek,5.658333333333330
2024-03-11,Mutdapilly,6.829166666666670
2024-03-11,Nambour,5.8
2024-03-11,North Maclean,7.233333333333330
2024-03-11,Parkwood,6.1000000000000000
2024-03-11,Raceview,7.304166666666670
2024-03-11,Rangeville,2.4833333333333300
2024-03-11,Rocklea,4.875
2024-03-11,Roma,6.4625000000000000
2024-03-11,South Brisbane,5.8875
2024-03-11,South Gladstone,5.25
2024-03-11,Southport,6.4000000000000000
2024-03-11,Springwood,6.2875000000000000
2024-03-11,Toowoomba,7.0125
2024-03-11,Woolloongabba,4.858333333333330
2024-03-11,Wynnum North,1.8625
2024-03-11,Wynnum West,2.275
2024-03-12,Brisbane City,4.054166666666670
2024-03-12,Cannon Hill,3.6875
2024-03-12,Charleville,2.0045454545454500
2024-03-12,Coomera,4.304166666666670
2024-03-12,Deagon,3.908333333333330
2024-03-12,Deception Bay,3.9500000000000000
2024-03-12,Flinders View,4.05
2024-03-12,Lytton,3.0047619047619000
2024-03-12,Mountain Creek,4.095833333333330
2024-03-12,Mutdapilly,4.0125
2024-03-12,Nambour,4.483333333333330
2024-03-12,North Maclean,3.9166666666666700
2024-03-12,Parkwood,2.8541666666666700
2024-03-12,Raceview,5.683333333333330
2024-03-12,Rangeville,2.2083333333333300
2024-03-12,Rocklea,3.1458333333333300
2024-03-12,Roma,2.4875000000000000
2024-03-12,South Brisbane,3.8714285714285700
2024-03-12,South Gladstone,3.6
2024-03-12,Southport,5.3500000000000000
2024-03-12,Springwood,3.954166666666670
2024-03-12,Toowoomba,3.0541666666666700
2024-03-12,Woolloongabba,3.4916666666666700
2024-03-12,Wynnum North,1.4208333333333300
2024-03-12,Wynnum West,2.0500000000000000
2024-04-01,Brisbane City,4.075
2024-04-01,Cannon Hill,3.8875000000000000
2024-04-01,Charleville,2.2708333333333300
2024-04-01,Coomera,3.8375
2024-04-01,Deagon,3.795833333333330
2024-04-01,Deception Bay,3.8083333333333300
2024-04-01,Flinders View,3.6666666666666700
2024-04-01,Lytton,2.8041666666666700
2024-04-01,Mountain Creek,4.383333333333330
2024-04-01,Mutdapilly,3.7857142857142900
2024-04-01,Nambour,3.5666666666666700
2024-04-01,North Maclean,4.1625000000000000
2024-04-01,Parkwood,3.1041666666666700
2024-04-01,Rangeville,2.1083333333333300
2024-04-01,Rocklea,4.868181818181820
2024-04-01,Roma,12.216666666666700
2024-04-01,South Brisbane,4.220833333333330
2024-04-01,South Gladstone,4.808695652173910
2024-04-01,Southport,3.8833333333333300
2024-04-01,Springwood,3.6875
2024-04-01,Toowoomba,3.529166666666670
2024-04-01,Woolloongabba,4.079166666666670
2024-04-01,Wynnum North,1.5791666666666700
2024-04-01,Wynnum West,1.5416666666666700
2024-04-02,Brisbane City,7.454166666666670
2024-04-02,Cannon Hill,7.483333333333330
2024-04-02,Charleville,2.0166666666666700
2024-04-02,Coomera,7.2
2024-04-02,Deagon,6.5125
2024-04-02,Deception Bay,6.608333333333330
2024-04-02,Flinders View,7.4750000000000000
2024-04-02,Lytton,3.8333333333333300
2024-04-02,Mountain Creek,6.375
2024-04-02,Mutdapilly,7.454166666666670
2024-04-02,Nambour,5.770833333333330
2024-04-02,North Maclean,6.3125
2024-04-02,Parkwood,7.279166666666670
2024-04-02,Rangeville,2.8041666666666700
2024-04-02,Rocklea,8.887500000000000
2024-04-02,Roma,4.866666666666670
2024-04-02,South Brisbane,7.641666666666670
2024-04-02,South Gladstone,5.2125000000000000
2024-04-02,Southport,8.1375
2024-04-02,Springwood,7.1375
2024-04-02,Toowoomba,6.329166666666670
2024-04-02,Woolloongabba,6.620833333333330
2024-04-02,Wynnum North,3.3375
2024-04-02,Wynnum West,3.178260869565220
2024-04-03,Brisbane City,7.745833333333330
2024-04-03,Cannon Hill,7.6500000000000000
2024-04-03,Charleville,2.0
2024-04-03,Coomera,7.2875000000000000
2024-04-03,Deagon,7.575
2024-04-03,Deception Bay,8.108333333333330
2024-04-03,Flinders View,7.125
2024-04-03,Lytton,5.358333333333330
2024-04-03,Mountain Creek,7.075
2024-04-03,Mutdapilly,6.558333333333330
2024-04-03,Nambour,5.383333333333330
2024-04-03,North Maclean,6.6125
2024-04-03,Parkwood,6.408333333333330
2024-04-03,Rangeville,2.6166666666666700
2024-04-03,Rocklea,8.729166666666670
2024-04-03,Roma,4.520833333333330
2024-04-03,South Brisbane,8.050000000000000
2024-04-03,South Gladstone,5.804166666666670
2024-04-03,Southport,7.058333333333330
2024-04-03,Springwood,7.079166666666670
2024-04-03,Toowoomba,5.970833333333330
2024-04-03,Woolloongabba,7.0250000000000000
2024-04-03,Wynnum North,4.0250000000000000
2024-04-03,Wynnum West,4.033333333333330
2024-04-04,Brisbane City,3.8125
2024-04-04,Cannon Hill,3.3791666666666700
2024-04-04,Charleville,2.004166666666670
2024-04-04,Coomera,2.841666666666670
2024-04-04,Deagon,3.2291666666666700
2024-04-04,Deception Bay,3.3708333333333300
2024-04-04,Flinders View,2.6750000000000000
2024-04-04,Lytton,0.9041666666666670
2024-04-04,Mountain Creek,3.4625
2024-04-04,Mutdapilly,2.1708333333333300
2024-04-04,Nambour,3.7875
2024-04-04,North Maclean,2.4125
2024-04-04,Parkwood,2.404166666666670
2024-04-04,Rangeville,2.033333333333330
2024-04-04,Rocklea,4.0375000000000000
2024-04-04,Roma,2.0791666666666700
2024-04-04,South Brisbane,4.0125
2024-04-04,South Gladstone,4.254166666666670
2024-04-04,Southport,2.5416666666666700
2024-04-04,Springwood,2.7583333333333300
2024-04-04,Toowoomba,2.0458333333333300
2024-04-04,Woolloongabba,4.066666666666670
2024-04-04,Wynnum North,0.49166666666666700
2024-04-04,Wynnum West,0.6375000000000000
2024-04-05,Brisbane City,3.5833333333333300
2024-04-05,Cannon Hill,3.6958333333333300
2024-04-05,Charleville,2.1875
2024-04-05,Coomera,3.158333333333330
2024-04-05,Deagon,3.9250000000000000
2024-04-05,Deception Bay,4.0875000000000000
2024-04-05,Flinders View,3.3875000000000000
2024-04-05,Lytton,1.7083333333333300
2024-04-05,Mountain Creek,4.508333333333330
2024-04-05,Mutdapilly,3.2125
2024-04-05,Nambour,4.175
2024-04-05,North Maclean,3.2875
2024-04-05,Parkwood,2.5958333333333300
2024-04-05,Rangeville,2.004166666666670
2024-04-05,Rocklea,3.4958333333333300
2024-04-05,Roma,3.8208333333333300
2024-04-05,South Brisbane,4.033333333333330
2024-04-05,South Gladstone,4.141666666666670
2024-04-05,Southport,3.5125000000000000
2024-04-05,Springwood,3.4958333333333300
2024-04-05,Toowoomba,3.7083333333333300
2024-04-05,Woolloongabba,3.3125
2024-04-05,Wynnum North,0.9416666666666670
2024-04-05,Wynnum West,1.0416666666666700
2024-04-06,Brisbane City,4.508333333333330
2024-04-06,Cannon Hill,6.066666666666670
2024-04-06,Charleville,2.0083333333333300
2024-04-06,Coomera,6.166666666666670
2024-04-06,Deagon,4.508333333333330
2024-04-06,Deception Bay,5.308333333333330
2024-04-06,Flinders View,5.233333333333330
2024-04-06,Lytton,5.720833333333330
2024-04-06,Mountain Creek,5.795833333333330
2024-04-06,Mutdapilly,3.5083333333333300
2024-04-06,Nambour,3.6375000000000000
2024-04-06,North Maclean,8.35
2024-04-06,Parkwood,3.6375000000000000
2024-04-06,Rangeville,2.3291666666666700
2024-04-06,Rocklea,5.554166666666670
2024-04-06,Roma,5.608333333333330
2024-04-06,South Brisbane,6.550000000000000
2024-04-06,South Gladstone,3.966666666666670
2024-04-06,Southport,4.4000000000000000
2024-04-06,Springwood,9.454166666666670
2024-04-06,Toowoomba,5.279166666666670
2024-04-06,Woolloongabba,6.379166666666670
2024-04-06,Wynnum North,4.1625000000000000
2024-04-06,Wynnum West,4.1375
2024-04-07,Brisbane City,3.9125000000000000
2024-04-07,Cannon Hill,3.608333333333330
2024-04-07,Charleville,2.004166666666670
2024-04-07,Coomera,4.145833333333330
2024-04-07,Deagon,3.7875
2024-04-07,Deception Bay,3.7625000000000000
2024-04-07,Flinders View,3.375
2024-04-07,Lytton,2.9791666666666700
2024-04-07,Mountain Creek,4.541666666666670
2024-04-07,Mutdapilly,3.6958333333333300
2024-04-07,Nambour,4.283333333333330
2024-04-07,North Maclean,3.2190476190476200
2024-04-07,Parkwood,3.475
2024-04-07,Rangeville,2.0357142857142900
2024-04-07,Rocklea,1.5666666666666700
2024-04-07,Roma,3.033333333333330
2024-04-07,South Brisbane,4.354166666666670
2024-04-07,South Gladstone,5.147826086956520
2024-04-07,Southport,4.116666666666670
2024-04-07,Springwood,4.058333333333330
2024-04-07,Toowoomba,3.6166666666666700
2024-04-07,Woolloongabba,3.7458333333333300
2024-04-07,Wynnum North,0.9291666666666670
2024-04-07,Wynnum West,0.9708333333333330
2024-04-08,Brisbane City,8.325000000000000
2024-04-08,Cannon Hill,7.854166666666670
2024-04-08,Charleville,2.7000000000000000
2024-04-08,Coomera,4.991666666666670
2024-04-08,Deagon,10.491666666666700
2024-04-08,Deception Bay,7.2875000000000000
2024-04-08,Flinders View,8.741666666666670
2024-04-08,Lytton,4.5875000000000000
2024-04-08,Mountain Creek,5.370833333333330
2024-04-08,Mutdapilly,8.966666666666670
2024-04-08,Nambour,6.125
2024-04-08,North Maclean,11.2875
2024-04-08,Parkwood,3.4583333333333300
2024-04-08,Rangeville,2.4166666666666700
2024-04-08,Rocklea,7.7625
2024-04-08,Roma,5.091666666666670
2024-04-08,South Brisbane,9.325000000000000
2024-04-08,South Gladstone,5.616666666666670
2024-04-08,Southport,4.4875
2024-04-08,Springwood,8.245833333333330
2024-04-08,Toowoomba,7.941666666666670
2024-04-08,Woolloongabba,7.595833333333330
2024-04-08,Wynnum North,3.7583333333333300
2024-04-08,Wynnum West,4.079166666666670
2024-04-09,Brisbane City,12.179166666666700
2024-04-09,Cannon Hill,11.504166666666700
2024-04-09,Charleville,2.9916666666666700
2024-04-09,Coomera,6.575
2024-04-09,Deagon,9.279166666666670
2024-04-09,Deception Bay,8.013636363636360
2024-04-09,Flinders View,28.275000000000000
2024-04-09,Lytton,7.2625
2024-04-09,Mountain Creek,8.0375
2024-04-09,Mutdapilly,12.295833333333300
2024-04-09,Nambour,6.970833333333330
2024-04-09,North Maclean,15.708333333333300
2024-04-09,Parkwood,5.908333333333330
2024-04-09,Rangeville,3.454166666666670
2024-04-09,Rocklea,12.5875
2024-04-09,Roma,4.741666666666670
2024-04-09,South Brisbane,11.179166666666700
2024-04-09,South Gladstone,9.016666666666670
2024-04-09,Southport,5.979166666666670
2024-04-09,Springwood,29.400000000000000
2024-04-09,Toowoomba,12.354166666666700
2024-04-09,Woolloongabba,9.720833333333330
2024-04-09,Wynnum North,4.991666666666670
2024-04-09,Wynnum West,5.058333333333330
2024-04-10,Brisbane City,7.7875000000000000
2024-04-10,Cannon Hill,6.891666666666670
2024-04-10,Charleville,2.1750000000000000
2024-04-10,Coomera,6.079166666666670
2024-04-10,Deagon,5.958333333333330
2024-04-10,Deception Bay,5.795833333333330
2024-04-10,Flinders View,10.341666666666700
2024-04-10,Lytton,3.8681818181818200
2024-04-10,Mountain Creek,6.008333333333330
2024-04-10,Mutdapilly,16.720833333333300
2024-04-10,Nambour,5.020833333333330
2024-04-10,North Maclean,7.558333333333330
2024-04-10,Parkwood,5.458333333333330
2024-04-10,Raceview,10.425000000000000
2024-04-10,Rangeville,3.4916666666666700
2024-04-10,Rocklea,6.895833333333330
2024-04-10,Roma,8.133333333333330
2024-04-10,South Brisbane,7.204166666666670
2024-04-10,South Gladstone,6.2250000000000000
2024-04-10,Southport,5.704166666666670
2024-04-10,Springwood,7.2375
2024-04-10,Toowoomba,9.720833333333330
2024-04-10,Woolloongabba,6.55
2024-04-10,Wynnum North,2.15
2024-04-10,Wynnum West,2.433333333333330
2024-04-11,Brisbane City,7.7750000000000000
2024-04-11,Cannon Hill,6.983333333333330
2024-04-11,Charleville,2.5833333333333300
2024-04-11,Coomera,7.345833333333330
2024-04-11,Deagon,6.558333333333330
2024-04-11,Deception Bay,6.558333333333330
2024-04-11,Flinders View,7.554166666666670
2024-04-11,Lytton,4.6875
2024-04-11,Mountain Creek,5.879166666666670
2024-04-11,Mutdapilly,8.569565217391300
2024-04-11,Nambour,6.0
2024-04-11,North Maclean,7.841666666666670
2024-04-11,Parkwood,6.170833333333330
2024-04-11,Raceview,8.679166666666670
2024-04-11,Rangeville,2.3125
2024-04-11,Rocklea,6.5875000000000000
2024-04-11,Roma,8.595833333333330
2024-04-11,South Brisbane,7.229166666666670
2024-04-11,South Gladstone,5.145833333333330
2024-04-11,Southport,6.704166666666670
2024-04-11,Springwood,7.533333333333330
2024-04-11,Toowoomba,9.017391304347830
2024-04-11,Woolloongabba,6.383333333333330
2024-04-11,Wynnum North,3.720833333333330
2024-04-11,Wynnum West,3.9375
2024-04-12,Brisbane City,4.679166666666670
2024-04-12,Cannon Hill,4.183333333333330
2024-04-12,Charleville,2.0
2024-04-12,Coomera,4.9375
2024-04-12,Deagon,4.3375000000000000
2024-04-12,Deception Bay,4.877272727272730
2024-04-12,Flinders View,4.3375000000000000
2024-04-12,Lytton,3.391666666666670
2024-04-12,Mountain Creek,4.358333333333330
2024-04-12,Mutdapilly,4.3375000000000000
2024-04-12,Nambour,4.4375
2024-04-12,North Maclean,4.0625
2024-04-12,Parkwood,3.1166666666666700
2024-04-12,Raceview,6.083333333333330
2024-04-12,Rangeville,2.25
2024-04-12,Rocklea,5.170833333333330
2024-04-12,Roma,6.254166666666670
2024-04-12,South Brisbane,4.629166666666670
2024-04-12,South Gladstone,3.8208333333333300
2024-04-12,Southport,5.083333333333330
2024-04-12,Springwood,4.145833333333330
2024-04-12,Toowoomba,4.0625
2024-04-12,Woolloongabba,3.875
2024-04-12,Wynnum North,1.8458333333333300
2024-04-12,Wynnum West,2.2583333333333300
2024-05-01,Brisbane City,4.7375
2024-05-01,Cannon Hill,4.7
2024-05-01,Charleville,2.2375000000000000
2024-05-01,Coomera,4.4875
2024-05-01,Deagon,4.404166666666670
2024-05-01,Deception Bay,4.504166666666670
2024-05-01,Flinders View,4.8125
2024-05-01,Lytton,3.9478260869565200
2024-05-01,Mountain Creek,4.829166666666670
2024-05-01,Mutdapilly,5.404761904761910
2024-05-01,Nambour,3.9166666666666700
2024-05-01,North Maclean,5.5250000000000000
2024-05-01,Parkwood,3.779166666666670
2024-05-01,Rangeville,2.120833333333330
2024-05-01,Rocklea,4.9000000000000000
2024-05-01,Roma,6.378260869565220
2024-05-01,South Brisbane,5.061904761904760
2024-05-01,South Gladstone,4.583333333333330
2024-05-01,Southport,4.783333333333330
2024-05-01,Springwood,4.583333333333330
2024-05-01,Toowoomba,4.595833333333330
2024-05-01,Woolloongabba,4.741666666666670
2024-05-01,Wynnum North,1.5541666666666700
2024-05-01,Wynnum West,1.9791666666666700
2024-05-02,Brisbane City,8.325000000000000
2024-05-02,Cannon Hill,8.545833333333330
2024-05-02,Charleville,2.0166666666666700
2024-05-02,Coomera,7.875
2024-05-02,Deagon,7.956521739130440
2024-05-02,Deception Bay,8.0375
2024-05-02,Flinders View,8.416666666666670
2024-05-02,Lytton,3.7625000000000000
2024-05-02,Mountain Creek,7.595833333333330
2024-05-02,Mutdapilly,9.2
2024-05-02,Nambour,6.604166666666670
2024-05-02,North Maclean,6.195833333333330
2024-05-02,Parkwood,8.045833333333330
2024-05-02,Rangeville,3.6375000000000000
2024-05-02,Rocklea,6.6625000000000000
2024-05-02,Roma,4.945833333333330
2024-05-02,South Brisbane,8.483333333333330
2024-05-02,South Gladstone,7.104166666666670
2024-05-02,Southport,8.183333333333330
2024-05-02,Springwood,7.7375
2024-05-02,Toowoomba,8.333333333333330
2024-05-02,Woolloongabba,7.470833333333330
2024-05-02,Wynnum North,3.170833333333330
2024-05-02,Wynnum West,2.8875000000000000
2024-05-03,Brisbane City,6.0875000000000000
2024-05-03,Cannon Hill,6.141666666666670
2024-05-03,Charleville,2.0
2024-05-03,Coomera,5.966666666666670
2024-05-03,Deagon,6.295833333333330
2024-05-03,Deception Bay,6.779166666666670
2024-05-03,Flinders View,4.483333333333330
2024-05-03,Lytton,3.6291666666666700
2024-05-03,Mountain Creek,8.700000000000000
2024-05-03,Mutdapilly,4.1500000000000000
2024-05-03,Nambour,7.208333333333330
2024-05-03,North Maclean,4.209523809523810
2024-05-03,Parkwood,5.295833333333330
2024-05-03,Rangeville,2.058333333333330
2024-05-03,Rocklea,3.3166666666666700
2024-05-03,Roma,3.8708333333333300
2024-05-03,South Brisbane,6.379166666666670
2024-05-03,South Gladstone,5.495833333333330
2024-05-03,Southport,6.125
2024-05-03,Springwood,5.925
2024-05-03,Toowoomba,3.2916666666666700
2024-05-03,Woolloongabba,5.429166666666670
2024-05-03,Wynnum North,1.7208333333333300
2024-05-03,Wynnum West,1.8125
2024-05-04,Brisbane City,3.225
2024-05-04,Cannon Hill,2.9318181818181800
2024-05-04,Charleville,2.0
2024-05-04,Coomera,2.9500000000000000
2024-05-04,Deagon,3.2875
2024-05-04,Deception Bay,3.108333333333330
2024-05-04,Flinders View,3.016666666666670
2024-05-04,Lytton,1.45
2024-05-04,Mountain Creek,3.1125000000000000
2024-05-04,Mutdapilly,2.1375000000000000
2024-05-04,Nambour,3.516666666666670
2024-05-04,North Maclean,2.216666666666670
2024-05-04,Parkwood,2.6
2024-05-04,Rangeville,2.058333333333330
2024-05-04,Rocklea,3.2375000000000000
2024-05-04,Roma,2.2000000000000000
2024-05-04,South Brisbane,3.908333333333330
2024-05-04,South Gladstone,3.779166666666670
2024-05-04,Southport,2.7416666666666700
2024-05-04,Springwood,2.6041666666666700
2024-05-04,Toowoomba,1.9333333333333300
2024-05-04,Woolloongabba,3.045833333333330
2024-05-04,Wynnum North,0.6833333333333330
2024-05-04,Wynnum West,0.8833333333333330
2024-05-05,Brisbane City,4.0875000000000000
2024-05-05,Cannon Hill,4.220833333333330
2024-05-05,Charleville,2.004166666666670
2024-05-05,Coomera,4.020833333333330
2024-05-05,Deagon,3.783333333333330
2024-05-05,Deception Bay,4.333333333333330
2024-05-05,Flinders View,3.795833333333330
2024-05-05,Lytton,2.591666666666670
2024-05-05,Mountain Creek,4.5625
2024-05-05,Mutdapilly,3.3541666666666700
2024-05-05,Nambour,3.8000000000000000
2024-05-05,North Maclean,4.704166666666670
2024-05-05,Parkwood,2.7291666666666700
2024-05-05,Rangeville,2.0166666666666700
2024-05-05,Rocklea,3.9166666666666700
2024-05-05,Roma,3.170833333333330
2024-05-05,South Brisbane,4.570833333333330
2024-05-05,South Gladstone,1.8833333333333300
2024-05-05,Southport,3.5625
2024-05-05,Springwood,3.9500000000000000
2024-05-05,Toowoomba,6.070833333333330
2024-05-05,Woolloongabba,3.4130434782608700
2024-05-05,Wynnum North,1.8625000000000000
2024-05-05,Wynnum West,2.279166666666670
2024-05-06,Brisbane City,7.9913043478260900
2024-05-06,Cannon Hill,9.054166666666670
2024-05-06,Charleville,2.0208333333333300
2024-05-06,Coomera,8.112500000000000
2024-05-06,Deagon,6.670833333333330
2024-05-06,Deception Bay,7.979166666666670
2024-05-06,Flinders View,6.8125
2024-05-06,Lytton,9.1
2024-05-06,Mountain Creek,6.466666666666670
2024-05-06,Mutdapilly,4.566666666666670
2024-05-06,Nambour,4.2
2024-05-06,North Maclean,9.879166666666670
2024-05-06,Parkwood,4.695833333333330
2024-05-06,Rangeville,2.0750000000000000
2024-05-06,Rocklea,10.675000000000000
2024-05-06,Roma,3.6458333333333300
2024-05-06,South Brisbane,10.020833333333300
2024-05-06,South Gladstone,8.6875
2024-05-06,Southport,5.504347826086960
2024-05-06,Springwood,10.320833333333300
2024-05-06,Toowoomba,6.058333333333330
2024-05-06,Woolloongabba,8.625
2024-05-06,Wynnum North,5.9625000000000000
2024-05-06,Wynnum West,6.229166666666670
2024-05-07,Brisbane City,4.358333333333330
2024-05-07,Cannon Hill,4.145833333333330
2024-05-07,Charleville,2.1375000000000000
2024-05-07,Coomera,4.4125000000000000
2024-05-07,Deagon,4.133333333333330
2024-05-07,Deception Bay,4.125
2024-05-07,Flinders View,4.866666666666670
2024-05-07,Lytton,5.0875000000000000
2024-05-07,Mountain Creek,4.419047619047620
2024-05-07,Mutdapilly,4.041666666666670
2024-05-07,Nambour,4.55
2024-05-07,North Maclean,4.558333333333330
2024-05-07,Parkwood,3.704166666666670
2024-05-07,Rangeville,2.035
2024-05-07,Rocklea,2.4666666666666700
2024-05-07,Roma,3.658333333333330
2024-05-07,South Brisbane,5.045833333333330
2024-05-07,South Gladstone,5.595652173913040
2024-05-07,Southport,4.45
2024-05-07,Springwood,4.879166666666670
2024-05-07,Toowoomba,4.125
2024-05-07,Woolloongabba,4.283333333333330
2024-05-07,Wynnum North,1.625
2024-05-07,Wynnum West,1.7416666666666700
2024-05-08,Brisbane City,5.654166666666670
2024-05-08,Cannon Hill,6.445833333333330
2024-05-08,Charleville,2.0708333333333300
2024-05-08,Coomera,5.033333333333330
2024-05-08,Deagon,20.162500000000000
2024-05-08,Deception Bay,7.108333333333330
2024-05-08,Flinders View,5.3826086956521700
2024-05-08,Lytton,5.004166666666670
2024-05-08,Mountain Creek,5.075
2024-05-08,Mutdapilly,4.908333333333330
2024-05-08,Nambour,3.7083333333333300
2024-05-08,North Maclean,8.077272727272730
2024-05-08,Parkwood,3.9333333333333300
2024-05-08,Rangeville,2.0375
2024-05-08,Rocklea,7.154166666666670
2024-05-08,Roma,4.3125
2024-05-08,South Brisbane,6.3500000000000000
2024-05-08,South Gladstone,4.434782608695650
2024-05-08,Southport,4.254166666666670
2024-05-08,Springwood,5.816666666666670
2024-05-08,Toowoomba,5.316666666666670
2024-05-08,Woolloongabba,5.320833333333330
2024-05-08,Wynnum North,2.775
2024-05-08,Wynnum West,3.033333333333330
2024-05-09,Brisbane City,16.116666666666700
2024-05-09,Cannon Hill,13.670833333333300
2024-05-09,Charleville,2.095833333333330
2024-05-09,Coomera,10.875
2024-05-09,Deagon,8.904166666666670
2024-05-09,Deception Bay,9.0625
2024-05-09,Flinders View,15.1625
2024-05-09,Lytton,8.545833333333330
2024-05-09,Mountain Creek,4.808333333333330
2024-05-09,Mutdapilly,8.9125
2024-05-09,Nambour,4.508333333333330
2024-05-09,North Maclean,15.491666666666700
2024-05-09,Parkwood,6.954166666666670
2024-05-09,Rangeville,3.016666666666670
2024-05-09,Rocklea,12.495833333333300
2024-05-09,Roma,4.283333333333330
2024-05-09,South Brisbane,14.895833333333300
2024-05-09,South Gladstone,5.420833333333330
2024-05-09,Southport,6.0375000000000000
2024-05-09,Springwood,16.541666666666700
2024-05-09,Toowoomba,9.116666666666670
2024-05-09,Woolloongabba,13.108333333333300
2024-05-09,Wynnum North,6.579166666666670
2024-05-09,Wynnum West,6.625
2024-05-10,Brisbane City,7.183333333333330
2024-05-10,Cannon Hill,6.583333333333330
2024-05-10,Charleville,2.15
2024-05-10,Coomera,6.958333333333330
2024-05-10,Deagon,6.229166666666670
2024-05-10,Deception Bay,6.675000000000000
2024-05-10,Flinders View,7.233333333333330
2024-05-10,Lytton,5.0625
2024-05-10,Mountain Creek,5.891666666666670
2024-05-10,Mutdapilly,8.7125
2024-05-10,Nambour,5.216666666666670
2024-05-10,North Maclean,7.795833333333330
2024-05-10,Parkwood,6.104166666666670
2024-05-10,Raceview,7.320833333333330
2024-05-10,Rangeville,2.7291666666666700
2024-05-10,Rocklea,5.8500000000000000
2024-05-10,Roma,8.441666666666670
2024-05-10,South Brisbane,6.616666666666670
2024-05-10,South Gladstone,4.758333333333330
2024-05-10,Southport,6.241666666666670
2024-05-10,Springwood,7.2875000000000000
2024-05-10,Toowoomba,7.604166666666670
2024-05-10,Woolloongabba,5.558333333333330
2024-05-10,Wynnum North,3.841666666666670
2024-05-10,Wynnum West,5.6125
2024-05-11,Brisbane City,9.333333333333330
2024-05-11,Cannon Hill,8.579166666666670
2024-05-11,Charleville,2.7291666666666700
2024-05-11,Coomera,8.529166666666670
2024-05-11,Deagon,8.358333333333330
2024-05-11,Deception Bay,8.908333333333330
2024-05-11,Flinders View,7.491666666666670
2024-05-11,Lytton,5.995833333333330
2024-05-11,Mountain Creek,7.2375
2024-05-11,Mutdapilly,7.604545454545460
2024-05-11,Nambour,9.252380952380950
2024-05-11,North Maclean,8.15
2024-05-11,Parkwood,7.520833333333330
2024-05-11,Raceview,8.666666666666670
2024-05-11,Rangeville,3.154166666666670
2024-05-11,Rocklea,6.8875
2024-05-11,Roma,6.4125000000000000
2024-05-11,South Brisbane,8.683333333333330
2024-05-11,South Gladstone,5.154166666666670
2024-05-11,Southport,7.683333333333330
2024-05-11,Springwood,9.191666666666670
2024-05-11,Toowoomba,8.700000000000000
2024-05-11,Woolloongabba,7.829166666666670
2024-05-11,Wynnum North,4.4625000000000000
2024-05-11,Wynnum West,4.7625
2024-05-12,Brisbane City,6.1909090909090900
2024-05-12,Cannon Hill,5.416666666666670
2024-05-12,Charleville,2.0166666666666700
2024-05-12,Coomera,6.066666666666670
2024-05-12,Deagon,5.804166666666670
2024-05-12,Deception Bay,5.783333333333330
2024-05-12,Flinders View,5.4125000000000000
2024-05-12,Lytton,2.716666666666670
2024-05-12,Mountain Creek,5.3500000000000000
2024-05-12,Mutdapilly,5.047826086956520
2024-05-12,Nambour,5.441666666666670
2024-05-12,North Maclean,4.833333333333330
2024-05-12,Parkwood,3.7583333333333300
2024-05-12,Raceview,7.2250000000000000
2024-05-12,Rangeville,2.7583333333333300
2024-05-12,Rocklea,4.866666666666670
2024-05-12,Roma,8.083333333333330
2024-05-12,South Brisbane,6.047826086956520
2024-05-12,South Gladstone,5.820833333333330
2024-05-12,Southport,6.145833333333330
2024-05-12,Springwood,5.741666666666670
2024-05-12,Toowoomba,4.370833333333330
2024-05-12,Woolloongabba,4.929166666666670
2024-05-12,Wynnum North,1.7909090909090900
2024-05-12,Wynnum West,2.2875
2024-06-01,Brisbane City,5.320833333333330
2024-06-01,Cannon Hill,5.691666666666670
2024-06-01,Charleville,2.0875
2024-06-01,Coomera,6.0
2024-06-01,Deagon,5.458333333333330
2024-06-01,Deception Bay,5.670833333333330
2024-06-01,Flinders View,4.4000000000000000
2024-06-01,Lytton,3.466666666666670
2024-06-01,Mountain Creek,5.954166666666670
2024-06-01,Mutdapilly,4.4625000000000000
2024-06-01,Nambour,4.804166666666670
2024-06-01,North Maclean,4.7375
2024-06-01,Parkwood,5.295833333333330
2024-06-01,Rangeville,2.316666666666670
2024-06-01,Rocklea,3.7875
2024-06-01,Roma,4.279166666666670
2024-06-01,South Brisbane,5.4375
2024-06-01,South Gladstone,4.883333333333330
2024-06-01,Southport,6.2625
2024-06-01,Springwood,5.891666666666670
2024-06-01,Toowoomba,3.733333333333330
2024-06-01,Woolloongabba,4.8375000000000000
2024-06-01,Wynnum North,1.5250000000000000
2024-06-01,Wynnum West,1.7458333333333300
2024-06-02,Brisbane City,6.1500000000000000
2024-06-02,Cannon Hill,6.308333333333330
2024-06-02,Charleville,2.0
2024-06-02,Coomera,6.341666666666670
2024-06-02,Deagon,5.841666666666670
2024-06-02,Deception Bay,5.75
2024-06-02,Flinders View,6.554166666666670
2024-06-02,Lytton,2.8083333333333300
2024-06-02,Mountain Creek,5.854166666666670
2024-06-02,Mutdapilly,7.195833333333330
2024-06-02,Nambour,5.834782608695650
2024-06-02,North Maclean,4.991666666666670
2024-06-02,Parkwood,6.2
2024-06-02,Rangeville,3.6875
2024-06-02,Rocklea,5.6625000000000000
2024-06-02,Roma,5.2875000000000000
2024-06-02,South Brisbane,6.358333333333330
2024-06-02,South Gladstone,6.9625000000000000
2024-06-02,Southport,6.8625
2024-06-02,Springwood,5.8375000000000000
2024-06-02,Toowoomba,7.295833333333330
2024-06-02,Woolloongabba,5.566666666666670
2024-06-02,Wynnum North,2.35
2024-06-02,Wynnum West,2.1750000000000000
2024-06-03,Brisbane City,5.041666666666670
2024-06-03,Cannon Hill,4.966666666666670
2024-06-03,Charleville,2.0208333333333300
2024-06-03,Coomera,4.991666666666670
2024-06-03,Deagon,4.875
2024-06-03,Deception Bay,4.6500000000000000
2024-06-03,Flinders View,4.729166666666670
2024-06-03,Lytton,4.2375
2024-06-03,Mountain Creek,4.4363636363636400
2024-06-03,Mutdapilly,6.304166666666670
2024-06-03,Nambour,4.558333333333330
2024-06-03,North Maclean,4.308333333333330
2024-06-03,Parkwood,4.291666666666670
2024-06-03,Rangeville,2.129166666666670
2024-06-03,Rocklea,5.2125
2024-06-03,Roma,6.7750000000000000
2024-06-03,South Brisbane,5.479166666666670
2024-06-03,South Gladstone,7.845833333333330
2024-06-03,Southport,4.954166666666670
2024-06-03,Springwood,4.970833333333330
2024-06-03,Toowoomba,4.829166666666670
2024-06-03,Woolloongabba,4.933333333333330
2024-06-03,Wynnum North,1.3208333333333300
2024-06-03,Wynnum West,1.5
2024-06-04,Brisbane City,3.6791666666666700
2024-06-04,Cannon Hill,3.7541666666666700
2024-06-04,Charleville,2.0416666666666700
2024-06-04,Coomera,4.354166666666670
2024-06-04,Deagon,3.545833333333330
2024-06-04,Deception Bay,3.4416666666666700
2024-06-04,Flinders View,3.6291666666666700
2024-06-04,Lytton,1.8958333333333300
2024-06-04,Mountain Creek,3.8208333333333300
2024-06-04,Mutdapilly,3.2541666666666700
2024-06-04,Nambour,4.241666666666670
2024-06-04,North Maclean,3.3041666666666700
2024-06-04,Parkwood,3.9166666666666700
2024-06-04,Rangeville,2.0208333333333300
2024-06-04,Rocklea,3.4375
2024-06-04,Roma,3.154166666666670
2024-06-04,South Brisbane,4.008333333333330
2024-06-04,South Gladstone,4.0375
2024-06-04,Southport,4.558333333333330
2024-06-04,Springwood,3.5083333333333300
2024-06-04,Toowoomba,2.0458333333333300
2024-06-04,Woolloongabba,3.8333333333333300
2024-06-04,Wynnum North,0.975
2024-06-04,Wynnum West,1.1875
2024-06-05,Brisbane City,3.8250000000000000
2024-06-05,Cannon Hill,4.229166666666670
2024-06-05,Charleville,2.066666666666670
2024-06-05,Coomera,4.233333333333330
2024-06-05,Deagon,3.8375
2024-06-05,Deception Bay,4.233333333333330
2024-06-05,Flinders View,2.995833333333330
2024-06-05,Lytton,2.4458333333333300
2024-06-05,Mountain Creek,4.204166666666670
2024-06-05,Mutdapilly,2.75
2024-06-05,Nambour,4.395833333333330
2024-06-05,North Maclean,4.375
2024-06-05,Parkwood,2.4291666666666700
2024-06-05,Rangeville,2.0
2024-06-05,Rocklea,3.3041666666666700
2024-06-05,Roma,4.633333333333330
2024-06-05,South Brisbane,4.4875
2024-06-05,South Gladstone,3.595833333333330
2024-06-05,Southport,2.9416666666666700
2024-06-05,Springwood,4.3625
2024-06-05,Toowoomba,4.0375000000000000
2024-06-05,Woolloongabba,3.6608695652173900
2024-06-05,Wynnum North,2.0083333333333300
2024-06-05,Wynnum West,1.9583333333333300
2024-06-06,Brisbane City,7.976923076923080
2024-06-06,Cannon Hill,6.6000000000000000
2024-06-06,Charleville,2.1
2024-06-06,Coomera,6.220833333333330
2024-06-06,Deagon,6.583333333333330
2024-06-06,Deception Bay,6.879166666666670
2024-06-06,Flinders View,6.391666666666670
2024-06-06,Lytton,7.004166666666670
2024-06-06,Mountain Creek,5.3
2024-06-06,Mutdapilly,4.3875
2024-06-06,Nambour,4.183333333333330
2024-06-06,North Maclean,8.2625
2024-06-06,Parkwood,5.229166666666670
2024-06-06,Rangeville,2.5166666666666700
2024-06-06,Rocklea,8.191666666666670
2024-06-06,Roma,3.345833333333330
2024-06-06,South Brisbane,7.829166666666670
2024-06-06,South Gladstone,4.079166666666670
2024-06-06,Southport,5.7
2024-06-06,Springwood,7.670833333333330
2024-06-06,Toowoomba,7.479166666666670
2024-06-06,Woolloongabba,7.1
2024-06-06,Wynnum North,5.541666666666670
2024-06-06,Wynnum West,4.829166666666670
2024-06-07,Brisbane City,4.925
2024-06-07,Cannon Hill,4.5
2024-06-07,Charleville,2.0625
2024-06-07,Coomera,4.7125000000000000
2024-06-07,Deagon,4.895833333333330
2024-06-07,Deception Bay,5.104166666666670
2024-06-07,Flinders View,4.7625
2024-06-07,Lytton,3.4958333333333300
2024-06-07,Mountain Creek,5.079166666666670
2024-06-07,Mutdapilly,3.8250000000000000
2024-06-07,Nambour,4.479166666666670
2024-06-07,North Maclean,4.141666666666670
2024-06-07,Parkwood,3.795833333333330
2024-06-07,Rangeville,2.0208333333333300
2024-06-07,Rocklea,1.1458333333333300
2024-06-07,Roma,3.975
2024-06-07,South Brisbane,5.425
2024-06-07,South Gladstone,5.508333333333330
2024-06-07,Southport,4.870833333333330
2024-06-07,Springwood,5.329166666666670
2024-06-07,Toowoomba,3.595833333333330
2024-06-07,Woolloongabba,3.9791666666666700
2024-06-07,Wynnum North,1.5416666666666700
2024-06-07,Wynnum West,1.5500000000000000
2024-06-08,Brisbane City,6.325
2024-06-08,Cannon Hill,6.095833333333330
2024-06-08,Charleville,2.0
2024-06-08,Coomera,5.0250000000000000
2024-06-08,Deagon,6.1625000000000000
2024-06-08,Deception Bay,5.726086956521740
2024-06-08,Flinders View,8.15
2024-06-08,Lytton,5.3
2024-06-08,Mountain Creek,4.7125000000000000
2024-06-08,Mutdapilly,4.941666666666670
2024-06-08,Nambour,4.170833333333330
2024-06-08,North Maclean,10.645833333333300
2024-06-08,Parkwood,4.033333333333330
2024-06-08,Rangeville,2.1166666666666700
2024-06-08,Rocklea,6.979166666666670
2024-06-08,Roma,2.725
2024-06-08,South Brisbane,6.966666666666670
2024-06-08,South Gladstone,4.0625
2024-06-08,Southport,4.25
2024-06-08,Springwood,5.641666666666670
2024-06-08,Toowoomba,4.754166666666670
2024-06-08,Woolloongabba,5.443478260869570
2024-06-08,Wynnum North,4.558333333333330
2024-06-08,Wynnum West,4.6375
2024-06-09,Brisbane City,9.175000000000000
2024-06-09,Cannon Hill,9.820833333333330
2024-06-09,Charleville,2.1125000000000000
2024-06-09,Coomera,8.85
2024-06-09,Deagon,6.9625000000000000
2024-06-09,Deception Bay,8.658333333333330
2024-06-09,Flinders View,10.520833333333300
2024-06-09,Lytton,6.916666666666670
2024-06-09,Mountain Creek,5.904166666666670
2024-06-09,Mutdapilly,9.595833333333330
2024-06-09,Nambour,5.175
2024-06-09,North Maclean,12.675000000000000
2024-06-09,Parkwood,9.170833333333330
2024-06-09,Rangeville,3.466666666666670
2024-06-09,Rocklea,9.3125
2024-06-09,Roma,5.958333333333330
2024-06-09,South Brisbane,8.825000000000000
2024-06-09,South Gladstone,7.320833333333330
2024-06-09,Southport,9.125
2024-06-09,Springwood,14.579166666666700
2024-06-09,Toowoomba,9.629166666666670
2024-06-09,Woolloongabba,8.9625
2024-06-09,Wynnum North,5.395833333333330
2024-06-09,Wynnum West,5.770833333333330
2024-06-10,Brisbane City,9.454166666666670
2024-06-10,Cannon Hill,8.629166666666670
2024-06-10,Charleville,2.6458333333333300
2024-06-10,Coomera,9.5375
2024-06-10,Deagon,8.1625
2024-06-10,Deception Bay,8.200000000000000
2024-06-10,Flinders View,14.391666666666700
2024-06-10,Lytton,6.770833333333330
2024-06-10,Mountain Creek,8.091666666666670
2024-06-10,Mutdapilly,13.262500000000000
2024-06-10,Nambour,7.4000000000000000
2024-06-10,North Maclean,9.579166666666670
2024-06-10,Parkwood,9.458333333333330
2024-06-10,Raceview,16.958333333333300
2024-06-10,Rangeville,2.3833333333333300
2024-06-10,Rocklea,8.5625
2024-06-10,Roma,7.695833333333330
2024-06-10,South Brisbane,9.070833333333330
2024-06-10,South Gladstone,6.0875000000000000
2024-06-10,Southport,9.425000000000000
2024-06-10,Springwood,9.65
2024-06-10,Toowoomba,7.454166666666670
2024-06-10,Woolloongabba,7.6875
2024-06-10,Wynnum North,6.958333333333330
2024-06-10,Wynnum West,6.020833333333330
2024-06-11,Brisbane City,9.0875
2024-06-11,Cannon Hill,8.4125
2024-06-11,Charleville,2.5375
2024-06-11,Coomera,9.483333333333330
2024-06-11,Deagon,7.465217391304350
2024-06-11,Deception Bay,7.622727272727270
2024-06-11,Flinders View,9.300000000000000
2024-06-11,Lytton,4.7250000000000000
2024-06-11,Mountain Creek,9.25
2024-06-11,Mutdapilly,9.495833333333330
2024-06-11,Nambour,5.808695652173910
2024-06-11,North Maclean,9.125
2024-06-11,Parkwood,8.55
2024-06-11,Raceview,10.75
2024-06-11,Rangeville,2.5208333333333300
2024-06-11,Rocklea,7.420833333333330
2024-06-11,Roma,8.737500000000000
2024-06-11,South Brisbane,8.308333333333330
2024-06-11,South Gladstone,5.083333333333330
2024-06-11,Southport,8.933333333333330
2024-06-11,Springwood,8.9
2024-06-11,Toowoomba,10.075000000000000
2024-06-11,Woolloongabba,7.2375
2024-06-11,Wynnum North,3.6291666666666700
2024-06-11,Wynnum West,4.320833333333330
2024-06-12,Brisbane City,4.7875000000000000
2024-06-12,Cannon Hill,4.045833333333330
2024-06-12,Charleville,2.0125000000000000
2024-06-12,Coomera,4.316666666666670
2024-06-12,Deagon,3.8875000000000000
2024-06-12,Deception Bay,4.0375000000000000
2024-06-12,Flinders View,4.933333333333330
2024-06-12,Lytton,2.1333333333333300
2024-06-12,Mountain Creek,3.691666666666670
2024-06-12,Mutdapilly,5.3375000000000000
2024-06-12,Nambour,4.141666666666670
2024-06-12,North Maclean,4.458333333333330
2024-06-12,Parkwood,2.716666666666670
2024-06-12,Raceview,6.845833333333330
2024-06-12,Rangeville,2.2333333333333300
2024-06-12,Rocklea,4.691666666666670
2024-06-12,Roma,8.945833333333330
2024-06-12,South Brisbane,4.591666666666670
2024-06-12,South Gladstone,4.529166666666670
2024-06-12,Southport,4.116666666666670
2024-06-12,Springwood,4.3625
2024-06-12,Toowoomba,4.520833333333330
2024-06-12,Woolloongabba,3.908333333333330
2024-06-12,Wynnum North,0.9916666666666670
2024-06-12,Wynnum West,1.3458333333333300
2024-07-01,Brisbane City,6.5250000000000000
2024-07-01,Cannon Hill,6.395833333333330
2024-07-01,Charleville,2.0
2024-07-01,Coomera,6.329166666666670
2024-07-01,Deagon,6.233333333333330
2024-07-01,Deception Bay,6.1625000000000000
2024-07-01,Flinders View,5.745833333333330
2024-07-01,Lytton,3.1875
2024-07-01,Mountain Creek,6.454166666666670
2024-07-01,Mutdapilly,5.879166666666670
2024-07-01,Nambour,6.0125
2024-07-01,North Maclean,6.408333333333330
2024-07-01,Parkwood,5.558333333333330
2024-07-01,Rangeville,3.033333333333330
2024-07-01,Rocklea,4.070833333333330
2024-07-01,Roma,3.8666666666666700
2024-07-01,South Brisbane,6.445833333333330
2024-07-01,South Gladstone,6.829166666666670
2024-07-01,Southport,6.4625000000000000
2024-07-01,Springwood,6.1875
2024-07-01,Toowoomba,5.6625000000000000
2024-07-01,Woolloongabba,5.695833333333330
2024-07-01,Wynnum North,2.220833333333330
2024-07-01,Wynnum West,2.1958333333333300
2024-07-02,Brisbane City,5.5
2024-07-02,Cannon Hill,5.808333333333330
2024-07-02,Charleville,2.0
2024-07-02,Coomera,5.2375
2024-07-02,Deagon,5.066666666666670
2024-07-02,Deception Bay,5.133333333333330
2024-07-02,Flinders View,5.516666666666670
2024-07-02,Lytton,3.970833333333330
2024-07-02,Mountain Creek,5.125
2024-07-02,Mutdapilly,10.175000000000000
2024-07-02,Nambour,4.229166666666670
2024-07-02,North Maclean,4.079166666666670
2024-07-02,Parkwood,4.7250000000000000
2024-07-02,Rangeville,2.5791666666666700
2024-07-02,Rocklea,4.504166666666670
2024-07-02,Roma,4.0875000000000000
2024-07-02,South Brisbane,5.891666666666670
2024-07-02,South Gladstone,7.391666666666670
2024-07-02,Southport,6.1000000000000000
2024-07-02,Springwood,5.308333333333330
2024-07-02,Toowoomba,5.608333333333330
2024-07-02,Woolloongabba,5.145833333333330
2024-07-02,Wynnum North,1.625
2024-07-02,Wynnum West,1.8208333333333300
2024-07-03,Brisbane City,4.533333333333330
2024-07-03,Cannon Hill,4.254166666666670
2024-07-03,Charleville,2.0375
2024-07-03,Coomera,4.166666666666670
2024-07-03,Deagon,4.2125000000000000
2024-07-03,Deception Bay,3.9791666666666700
2024-07-03,Flinders View,4.079166666666670
2024-07-03,Lytton,3.7375000000000000
2024-07-03,Mountain Creek,4.216666666666670
2024-07-03,Mutdapilly,4.316666666666670
2024-07-03,Nambour,3.954166666666670
2024-07-03,North Maclean,3.6916666666666700
2024-07-03,Parkwood,3.3791666666666700
2024-07-03,Rangeville,2.095833333333330
2024-07-03,Rocklea,3.391304347826090
2024-07-03,Roma,5.841666666666670
2024-07-03,South Brisbane,5.133333333333330
2024-07-03,South Gladstone,5.020833333333330
2024-07-03,Southport,4.233333333333330
2024-07-03,Springwood,4.179166666666670
2024-07-03,Toowoomba,3.5875
2024-07-03,Woolloongabba,4.404166666666670
2024-07-03,Wynnum North,1.3958333333333300
2024-07-03,Wynnum West,1.7250000000000000
2024-07-04,Brisbane City,3.216666666666670
2024-07-04,Cannon Hill,3.0375
2024-07-04,Charleville,2.1333333333333300
2024-07-04,Coomera,3.233333333333330
2024-07-04,Deagon,2.4875000000000000
2024-07-04,Deception Bay,2.975
2024-07-04,Flinders View,3.7875
2024-07-04,Lytton,0.9916666666666670
2024-07-04,Mountain Creek,3.1750000000000000
2024-07-04,Mutdapilly,3.6666666666666700
2024-07-04,Nambour,2.375
2024-07-04,North Maclean,3.1375000000000000
2024-07-04,Parkwood,2.8250000000000000
2024-07-04,Rangeville,2.0875
2024-07-04,Rocklea,2.25
2024-07-04,Roma,4.683333333333330
2024-07-04,South Brisbane,3.533333333333330
2024-07-04,South Gladstone,3.6041666666666700
2024-07-04,Southport,3.766666666666670
2024-07-04,Springwood,3.0666666666666700
2024-07-04,Toowoomba,2.158333333333330
2024-07-04,Woolloongabba,2.7625000000000000
2024-07-04,Wynnum North,0.48333333333333300
2024-07-04,Wynnum West,0.7000000000000000
2024-07-05,Brisbane City,3.233333333333330
2024-07-05,Cannon Hill,3.216666666666670
2024-07-05,Charleville,2.0217391304347800
2024-07-05,Coomera,4.2250000000000000
2024-07-05,Deagon,3.1750000000000000
2024-07-05,Deception Bay,3.3625000000000000
2024-07-05,Flinders View,2.595833333333330
2024-07-05,Lytton,3.345833333333330
2024-07-05,Mountain Creek,3.5
2024-07-05,Mutdapilly,2.775
2024-07-05,Nambour,3.0652173913043500
2024-07-05,North Maclean,2.6375000000000000
2024-07-05,Parkwood,3.4333333333333300
2024-07-05,Rangeville,2.004166666666670
2024-07-05,Rocklea,2.5500000000000000
2024-07-05,Roma,3.3541666666666700
2024-07-05,South Brisbane,3.7583333333333300
2024-07-05,South Gladstone,5.0125
2024-07-05,Southport,4.691666666666670
2024-07-05,Springwood,3.5
2024-07-05,Toowoomba,2.5375
2024-07-05,Woolloongabba,3.2708333333333300
2024-07-05,Wynnum North,1.0833333333333300
2024-07-05,Wynnum West,1.2
2024-07-06,Cannon Hill,3.391666666666670
2024-07-06,Charleville,2.0708333333333300
2024-07-06,Coomera,3.545833333333330
2024-07-06,Deagon,3.6791666666666700
2024-07-06,Deception Bay,3.920833333333330
2024-07-06,Flinders View,11.066666666666700
2024-07-06,Lytton,2.2208333333333300
2024-07-06,Mountain Creek,2.970833333333330
2024-07-06,Mutdapilly,4.683333333333330
2024-07-06,Nambour,2.3916666666666700
2024-07-06,North Maclean,6.941666666666670
2024-07-06,Parkwood,3.2000000000000000
2024-07-06,Rangeville,2.129166666666670
2024-07-06,Rocklea,1.6583333333333300
2024-07-06,Roma,3.3250000000000000
2024-07-06,South Brisbane,4.425
2024-07-06,South Gladstone,2.6833333333333300
2024-07-06,Southport,4.195833333333330
2024-07-06,Springwood,4.016666666666670
2024-07-06,Toowoomba,5.05
2024-07-06,Woolloongabba,4.208333333333330
2024-07-06,Wynnum North,2.0833333333333300
2024-07-06,Wynnum West,1.9375
2024-07-07,Brisbane City,4.3125
2024-07-07,Cannon Hill,4.270833333333330
2024-07-07,Charleville,2.0125000000000000
2024-07-07,Coomera,3.966666666666670
2024-07-07,Deagon,4.458333333333330
2024-07-07,Deception Bay,4.5250000000000000
2024-07-07,Flinders View,4.2125000000000000
2024-07-07,Lytton,2.0125000000000000
2024-07-07,Mountain Creek,4.833333333333330
2024-07-07,Mutdapilly,2.795833333333330
2024-07-07,Nambour,3.9333333333333300
2024-07-07,North Maclean,4.4375
2024-07-07,Parkwood,3.1375000000000000
2024-07-07,Rangeville,2.0
2024-07-07,Rocklea,2.004166666666670
2024-07-07,Roma,3.0541666666666700
2024-07-07,South Brisbane,4.891666666666670
2024-07-07,South Gladstone,5.1000000000000000
2024-07-07,Southport,4.004166666666670
2024-07-07,Springwood,5.2750000000000000
2024-07-07,Toowoomba,3.154166666666670
2024-07-07,Woolloongabba,3.5083333333333300
2024-07-07,Wynnum North,1.2541666666666700
2024-07-07,Wynnum West,1.1416666666666700
2024-07-08,Brisbane City,7.004166666666670
2024-07-08,Cannon Hill,7.008333333333330
2024-07-08,Charleville,2.0304347826087000
2024-07-08,Coomera,6.795833333333330
2024-07-08,Deagon,7.195833333333330
2024-07-08,Deception Bay,6.791666666666670
2024-07-08,Flinders View,7.4375
2024-07-08,Lytton,6.454166666666670
2024-07-08,Mountain Creek,5.995454545454550
2024-07-08,Mutdapilly,6.983333333333330
2024-07-08,Nambour,5.769565217391300
2024-07-08,North Maclean,12.304166666666700
2024-07-08,Parkwood,5.5625
2024-07-08,Rangeville,2.35
2024-07-08,Rocklea,9.112500000000000
2024-07-08,Roma,4.179166666666670
2024-07-08,South Brisbane,7.691666666666670
2024-07-08,South Gladstone,5.366666666666670
2024-07-08,Southport,6.55
2024-07-08,Springwood,7.083333333333330
2024-07-08,Toowoomba,7.966666666666670
2024-07-08,Woolloongabba,6.316666666666670
2024-07-08,Wynnum North,4.233333333333330
2024-07-08,Wynnum West,4.325
2024-07-09,Brisbane City,10.929166666666700
2024-07-09,Cannon Hill,9.15
2024-07-09,Charleville,3.8708333333333300
2024-07-09,Coomera,10.029166666666700
2024-07-09,Deagon,8.775
2024-07-09,Deception Bay,9.529166666666670
2024-07-09,Flinders View,11.012500000000000
2024-07-09,Lytton,5.379166666666670
2024-07-09,Mountain Creek,7.545833333333330
2024-07-09,Mutdapilly,12.483333333333300
2024-07-09,Nambour,6.825
2024-07-09,North Maclean,11.050000000000000
2024-07-09,Parkwood,9.5
2024-07-09,Rangeville,3.220833333333330
2024-07-09,Rocklea,8.125
2024-07-09,Roma,6.758333333333330
2024-07-09,South Brisbane,9.983333333333330
2024-07-09,South Gladstone,7.7750000000000000
2024-07-09,Southport,9.245833333333330
2024-07-09,Springwood,9.866666666666670
2024-07-09,Toowoomba,9.4625
2024-07-09,Woolloongabba,8.816666666666670
2024-07-09,Wynnum North,4.866666666666670
2024-07-09,Wynnum West,4.720833333333330
2024-07-10,Brisbane City,12.4125
2024-07-10,Cannon Hill,10.966666666666700
2024-07-10,Charleville,2.720833333333330
2024-07-10,Coomera,9.895833333333330
2024-07-10,Deagon,9.283333333333330
2024-07-10,Deception Bay,10.979166666666700
2024-07-10,Flinders View,18.175
2024-07-10,Lytton,7.629166666666670
2024-07-10,Mountain Creek,8.308333333333330
2024-07-10,Mutdapilly,22.84583333333330
2024-07-10,Nambour,10.104166666666700
2024-07-10,North Maclean,22.933333333333300
2024-07-10,Parkwood,8.762500000000000
2024-07-10,Raceview,18.465217391304300
2024-07-10,Rangeville,3.704166666666670
2024-07-10,Rocklea,10.883333333333300
2024-07-10,Roma,7.054166666666670
2024-07-10,South Brisbane,11.508333333333300
2024-07-10,South Gladstone,5.2625
2024-07-10,Southport,9.295833333333330
2024-07-10,Springwood,15.333333333333300
2024-07-10,Toowoomba,6.704166666666670
2024-07-10,Woolloongabba,9.9
2024-07-10,Wynnum North,6.745833333333330
2024-07-10,Wynnum West,6.1875
2024-07-11,Brisbane City,9.195833333333330
2024-07-11,Cannon Hill,8.341666666666670
2024-07-11,Charleville,2.5750000000000000
2024-07-11,Coomera,9.85
2024-07-11,Deagon,7.8125
2024-07-11,Deception Bay,7.754166666666670
2024-07-11,Flinders View,12.845833333333300
2024-07-11,Lytton,4.85
2024-07-11,Mountain Creek,7.3500000000000000
2024-07-11,Mutdapilly,13.491666666666700
2024-07-11,Nambour,7.4125000000000000
2024-07-11,North Maclean,11.045833333333300
2024-07-11,Parkwood,8.616666666666670
2024-07-11,Raceview,14.358333333333300
2024-07-11,Rangeville,2.5208333333333300
2024-07-11,Rocklea,8.325000000000000
2024-07-11,Roma,8.066666666666670
2024-07-11,South Brisbane,8.525
2024-07-11,South Gladstone,6.408333333333330
2024-07-11,Southport,8.525
2024-07-11,Springwood,8.9625
2024-07-11,Toowoomba,12.9125
2024-07-11,Woolloongabba,7.6000000000000000
2024-07-11,Wynnum North,4.375
2024-07-11,Wynnum West,4.266666666666670
2024-07-12,Brisbane City,4.029166666666670
2024-07-12,Cannon Hill,3.4250000000000000
2024-07-12,Charleville,2.0
2024-07-12,Coomera,3.9875000000000000
2024-07-12,Deagon,3.5875
2024-07-12,Deception Bay,3.845833333333330
2024-07-12,Flinders View,3.775
2024-07-12,Lytton,1.7833333333333300
2024-07-12,Mountain Creek,3.5750000000000000
2024-07-12,Mutdapilly,3.7250000000000000
2024-07-12,Nambour,3.8041666666666700
2024-07-12,North Maclean,4.1625
2024-07-12,Parkwood,2.6333333333333300
2024-07-12,Raceview,5.129166666666670
2024-07-12,Rangeville,2.216666666666670
2024-07-12,Rocklea,2.904166666666670
2024-07-12,Roma,7.541666666666670
2024-07-12,South Brisbane,3.8375
2024-07-12,South Gladstone,3.7083333333333300
2024-07-12,Southport,3.5750000000000000
2024-07-12,Springwood,3.8625000000000000
2024-07-12,Toowoomba,3.7318181818181800
2024-07-12,Woolloongabba,3.3208333333333300
2024-07-12,Wynnum North,1.9000000000000000
2024-07-12,Wynnum West,1.5083333333333300
2024-08-01,Brisbane City,5.5625
2024-08-01,Cannon Hill,5.4375
2024-08-01,Charleville,2.0
2024-08-01,Coomera,5.270833333333330
2024-08-01,Deagon,5.2125000000000000
2024-08-01,Deception Bay,5.404166666666670
2024-08-01,Flinders View,4.704166666666670
2024-08-01,Lytton,2.3875000000000000
2024-08-01,Mountain Creek,5.179166666666670
2024-08-01,Mutdapilly,4.520833333333330
2024-08-01,Nambour,5.0625
2024-08-01,North Maclean,4.670833333333330
2024-08-01,Parkwood,4.795833333333330
2024-08-01,Rangeville,2.1041666666666700
2024-08-01,Rocklea,4.320833333333330
2024-08-01,Roma,3.3375
2024-08-01,South Brisbane,5.7750000000000000
2024-08-01,South Gladstone,4.104166666666670
2024-08-01,Southport,5.704166666666670
2024-08-01,Springwood,5.170833333333330
2024-08-01,Toowoomba,2.3291666666666700
2024-08-01,Woolloongabba,5.0
2024-08-01,Wynnum North,1.7750000000000000
2024-08-01,Wynnum West,1.6375
2024-08-02,Brisbane City,3.095833333333330
2024-08-02,Cannon Hill,3.3250000000000000
2024-08-02,Charleville,2.0125000000000000
2024-08-02,Coomera,2.6166666666666700
2024-08-02,Deagon,4.0375000000000000
2024-08-02,Deception Bay,3.983333333333330
2024-08-02,Flinders View,1.8958333333333300
2024-08-02,Lytton,2.625
2024-08-02,Mountain Creek,5.295833333333330
2024-08-02,Mutdapilly,1.9333333333333300
2024-08-02,Nambour,4.645833333333330
2024-08-02,North Maclean,1.95
2024-08-02,Parkwood,2.1708333333333300
2024-08-02,Rangeville,2.0125000000000000
2024-08-02,Rocklea,4.158333333333330
2024-08-02,Roma,3.591666666666670
2024-08-02,South Brisbane,3.4625
2024-08-02,South Gladstone,6.4913043478260900
2024-08-02,Southport,2.6458333333333300
2024-08-02,Springwood,3.0125000000000000
2024-08-02,Toowoomba,1.5416666666666700
2024-08-02,Woolloongabba,2.9791666666666700
2024-08-02,Wynnum North,1.191304347826090
2024-08-02,Wynnum West,1.2166666666666700
2024-08-03,Brisbane City,5.141666666666670
2024-08-03,Cannon Hill,4.7875000000000000
2024-08-03,Charleville,2.004166666666670
2024-08-03,Coomera,4.720833333333330
2024-08-03,Deagon,5.054166666666670
2024-08-03,Deception Bay,5.2125000000000000
2024-08-03,Flinders View,4.029166666666670
2024-08-03,Lytton,2.5791666666666700
2024-08-03,Mountain Creek,6.341666666666670
2024-08-03,Mutdapilly,4.4125000000000000
2024-08-03,Nambour,5.1625000000000000
2024-08-03,North Maclean,3.7375000000000000
2024-08-03,Parkwood,3.9250000000000000
2024-08-03,Rangeville,2.029166666666670
2024-08-03,Rocklea,3.5750000000000000
2024-08-03,Roma,4.7250000000000000
2024-08-03,South Brisbane,5.4125000000000000
2024-08-03,South Gladstone,5.6625000000000000
2024-08-03,Southport,5.075
2024-08-03,Springwood,4.891666666666670
2024-08-03,Toowoomba,3.5208333333333300
2024-08-03,Woolloongabba,4.695833333333330
2024-08-03,Wynnum North,1.1166666666666700
2024-08-03,Wynnum West,1.2291666666666700
2024-08-04,Brisbane City,4.25
2024-08-04,Cannon Hill,4.133333333333330
2024-08-04,Charleville,2.0458333333333300
2024-08-04,Coomera,4.458333333333330
2024-08-04,Deagon,4.2625
2024-08-04,Deception Bay,3.8666666666666700
2024-08-04,Flinders View,3.9916666666666700
2024-08-04,Lytton,3.4333333333333300
2024-08-04,Mountain Creek,3.6333333333333300
2024-08-04,Mutdapilly,3.8083333333333300
2024-08-04,Nambour,3.7375000000000000
2024-08-04,North Maclean,4.25
2024-08-04,Parkwood,3.6875
2024-08-04,Rangeville,2.0375
2024-08-04,Rocklea,5.395833333333330
2024-08-04,Roma,4.45
2024-08-04,South Brisbane,4.795833333333330
2024-08-04,South Gladstone,2.5375
2024-08-04,Southport,4.25
2024-08-04,Springwood,3.9583333333333300
2024-08-04,Toowoomba,2.779166666666670
2024-08-04,Woolloongabba,4.333333333333330
2024-08-04,Wynnum North,2.62
2024-08-04,Wynnum West,2.3291666666666700
2024-08-05,Brisbane City,4.425
2024-08-05,Cannon Hill,4.291666666666670
2024-08-05,Charleville,2.029166666666670
2024-08-05,Coomera,4.245833333333330
2024-08-05,Deagon,4.408333333333330
2024-08-05,Deception Bay,4.466666666666670
2024-08-05,Flinders View,3.3666666666666700
2024-08-05,Lytton,3.0750000000000000
2024-08-05,Mountain Creek,4.591666666666670
2024-08-05,Mutdapilly,3.275
2024-08-05,Nambour,4.634782608695650
2024-08-05,North Maclean,3.5041666666666700
2024-08-05,Parkwood,3.3000000000000000
2024-08-05,Rangeville,2.004166666666670
2024-08-05,Rocklea,3.6750000000000000
2024-08-05,Roma,2.773913043478260
2024-08-05,South Brisbane,5.133333333333330
2024-08-05,South Gladstone,5.391666666666670
2024-08-05,Southport,4.216666666666670
2024-08-05,Springwood,4.3500000000000000
2024-08-05,Toowoomba,3.079166666666670
2024-08-05,Woolloongabba,4.479166666666670
2024-08-05,Wynnum North,0.8428571428571430
2024-08-05,Wynnum West,1.3500000000000000
2024-08-06,Cannon Hill,5.995833333333330
2024-08-06,Charleville,2.0708333333333300
2024-08-06,Coomera,4.3375000000000000
2024-08-06,Deagon,5.645833333333330
2024-08-06,Deception Bay,7.9375
2024-08-06,Flinders View,6.270833333333330
2024-08-06,Lytton,3.470833333333330
2024-08-06,Mountain Creek,10.029166666666700
2024-08-06,Mutdapilly,5.0
2024-08-06,Nambour,4.591666666666670
2024-08-06,North Maclean,9.491666666666670
2024-08-06,Parkwood,3.525
2024-08-06,Rangeville,2.0083333333333300
2024-08-06,Rocklea,3.4458333333333300
2024-08-06,Roma,3.6208333333333300
2024-08-06,South Brisbane,6.095833333333330
2024-08-06,South Gladstone,4.420833333333330
2024-08-06,Southport,5.075
2024-08-06,Springwood,6.283333333333330
2024-08-06,Toowoomba,4.7875000000000000
2024-08-06,Woolloongabba,4.254166666666670
2024-08-06,Wynnum North,2.8333333333333300
2024-08-06,Wynnum West,2.875
2024-08-07,Brisbane City,4.366666666666670
2024-08-07,Cannon Hill,4.0875
2024-08-07,Charleville,2.0
2024-08-07,Coomera,3.3125
2024-08-07,Deagon,3.904166666666670
2024-08-07,Deception Bay,3.6727272727272700
2024-08-07,Flinders View,4.841666666666670
2024-08-07,Lytton,3.766666666666670
2024-08-07,Mountain Creek,4.008333333333330
2024-08-07,Mutdapilly,3.0500000000000000
2024-08-07,Nambour,3.1625
2024-08-07,North Maclean,5.220833333333330
2024-08-07,Parkwood,2.3958333333333300
2024-08-07,Rangeville,2.0
2024-08-07,Rocklea,3.8958333333333300
2024-08-07,Roma,2.5625
2024-08-07,South Brisbane,5.379166666666670
2024-08-07,South Gladstone,5.108333333333330
2024-08-07,Southport,3.470833333333330
2024-08-07,Springwood,4.470833333333330
2024-08-07,Toowoomba,4.083333333333330
2024-08-07,Woolloongabba,3.9875000000000000
2024-08-07,Wynnum North,1.883333333333330
2024-08-07,Wynnum West,1.625
2024-08-08,Brisbane City,7.379166666666670
2024-08-08,Cannon Hill,7.575
2024-08-08,Charleville,2.1363636363636400
2024-08-08,Coomera,6.029166666666670
2024-08-08,Deagon,6.808333333333330
2024-08-08,Deception Bay,6.029166666666670
2024-08-08,Flinders View,7.083333333333330
2024-08-08,Lytton,5.370833333333330
2024-08-08,Mountain Creek,6.045833333333330
2024-08-08,Mutdapilly,6.386363636363640
2024-08-08,Nambour,4.9125000000000000
2024-08-08,North Maclean,9.23913043478261
2024-08-08,Parkwood,4.408333333333330
2024-08-08,Rangeville,2.1375000000000000
2024-08-08,Rocklea,9.945833333333330
2024-08-08,Roma,3.920833333333330
2024-08-08,South Brisbane,8.295833333333330
2024-08-08,South Gladstone,6.604166666666670
2024-08-08,Southport,5.370833333333330
2024-08-08,Springwood,7.2375
2024-08-08,Toowoomba,7.833333333333330
2024-08-08,Woolloongabba,7.075
2024-08-08,Wynnum North,5.466666666666670
2024-08-08,Wynnum West,3.733333333333330
2024-08-09,Brisbane City,17.816666666666700
2024-08-09,Cannon Hill,13.154166666666700
2024-08-09,Charleville,4.9125000000000000
2024-08-09,Coomera,15.4
2024-08-09,Deagon,11.85
2024-08-09,Deception Bay,12.583333333333300
2024-08-09,Flinders View,18.600000000000000
2024-08-09,Lytton,7.691666666666670
2024-08-09,Mountain Creek,8.483333333333330
2024-08-09,Mutdapilly,22.458333333333300
2024-08-09,Nambour,8.237500000000000
2024-08-09,North Maclean,18.870833333333300
2024-08-09,Parkwood,14.266666666666700
2024-08-09,Rangeville,4.6625000000000000
2024-08-09,Rocklea,14.533333333333300
2024-08-09,Roma,8.550000000000000
2024-08-09,South Brisbane,16.983333333333300
2024-08-09,South Gladstone,6.891666666666670
2024-08-09,Southport,13.595833333333300
2024-08-09,Springwood,15.329166666666700
2024-08-09,Toowoomba,13.454166666666700
2024-08-09,Woolloongabba,14.612500000000000
2024-08-09,Wynnum North,7.633333333333330
2024-08-09,Wynnum West,7.0625
2024-08-10,Brisbane City,11.320833333333300
2024-08-10,Cannon Hill,9.663636363636360
2024-08-10,Charleville,2.775
2024-08-10,Coomera,13.7875
2024-08-10,Deagon,9.241666666666670
2024-08-10,Deception Bay,8.65
2024-08-10,Flinders View,16.225000000000000
2024-08-10,Lytton,6.066666666666670
2024-08-10,Mountain Creek,7.233333333333330
2024-08-10,Mutdapilly,24.042857142857100
2024-08-10,Nambour,6.158333333333330
2024-08-10,North Maclean,23.004166666666700
2024-08-10,Parkwood,11.979166666666700
2024-08-10,Raceview,16.572727272727300
2024-08-10,Rangeville,3.029166666666670
2024-08-10,Rocklea,12.550000000000000
2024-08-10,Roma,4.316666666666670
2024-08-10,South Brisbane,10.679166666666700
2024-08-10,South Gladstone,7.4125000000000000
2024-08-10,Southport,10.945833333333300
2024-08-10,Springwood,11.229166666666700
2024-08-10,Toowoomba,9.020833333333330
2024-08-10,Woolloongabba,9.862500000000000
2024-08-10,Wynnum North,4.2750000000000000
2024-08-10,Wynnum West,4.470833333333330
2024-08-11,Brisbane City,16.033333333333300
2024-08-11,Cannon Hill,11.804166666666700
2024-08-11,Charleville,2.858333333333330
2024-08-11,Coomera,12.9125
2024-08-11,Deagon,11.945833333333300
2024-08-11,Deception Bay,11.383333333333300
2024-08-11,Flinders View,17.091666666666700
2024-08-11,Lytton,7.066666666666670
2024-08-11,Mountain Creek,8.975
2024-08-11,Mutdapilly,15.266666666666700
2024-08-11,Nambour,11.15
2024-08-11,North Maclean,15.020833333333300
2024-08-11,Parkwood,13.025
2024-08-11,Raceview,18.970833333333300
2024-08-11,Rangeville,3.0625
2024-08-11,Rocklea,13.487500000000000
2024-08-11,Roma,9.200000000000000
2024-08-11,South Brisbane,13.362500000000000
2024-08-11,South Gladstone,7.379166666666670
2024-08-11,Southport,11.279166666666700
2024-08-11,Springwood,12.762500000000000
2024-08-11,Toowoomba,14.566666666666700
2024-08-11,Woolloongabba,11.941666666666700
2024-08-11,Wynnum North,8.695833333333330
2024-08-11,Wynnum West,6.354166666666670
2024-08-12,Brisbane City,6.183333333333330
2024-08-12,Cannon Hill,5.033333333333330
2024-08-12,Charleville,2.033333333333330
2024-08-12,Coomera,5.316666666666670
2024-08-12,Deagon,5.391666666666670
2024-08-12,Deception Bay,5.554166666666670
2024-08-12,Flinders View,4.916666666666670
2024-08-12,Lytton,3.8157894736842100
2024-08-12,Mountain Creek,5.366666666666670
2024-08-12,Mutdapilly,5.069565217391300
2024-08-12,Nambour,4.254166666666670
2024-08-12,North Maclean,5.370833333333330
2024-08-12,Parkwood,3.6666666666666700
2024-08-12,Raceview,6.604166666666670
2024-08-12,Rangeville,2.470833333333330
2024-08-12,Rocklea,6.141666666666670
2024-08-12,Roma,8.195833333333340
2024-08-12,South Brisbane,5.504166666666670
2024-08-12,South Gladstone,3.483333333333330
2024-08-12,Southport,5.1000000000000000
2024-08-12,Springwood,5.279166666666670
2024-08-12,Toowoomba,4.729166666666670
2024-08-12,Woolloongabba,4.575
2024-08-12,Wynnum North,3.0208333333333300
2024-08-12,Wynnum West,2.9272727272727300
2024-09-01,Brisbane City,5.895833333333330
2024-09-01,Cannon Hill,6.05
2024-09-01,Charleville,2.0083333333333300
2024-09-01,Coomera,5.354166666666670
2024-09-01,Deagon,5.6125
2024-09-01,Deception Bay,5.8875
2024-09-01,Flinders View,4.683333333333330
2024-09-01,Lytton,2.983333333333330
2024-09-01,Mountain Creek,6.283333333333330
2024-09-01,Mutdapilly,4.6000000000000000
2024-09-01,Nambour,6.25
2024-09-01,North Maclean,4.214285714285710
2024-09-01,Parkwood,5.05
2024-09-01,Rangeville,2.120833333333330
2024-09-01,Rocklea,4.3125
2024-09-01,Roma,4.1500000000000000
2024-09-01,South Brisbane,6.0125
2024-09-01,South Gladstone,5.143478260869570
2024-09-01,Southport,5.891666666666670
2024-09-01,Springwood,5.541666666666670
2024-09-01,Toowoomba,4.570833333333330
2024-09-01,Woolloongabba,5.520833333333330
2024-09-01,Wynnum North,1.9041666666666700
2024-09-01,Wynnum West,2.2666666666666700
2024-09-02,Brisbane City,2.5791666666666700
2024-09-02,Cannon Hill,2.5625
2024-09-02,Charleville,2.0
2024-09-02,Coomera,1.925
2024-09-02,Deagon,2.6125000000000000
2024-09-02,Deception Bay,2.6791666666666700
2024-09-02,Flinders View,2.1708333333333300
2024-09-02,Lytton,1.4333333333333300
2024-09-02,Mountain Creek,3.954166666666670
2024-09-02,Mutdapilly,2.1666666666666700
2024-09-02,Nambour,4.05
2024-09-02,North Maclean,1.7208333333333300
2024-09-02,Parkwood,1.6791666666666700
2024-09-02,Rangeville,2.0083333333333300
2024-09-02,Rocklea,2.2666666666666700
2024-09-02,Roma,3.7291666666666700
2024-09-02,South Brisbane,3.2291666666666700
2024-09-02,South Gladstone,7.770833333333330
2024-09-02,Southport,2.0416666666666700
2024-09-02,Springwood,2.279166666666670
2024-09-02,Toowoomba,1.9583333333333300
2024-09-02,Woolloongabba,2.6666666666666700
2024-09-02,Wynnum North,0.8875000000000000
2024-09-02,Wynnum West,0.8391304347826090
2024-09-03,Brisbane City,5.5875000000000000
2024-09-03,Cannon Hill,5.554166666666670
2024-09-03,Charleville,2.0
2024-09-03,Coomera,6.0250000000000000
2024-09-03,Deagon,5.745833333333330
2024-09-03,Deception Bay,6.195833333333330
2024-09-03,Flinders View,4.825
2024-09-03,Lytton,4.629166666666670
2024-09-03,Mountain Creek,7.433333333333330
2024-09-03,Mutdapilly,5.729166666666670
2024-09-03,Nambour,6.1125
2024-09-03,North Maclean,4.458333333333330
2024-09-03,Parkwood,5.2875000000000000
2024-09-03,Rangeville,2.1458333333333300
2024-09-03,Rocklea,3.3250000000000000
2024-09-03,Roma,4.3500000000000000
2024-09-03,South Brisbane,5.7750000000000000
2024-09-03,South Gladstone,5.608333333333330
2024-09-03,Southport,6.75
2024-09-03,Springwood,5.720833333333330
2024-09-03,Toowoomba,4.404166666666670
2024-09-03,Woolloongabba,4.958333333333330
2024-09-03,Wynnum North,1.9000000000000000
2024-09-03,Wynnum West,2.095833333333330
2024-09-04,Brisbane City,5.3
2024-09-04,Cannon Hill,5.3375000000000000
2024-09-04,Charleville,2.004166666666670
2024-09-04,Coomera,5.316666666666670
2024-09-04,Deagon,5.1125
2024-09-04,Deception Bay,5.0250000000000000
2024-09-04,Flinders View,5.220833333333330
2024-09-04,Lytton,2.858333333333330
2024-09-04,Mountain Creek,4.504166666666670
2024-09-04,Mutdapilly,5.7
2024-09-04,Nambour,4.445833333333330
2024-09-04,North Maclean,4.4
2024-09-04,Parkwood,4.258333333333330
2024-09-04,Rangeville,2.2416666666666700
2024-09-04,Rocklea,6.441666666666670
2024-09-04,Roma,3.7875
2024-09-04,South Brisbane,6.129166666666670
2024-09-04,South Gladstone,4.058333333333330
2024-09-04,Southport,5.329166666666670
2024-09-04,Springwood,5.075
2024-09-04,Toowoomba,4.658333333333330
2024-09-04,Woolloongabba,5.204166666666670
2024-09-04,Wynnum North,2.9791666666666700
2024-09-04,Wynnum West,2.8666666666666700
2024-09-05,Brisbane City,4.054166666666670
2024-09-05,Cannon Hill,4.0
2024-09-05,Charleville,2.0125000000000000
2024-09-05,Coomera,4.3625
2024-09-05,Deagon,4.266666666666670
2024-09-05,Deception Bay,4.325
2024-09-05,Flinders View,3.404166666666670
2024-09-05,Lytton,2.733333333333330
2024-09-05,Mountain Creek,5.141666666666670
2024-09-05,Mutdapilly,3.170833333333330
2024-09-05,Nambour,5.6375
2024-09-05,North Maclean,3.2416666666666700
2024-09-05,Parkwood,3.4500000000000000
2024-09-05,Rangeville,2.0125000000000000
2024-09-05,Rocklea,3.0666666666666700
2024-09-05,Roma,3.2125
2024-09-05,South Brisbane,4.616666666666670
2024-09-05,South Gladstone,4.891666666666670
2024-09-05,Southport,4.5625
2024-09-05,Springwood,3.845833333333330
2024-09-05,Toowoomba,3.275
2024-09-05,Woolloongabba,3.970833333333330
2024-09-05,Wynnum North,1.3416666666666700
2024-09-05,Wynnum West,1.3958333333333300
2024-09-06,Cannon Hill,5.145833333333330
2024-09-06,Charleville,2.025
2024-09-06,Coomera,10.491666666666700
2024-09-06,Deagon,3.4916666666666700
2024-09-06,Deception Bay,5.595833333333330
2024-09-06,Flinders View,7.545833333333330
2024-09-06,Lytton,2.3541666666666700
2024-09-06,Mountain Creek,7.95
2024-09-06,Mutdapilly,3.1125000000000000
2024-09-06,Nambour,3.733333333333330
2024-09-06,North Maclean,13.054166666666700
2024-09-06,Parkwood,6.2375
2024-09-06,Rangeville,2.033333333333330
2024-09-06,Rocklea,2.566666666666670
2024-09-06,Roma,3.8041666666666700
2024-09-06,South Brisbane,4.1125
2024-09-06,South Gladstone,3.7625000000000000
2024-09-06,Southport,4.408333333333330
2024-09-06,Springwood,4.254166666666670
2024-09-06,Toowoomba,3.3166666666666700
2024-09-06,Woolloongabba,3.0833333333333300
2024-09-06,Wynnum North,2.066666666666670
2024-09-06,Wynnum West,1.9208333333333300
2024-09-07,Brisbane City,7.183333333333330
2024-09-07,Cannon Hill,6.508333333333330
2024-09-07,Charleville,2.0
2024-09-07,Coomera,4.533333333333330
2024-09-07,Deagon,4.833333333333330
2024-09-07,Deception Bay,4.1500000000000000
2024-09-07,Flinders View,6.041666666666670
2024-09-07,Lytton,4.558333333333330
2024-09-07,Mountain Creek,3.8375
2024-09-07,Mutdapilly,3.9916666666666700
2024-09-07,Nambour,3.5500000000000000
2024-09-07,North Maclean,6.979166666666670
2024-09-07,Parkwood,3.6916666666666700
2024-09-07,Rangeville,2.0750000000000000
2024-09-07,Rocklea,7.158333333333330
2024-09-07,Roma,2.433333333333330
2024-09-07,South Brisbane,8.487500000000000
2024-09-07,South Gladstone,4.9125000000000000
2024-09-07,Southport,4.1500000000000000
2024-09-07,Springwood,6.433333333333330
2024-09-07,Toowoomba,6.654166666666670
2024-09-07,Woolloongabba,6.281818181818180
2024-09-07,Wynnum North,3.4458333333333300
2024-09-07,Wynnum West,3.2916666666666700
2024-09-08,Brisbane City,6.895833333333330
2024-09-08,Cannon Hill,8.304166666666670
2024-09-08,Charleville,2.026086956521740
2024-09-08,Coomera,6.158333333333330
2024-09-08,Deagon,6.341666666666670
2024-09-08,Deception Bay,5.970833333333330
2024-09-08,Flinders View,7.7
2024-09-08,Lytton,5.754166666666670
2024-09-08,Mountain Creek,5.191666666666670
2024-09-08,Mutdapilly,9.191666666666670
2024-09-08,Nambour,4.566666666666670
2024-09-08,North Maclean,9.9125
2024-09-08,Parkwood,4.325
2024-09-08,Rangeville,2.0625
2024-09-08,Rocklea,7.695833333333330
2024-09-08,Roma,4.1000000000000000
2024-09-08,South Brisbane,7.858333333333330
2024-09-08,South Gladstone,5.7
2024-09-08,Southport,5.441666666666670
2024-09-08,Springwood,8.541666666666670
2024-09-08,Toowoomba,5.833333333333330
2024-09-08,Woolloongabba,6.125
2024-09-08,Wynnum North,4.625
2024-09-08,Wynnum West,4.483333333333330
2024-09-09,Brisbane City,19.470833333333300
2024-09-09,Cannon Hill,16.483333333333300
2024-09-09,Charleville,2.0083333333333300
2024-09-09,Coomera,20.729166666666700
2024-09-09,Deagon,12.725
2024-09-09,Deception Bay,12.083333333333300
2024-09-09,Flinders View,22.366666666666700
2024-09-09,Lytton,9.333333333333330
2024-09-09,Mountain Creek,8.016666666666670
2024-09-09,Mutdapilly,34.625
2024-09-09,Nambour,9.391666666666670
2024-09-09,North Maclean,31.21666666666670
2024-09-09,Parkwood,20.875
2024-09-09,Rangeville,4.4375
2024-09-09,Rocklea,17.520833333333300
2024-09-09,Roma,5.0625
2024-09-09,South Brisbane,18.129166666666700
2024-09-09,South Gladstone,6.4375
2024-09-09,Southport,18.82916666666670
2024-09-09,Springwood,20.587500000000000
2024-09-09,Toowoomba,13.116666666666700
2024-09-09,Woolloongabba,17.079166666666700
2024-09-09,Wynnum North,8.241666666666670
2024-09-09,Wynnum West,8.145833333333330
2024-09-10,Brisbane City,8.800000000000000
2024-09-10,Cannon Hill,8.308333333333330
2024-09-10,Charleville,2.15
2024-09-10,Coomera,8.9125
2024-09-10,Deagon,8.341666666666670
2024-09-10,Deception Bay,8.5375
2024-09-10,Flinders View,7.279166666666670
2024-09-10,Lytton,8.654545454545450
2024-09-10,Mountain Creek,6.2250000000000000
2024-09-10,Mutdapilly,5.908333333333330
2024-09-10,Nambour,6.808333333333330
2024-09-10,North Maclean,7.8500000000000000
2024-09-10,Parkwood,7.758333333333330
2024-09-10,Raceview,8.0625
2024-09-10,Rangeville,2.2291666666666700
2024-09-10,Rocklea,5.945833333333330
2024-09-10,Roma,6.708333333333330
2024-09-10,South Brisbane,8.491666666666670
2024-09-10,South Gladstone,6.965217391304350
2024-09-10,Southport,9.029166666666670
2024-09-10,Springwood,9.2875
2024-09-10,Toowoomba,6.233333333333330
2024-09-10,Woolloongabba,7.358333333333330
2024-09-10,Wynnum North,2.404166666666670
2024-09-10,Wynnum West,2.975
2024-09-11,Brisbane City,11.233333333333300
2024-09-11,Cannon Hill,9.683333333333330
2024-09-11,Charleville,2.6166666666666700
2024-09-11,Coomera,8.941666666666670
2024-09-11,Deagon,9.741666666666670
2024-09-11,Deception Bay,9.845833333333330
2024-09-11,Flinders View,9.645833333333330
2024-09-11,Lytton,6.672222222222220
2024-09-11,Mountain Creek,11.279166666666700
2024-09-11,Mutdapilly,9.6875
2024-09-11,Nambour,11.645833333333300
2024-09-11,North Maclean,12.129166666666700
2024-09-11,Parkwood,4.0125
2024-09-11,Raceview,10.9375
2024-09-11,Rangeville,3.470833333333330
2024-09-11,Rocklea,8.85
2024-09-11,Roma,12.383333333333300
2024-09-11,South Brisbane,10.216666666666700
2024-09-11,South Gladstone,6.075
2024-09-11,Southport,7.795833333333330
2024-09-11,Springwood,10.0875
2024-09-11,Toowoomba,11.887500000000000
2024-09-11,Woolloongabba,9.133333333333330
2024-09-11,Wynnum North,4.670833333333330
2024-09-11,Wynnum West,5.008333333333330
2024-09-12,Brisbane City,7.004166666666670
2024-09-12,Cannon Hill,5.883333333333330
2024-09-12,Charleville,2.0416666666666700
2024-09-12,Coomera,7.8
2024-09-12,Deagon,6.495833333333330
2024-09-12,Deception Bay,6.262500000000000
2024-09-12,Flinders View,6.583333333333330
2024-09-12,Lytton,6.179166666666670
2024-09-12,Mountain Creek,4.291666666666670
2024-09-12,Mutdapilly,6.908333333333330
2024-09-12,Nambour,4.541666666666670
2024-09-12,North Maclean,7.4125000000000000
2024-09-12,Parkwood,5.045833333333330
2024-09-12,Raceview,8.983333333333330
2024-09-12,Rangeville,2.1791666666666700
2024-09-12,Rocklea,6.852631578947370
2024-09-12,Roma,6.583333333333330
2024-09-12,South Brisbane,6.4625000000000000
2024-09-12,South Gladstone,3.5625
2024-09-12,Southport,7.320833333333330
2024-09-12,Springwood,7.075
2024-09-12,Toowoomba,7.0
2024-09-12,Woolloongabba,5.516666666666670
2024-09-12,Wynnum North,3.7913043478260900
2024-09-12,Wynnum West,3.0043478260869600
2024-10-01,Brisbane City,6.116666666666670
2024-10-01,Cannon Hill,6.1375
2024-10-01,Charleville,2.004166666666670
2024-10-01,Coomera,4.908333333333330
2024-10-01,Deagon,5.420833333333330
2024-10-01,Deception Bay,4.991666666666670
2024-10-01,Flinders View,5.495833333333330
2024-10-01,Lytton,1.817391304347830
2024-10-01,Mountain Creek,4.929166666666670
2024-10-01,Mutdapilly,5.454166666666670
2024-10-01,Nambour,5.133333333333330
2024-10-01,North Maclean,4.120833333333330
2024-10-01,Parkwood,3.7583333333333300
2024-10-01,Rangeville,2.8083333333333300
2024-10-01,Rocklea,7.604166666666670
2024-10-01,Roma,7.854166666666670
2024-10-01,South Brisbane,6.445833333333330
2024-10-01,South Gladstone,5.620833333333330
2024-10-01,Southport,4.545833333333330
2024-10-01,Springwood,4.9875
2024-10-01,Toowoomba,5.8125
2024-10-01,Woolloongabba,5.729166666666670
2024-10-01,Wynnum North,1.5083333333333300
2024-10-01,Wynnum West,1.7541666666666700
2024-10-02,Brisbane City,2.9583333333333300
2024-10-02,Cannon Hill,2.8208333333333300
2024-10-02,Charleville,2.1666666666666700
2024-10-02,Coomera,2.775
2024-10-02,Deagon,2.7583333333333300
2024-10-02,Deception Bay,2.8000000000000000
2024-10-02,Flinders View,3.233333333333330
2024-10-02,Lytton,1.4166666666666700
2024-10-02,Mountain Creek,3.3166666666666700
2024-10-02,Mutdapilly,3.5869565217391300
2024-10-02,Nambour,3.0875
2024-10-02,North Maclean,2.845833333333330
2024-10-02,Parkwood,2.625
2024-10-02,Rangeville,2.0708333333333300
2024-10-02,Rocklea,2.475
2024-10-02,Roma,3.045833333333330
2024-10-02,South Brisbane,3.295833333333330
2024-10-02,South Gladstone,6.491666666666670
2024-10-02,Southport,3.345833333333330
2024-10-02,Springwood,2.529166666666670
2024-10-02,Toowoomba,2.875
2024-10-02,Woolloongabba,2.7916666666666700
2024-10-02,Wynnum North,0.7916666666666670
2024-10-02,Wynnum West,0.8833333333333330
2024-10-03,Brisbane City,7.270833333333330
2024-10-03,Cannon Hill,7.108333333333330
2024-10-03,Charleville,2.0125000000000000
2024-10-03,Coomera,7.620833333333330
2024-10-03,Deagon,7.354166666666670
2024-10-03,Deception Bay,7.829166666666670
2024-10-03,Flinders View,6.104166666666670
2024-10-03,Lytton,4.466666666666670
2024-10-03,Mountain Creek,8.9
2024-10-03,Mutdapilly,6.720833333333330
2024-10-03,Nambour,7.070833333333330
2024-10-03,North Maclean,5.5375000000000000
2024-10-03,Parkwood,7.029166666666670
2024-10-03,Rangeville,2.3000000000000000
2024-10-03,Rocklea,4.704166666666670
2024-10-03,Roma,5.791666666666670
2024-10-03,South Brisbane,7.308333333333330
2024-10-03,South Gladstone,6.9875
2024-10-03,Southport,8.345833333333330
2024-10-03,Springwood,7.820833333333330
2024-10-03,Toowoomba,5.054166666666670
2024-10-03,Woolloongabba,6.270833333333330
2024-10-03,Wynnum North,2.3875000000000000
2024-10-03,Wynnum West,2.275
2024-10-04,Brisbane City,3.283333333333330
2024-10-04,Cannon Hill,3.608333333333330
2024-10-04,Charleville,2.034782608695650
2024-10-04,Coomera,3.1833333333333300
2024-10-04,Deagon,2.9791666666666700
2024-10-04,Deception Bay,3.033333333333330
2024-10-04,Flinders View,3.108333333333330
2024-10-04,Lytton,3.3375000000000000
2024-10-04,Mountain Creek,2.975
2024-10-04,Mutdapilly,3.404166666666670
2024-10-04,Nambour,2.591666666666670
2024-10-04,North Maclean,3.290909090909090
2024-10-04,Parkwood,2.8708333333333300
2024-10-04,Rangeville,2.5166666666666700
2024-10-04,Rocklea,3.4500000000000000
2024-10-04,Roma,2.920833333333330
2024-10-04,South Brisbane,3.8791666666666700
2024-10-04,South Gladstone,4.158333333333330
2024-10-04,Southport,3.4875000000000000
2024-10-04,Springwood,3.529166666666670
2024-10-04,Toowoomba,2.966666666666670
2024-10-04,Woolloongabba,3.5375
2024-10-04,Wynnum North,2.370833333333330
2024-10-04,Wynnum West,1.981818181818180
2024-10-05,Brisbane City,4.5625
2024-10-05,Cannon Hill,4.041666666666670
2024-10-05,Charleville,2.0416666666666700
2024-10-05,Coomera,3.733333333333330
2024-10-05,Deagon,4.316666666666670
2024-10-05,Deception Bay,4.291666666666670
2024-10-05,Flinders View,4.5625
2024-10-05,Lytton,2.7416666666666700
2024-10-05,Mountain Creek,4.379166666666670
2024-10-05,Mutdapilly,3.8666666666666700
2024-10-05,Nambour,4.408333333333330
2024-10-05,North Maclean,3.9791666666666700
2024-10-05,Parkwood,3.0750000000000000
2024-10-05,Rangeville,2.1166666666666700
2024-10-05,Rocklea,3.5041666666666700
2024-10-05,Roma,3.5583333333333300
2024-10-05,South Brisbane,5.366666666666670
2024-10-05,South Gladstone,5.529166666666670
2024-10-05,Southport,3.970833333333330
2024-10-05,Springwood,4.1500000000000000
2024-10-05,Toowoomba,3.658333333333330
2024-10-05,Woolloongabba,4.675
2024-10-05,Wynnum North,1.1833333333333300
2024-10-05,Wynnum West,1.5
2024-10-06,Cannon Hill,4.754166666666670
2024-10-06,Charleville,2.033333333333330
2024-10-06,Coomera,17.1375
2024-10-06,Deagon,6.641666666666670
2024-10-06,Deception Bay,5.329166666666670
2024-10-06,Flinders View,5.583333333333330
2024-10-06,Lytton,5.516666666666670
2024-10-06,Mountain Creek,6.508333333333330
2024-10-06,Mutdapilly,5.220833333333330
2024-10-06,Nambour,3.841666666666670
2024-10-06,North Maclean,13.545833333333300
2024-10-06,Parkwood,3.6333333333333300
2024-10-06,Rangeville,2.0208333333333300
2024-10-06,Rocklea,6.319047619047620
2024-10-06,Roma,4.265217391304350
2024-10-06,South Brisbane,5.879166666666670
2024-10-06,South Gladstone,3.9333333333333300
2024-10-06,Southport,4.1875
2024-10-06,Springwood,4.9875
2024-10-06,Toowoomba,4.766666666666670
2024-10-06,Woolloongabba,5.029166666666670
2024-10-06,Wynnum North,3.345833333333330
2024-10-06,Wynnum West,3.2625000000000000
2024-10-07,Brisbane City,7.558333333333330
2024-10-07,Cannon Hill,7.279166666666670
2024-10-07,Charleville,2.0125000000000000
2024-10-07,Coomera,5.5
2024-10-07,Deagon,6.695652173913040
2024-10-07,Deception Bay,6.679166666666670
2024-10-07,Flinders View,6.575
2024-10-07,Lytton,5.354166666666670
2024-10-07,Mountain Creek,5.2
2024-10-07,Mutdapilly,4.214285714285710
2024-10-07,Nambour,4.125
2024-10-07,North Maclean,7.858333333333330
2024-10-07,Parkwood,4.054166666666670
2024-10-07,Rangeville,2.0294117647058800
2024-10-07,Rocklea,7.416666666666670
2024-10-07,Roma,2.3125
2024-10-07,South Brisbane,8.683333333333330
2024-10-07,South Gladstone,4.354166666666670
2024-10-07,Southport,5.270833333333330
2024-10-07,Springwood,6.55
2024-10-07,Toowoomba,5.329166666666670
2024-10-07,Woolloongabba,7.320833333333330
2024-10-07,Wynnum North,3.4625
2024-10-07,Wynnum West,3.4875000000000000
2024-10-08,Brisbane City,6.6125
2024-10-08,Cannon Hill,6.866666666666670
2024-10-08,Charleville,2.0458333333333300
2024-10-08,Coomera,5.179166666666670
2024-10-08,Deagon,6.175
2024-10-08,Deception Bay,6.079166666666670
2024-10-08,Flinders View,7.220833333333330
2024-10-08,Lytton,4.195833333333330
2024-10-08,Mountain Creek,5.883333333333330
2024-10-08,Mutdapilly,10.717391304347800
2024-10-08,Nambour,5.233333333333330
2024-10-08,North Maclean,11.237500000000000
2024-10-08,Parkwood,4.020833333333330
2024-10-08,Rangeville,2.0625
2024-10-08,Rocklea,7.1875
2024-10-08,Roma,4.466666666666670
2024-10-08,South Brisbane,7.3875
2024-10-08,South Gladstone,4.9750000000000000
2024-10-08,Southport,5.258333333333330
2024-10-08,Springwood,6.7750000000000000
2024-10-08,Toowoomba,6.0625
2024-10-08,Woolloongabba,6.2125000000000000
2024-10-08,Wynnum North,2.725
2024-10-08,Wynnum West,3.275
2024-10-09,Brisbane City,11.7875
2024-10-09,Cannon Hill,10.25
2024-10-09,Charleville,2.1285714285714300
2024-10-09,Coomera,10.520833333333300
2024-10-09,Deagon,10.995833333333300
2024-10-09,Deception Bay,10.300000000000000
2024-10-09,Flinders View,15.954166666666700
2024-10-09,Lytton,6.9375
2024-10-09,Mountain Creek,6.733333333333330
2024-10-09,Mutdapilly,20.883333333333300
2024-10-09,Nambour,8.4125
2024-10-09,North Maclean,18.608333333333300
2024-10-09,Parkwood,9.5
2024-10-09,Rangeville,4.970833333333330
2024-10-09,Rocklea,10.570833333333300
2024-10-09,Roma,5.491666666666670
2024-10-09,South Brisbane,11.104166666666700
2024-10-09,South Gladstone,6.058333333333330
2024-10-09,Southport,8.770833333333330
2024-10-09,Springwood,9.887500000000000
2024-10-09,Toowoomba,16.445833333333300
2024-10-09,Woolloongabba,10.758333333333300
2024-10-09,Wynnum North,5.786363636363640
2024-10-09,Wynnum West,5.4875
2024-10-10,Brisbane City,5.766666666666670
2024-10-10,Cannon Hill,5.270833333333330
2024-10-10,Charleville,2.220833333333330
2024-10-10,Coomera,6.3625
2024-10-10,Deagon,5.425
2024-10-10,Deception Bay,5.558333333333330
2024-10-10,Flinders View,4.545833333333330
2024-10-10,Lytton,2.625
2024-10-10,Mountain Creek,5.9750000000000000
2024-10-10,Mutdapilly,3.904166666666670
2024-10-10,Nambour,5.121739130434780
2024-10-10,North Maclean,4.516666666666670
2024-10-10,Parkwood,5.2125
2024-10-10,Raceview,4.643478260869570
2024-10-10,Rangeville,2.0208333333333300
2024-10-10,Rocklea,3.8666666666666700
2024-10-10,Roma,7.741666666666670
2024-10-10,South Brisbane,5.558333333333330
2024-10-10,South Gladstone,4.4000000000000000
2024-10-10,Southport,6.729166666666670
2024-10-10,Springwood,5.658333333333330
2024-10-10,Toowoomba,3.4958333333333300
2024-10-10,Woolloongabba,4.616666666666670
2024-10-10,Wynnum North,1.5434782608695700
2024-10-10,Wynnum West,1.9166666666666700
2024-10-11,Brisbane City,10.204166666666700
2024-10-11,Cannon Hill,8.733333333333330
2024-10-11,Charleville,2.217391304347830
2024-10-11,Coomera,8.512500000000000
2024-10-11,Deagon,8.45217391304348
2024-10-11,Deception Bay,8.75
2024-10-11,Flinders View,8.804166666666670
2024-10-11,Lytton,5.179166666666670
2024-10-11,Mountain Creek,8.550000000000000
2024-10-11,Mutdapilly,9.476190476190480
2024-10-11,Nambour,8.041666666666670
2024-10-11,North Maclean,9.408333333333330
2024-10-11,Parkwood,3.4625
2024-10-11,Raceview,9.670833333333330
2024-10-11,Rangeville,2.7875
2024-10-11,Rocklea,8.070833333333330
2024-10-11,Roma,7.365
2024-10-11,South Brisbane,9.541666666666670
2024-10-11,South Gladstone,5.2
2024-10-11,Southport,7.55
2024-10-11,Springwood,9.758333333333330
2024-10-11,Toowoomba,10.329166666666700
2024-10-11,Woolloongabba,8.470833333333330
2024-10-11,Wynnum North,3.5
2024-10-11,Wynnum West,4.05
2024-10-12,Brisbane City,4.6375
2024-10-12,Cannon Hill,3.8958333333333300
2024-10-12,Charleville,2.0083333333333300
2024-10-12,Coomera,4.616666666666670
2024-10-12,Deagon,4.075
2024-10-12,Deception Bay,4.520833333333330
2024-10-12,Flinders View,3.8666666666666700
2024-10-12,Lytton,2.1041666666666700
2024-10-12,Mountain Creek,4.0375000000000000
2024-10-12,Mutdapilly,4.070833333333330
2024-10-12,Nambour,3.779166666666670
2024-10-12,North Maclean,4.3375000000000000
2024-10-12,Parkwood,3.1041666666666700
2024-10-12,Raceview,5.7750000000000000
2024-10-12,Rangeville,2.0458333333333300
2024-10-12,Rocklea,4.741666666666670
2024-10-12,Roma,4.041666666666670
2024-10-12,South Brisbane,4.5826086956521700
2024-10-12,South Gladstone,3.783333333333330
2024-10-12,Southport,3.983333333333330
2024-10-12,Springwood,4.504166666666670
2024-10-12,Toowoomba,3.158333333333330
2024-10-12,Woolloongabba,3.845833333333330
2024-10-12,Wynnum North,1.8875
2024-10-12,Wynnum West,1.2666666666666700
2024-11-01,Brisbane City,6.283333333333330
2024-11-01,Cannon Hill,6.245833333333330
2024-11-01,Charleville,2.004166666666670
2024-11-01,Coomera,6.3375000000000000
2024-11-01,Deagon,6.095833333333330
2024-11-01,Deception Bay,5.9875
2024-11-01,Flinders View,5.425
2024-11-01,Lytton,2.2666666666666700
2024-11-01,Mountain Creek,6.254166666666670
2024-11-01,Mutdapilly,5.783333333333330
2024-11-01,Nambour,5.979166666666670
2024-11-01,North Maclean,4.8625
2024-11-01,Parkwood,5.719047619047620
2024-11-01,Rangeville,2.4833333333333300
2024-11-01,Rocklea,4.158333333333330
2024-11-01,Roma,5.216666666666670
2024-11-01,South Brisbane,6.6125
2024-11-01,South Gladstone,7.116666666666670
2024-11-01,Southport,6.341666666666670
2024-11-01,Springwood,5.8500000000000000
2024-11-01,Toowoomba,4.941666666666670
2024-11-01,Woolloongabba,5.8
2024-11-01,Wynnum North,1.4791666666666700
2024-11-01,Wynnum West,1.7625
2024-11-02,Brisbane City,5.6500000000000000
2024-11-02,Cannon Hill,5.879166666666670
2024-11-02,Charleville,2.0
2024-11-02,Coomera,5.945833333333330
2024-11-02,Deagon,5.7375
2024-11-02,Deception Bay,6.0
2024-11-02,Flinders View,4.945833333333330
2024-11-02,Lytton,2.7583333333333300
2024-11-02,Mountain Creek,6.1000000000000000
2024-11-02,Mutdapilly,4.8375000000000000
2024-11-02,Nambour,5.6000000000000000
2024-11-02,North Maclean,4.4875
2024-11-02,Parkwood,5.445833333333330
2024-11-02,Rangeville,2.1416666666666700
2024-11-02,Rocklea,4.879166666666670
2024-11-02,Roma,4.120833333333330
2024-11-02,South Brisbane,5.854166666666670
2024-11-02,South Gladstone,5.854166666666670
2024-11-02,Southport,6.691666666666670
2024-11-02,Springwood,5.679166666666670
2024-11-02,Toowoomba,4.2875000000000000
2024-11-02,Woolloongabba,4.9375
2024-11-02,Wynnum North,1.9782608695652200
2024-11-02,Wynnum West,2.1095238095238100
2024-11-03,Brisbane City,7.45
2024-11-03,Cannon Hill,7.270833333333330
2024-11-03,Charleville,2.004166666666670
2024-11-03,Coomera,8.354166666666670
2024-11-03,Deagon,7.570833333333330
2024-11-03,Deception Bay,8.4
2024-11-03,Flinders View,5.754545454545460
2024-11-03,Lytton,4.620833333333330
2024-11-03,Mountain Creek,9.450000000000000
2024-11-03,Mutdapilly,6.1375
2024-11-03,Nambour,6.833333333333330
2024-11-03,North Maclean,6.266666666666670
2024-11-03,Parkwood,7.8875
2024-11-03,Rangeville,2.1666666666666700
2024-11-03,Rocklea,4.1875
2024-11-03,Roma,5.7375
2024-11-03,South Brisbane,7.666666666666670
2024-11-03,South Gladstone,8.170833333333330
2024-11-03,Southport,9.529166666666670
2024-11-03,Springwood,7.983333333333330
2024-11-03,Toowoomba,5.2125000000000000
2024-11-03,Woolloongabba,6.6375
2024-11-03,Wynnum North,2.095833333333330
2024-11-03,Wynnum West,1.9750000000000000
2024-11-04,Brisbane City,4.4000000000000000
2024-11-04,Cannon Hill,4.9625000000000000
2024-11-04,Charleville,2.0125000000000000
2024-11-04,Coomera,4.695833333333330
2024-11-04,Deagon,4.670833333333330
2024-11-04,Deception Bay,4.566666666666670
2024-11-04,Flinders View,4.029166666666670
2024-11-04,Lytton,5.220833333333330
2024-11-04,Mountain Creek,4.458333333333330
2024-11-04,Mutdapilly,5.141666666666670
2024-11-04,Nambour,4.470833333333330
2024-11-04,North Maclean,4.516666666666670
2024-11-04,Parkwood,3.7583333333333300
2024-11-04,Rangeville,2.004166666666670
2024-11-04,Rocklea,5.883333333333330
2024-11-04,Roma,5.8625
2024-11-04,South Brisbane,4.954166666666670
2024-11-04,South Gladstone,3.3791666666666700
2024-11-04,Southport,4.570833333333330
2024-11-04,Springwood,4.5875000000000000
2024-11-04,Toowoomba,3.5833333333333300
2024-11-04,Woolloongabba,5.0
2024-11-04,Wynnum North,2.920833333333330
2024-11-04,Wynnum West,2.670833333333330
2024-11-05,Brisbane City,3.25
2024-11-05,Cannon Hill,3.2291666666666700
2024-11-05,Charleville,2.0208333333333300
2024-11-05,Coomera,2.225
2024-11-05,Deagon,2.9625
2024-11-05,Deception Bay,3.079166666666670
2024-11-05,Flinders View,2.9291666666666700
2024-11-05,Lytton,1.4541666666666700
2024-11-05,Mountain Creek,4.25
2024-11-05,Mutdapilly,2.9166666666666700
2024-11-05,Nambour,3.7541666666666700
2024-11-05,North Maclean,3.2458333333333300
2024-11-05,Parkwood,1.7833333333333300
2024-11-05,Rangeville,2.0083333333333300
2024-11-05,Rocklea,2.9791666666666700
2024-11-05,Roma,2.5375
2024-11-05,South Brisbane,3.75
2024-11-05,South Gladstone,4.579166666666670
2024-11-05,Southport,2.3291666666666700
2024-11-05,Springwood,3.2416666666666700
2024-11-05,Toowoomba,3.8666666666666700
2024-11-05,Woolloongabba,3.141666666666670
2024-11-05,Wynnum North,0.8458333333333330
2024-11-05,Wynnum West,1.0541666666666700
2024-11-06,Cannon Hill,6.9750000000000000
2024-11-06,Charleville,2.1
2024-11-06,Coomera,10.0
2024-11-06,Deagon,6.383333333333330
2024-11-06,Deception Bay,6.504166666666670
2024-11-06,Flinders View,8.691666666666670
2024-11-06,Lytton,5.7125000000000000
2024-11-06,Mountain Creek,5.566666666666670
2024-11-06,Mutdapilly,5.6875
2024-11-06,Nambour,4.179166666666670
2024-11-06,North Maclean,12.9125
2024-11-06,Parkwood,4.7625
2024-11-06,Rangeville,2.245833333333330
2024-11-06,Rocklea,8.116666666666670
2024-11-06,Roma,5.745833333333330
2024-11-06,South Brisbane,6.795833333333330
2024-11-06,South Gladstone,4.866666666666670
2024-11-06,Southport,7.012500000000000
2024-11-06,Springwood,9.983333333333330
2024-11-06,Toowoomba,4.779166666666670
2024-11-06,Woolloongabba,6.629166666666670
2024-11-06,Wynnum North,4.2
2024-11-06,Wynnum West,3.933333333333330
2024-11-07,Brisbane City,4.604166666666670
2024-11-07,Cannon Hill,4.895833333333330
2024-11-07,Charleville,2.1791666666666700
2024-11-07,Coomera,4.3625
2024-11-07,Deagon,5.666666666666670
2024-11-07,Deception Bay,4.570833333333330
2024-11-07,Flinders View,5.045833333333330
2024-11-07,Lytton,3.7375000000000000
2024-11-07,Mountain Creek,4.804166666666670
2024-11-07,Mutdapilly,4.841666666666670
2024-11-07,Nambour,4.8875
2024-11-07,North Maclean,5.866666666666670
2024-11-07,Parkwood,3.779166666666670
2024-11-07,Rangeville,2.0
2024-11-07,Rocklea,6.120833333333330
2024-11-07,Roma,4.020833333333330
2024-11-07,South Brisbane,5.433333333333330
2024-11-07,South Gladstone,5.045833333333330
2024-11-07,Southport,4.191666666666670
2024-11-07,Springwood,5.495833333333330
2024-11-07,Toowoomba,4.854166666666670
2024-11-07,Woolloongabba,4.866666666666670
2024-11-07,Wynnum North,1.675
2024-11-07,Wynnum West,1.6583333333333300
2024-11-08,Brisbane City,4.566666666666670
2024-11-08,Cannon Hill,4.375
2024-11-08,Charleville,2.0083333333333300
2024-11-08,Coomera,3.2708333333333300
2024-11-08,Deagon,4.129166666666670
2024-11-08,Deception Bay,4.2625
2024-11-08,Flinders View,9.125
2024-11-08,Lytton,2.6375000000000000
2024-11-08,Mountain Creek,4.6375
2024-11-08,Mutdapilly,6.179166666666670
2024-11-08,Nambour,4.221739130434780
2024-11-08,North Maclean,5.491666666666670
2024-11-08,Parkwood,2.591666666666670
2024-11-08,Rangeville,2.129166666666670
2024-11-08,Rocklea,4.195833333333330
2024-11-08,Roma,4.495833333333330
2024-11-08,South Brisbane,4.833333333333330
2024-11-08,South Gladstone,5.941666666666670
2024-11-08,Southport,3.0500000000000000
2024-11-08,Springwood,5.466666666666670
2024-11-08,Toowoomba,5.95
2024-11-08,Woolloongabba,3.8833333333333300
2024-11-08,Wynnum North,1.6416666666666700
2024-11-08,Wynnum West,1.7666666666666700
2024-11-09,Brisbane City,7.9875
2024-11-09,Cannon Hill,6.979166666666670
2024-11-09,Charleville,2.1695652173913000
2024-11-09,Coomera,6.2750000000000000
2024-11-09,Deagon,7.145833333333330
2024-11-09,Deception Bay,7.370833333333330
2024-11-09,Flinders View,7.270833333333330
2024-11-09,Lytton,4.3125
2024-11-09,Mountain Creek,7.208333333333330
2024-11-09,Mutdapilly,8.279166666666670
2024-11-09,Nambour,7.129166666666670
2024-11-09,North Maclean,8.2875
2024-11-09,Parkwood,5.508333333333330
2024-11-09,Rangeville,2.1666666666666700
2024-11-09,Rocklea,8.816666666666670
2024-11-09,Roma,3.8833333333333300
2024-11-09,South Brisbane,7.716666666666670
2024-11-09,South Gladstone,6.329166666666670
2024-11-09,Southport,5.766666666666670
2024-11-09,Springwood,7.208333333333330
2024-11-09,Toowoomba,7.925
2024-11-09,Woolloongabba,6.433333333333330
2024-11-09,Wynnum North,2.845833333333330
2024-11-09,Wynnum West,3.0125000000000000
2024-11-10,Brisbane City,5.4375
2024-11-10,Cannon Hill,5.041666666666670
2024-11-10,Charleville,2.747826086956520
2024-11-10,Coomera,4.7375
2024-11-10,Deagon,5.008333333333330
2024-11-10,Deception Bay,5.0625
2024-11-10,Flinders View,5.1875
2024-11-10,Lytton,2.720833333333330
2024-11-10,Mountain Creek,5.1625000000000000
2024-11-10,Mutdapilly,4.233333333333330
2024-11-10,Nambour,4.429166666666670
2024-11-10,North Maclean,4.783333333333330
2024-11-10,Parkwood,3.783333333333330
2024-11-10,Raceview,5.4125000000000000
2024-11-10,Rangeville,2.004166666666670
2024-11-10,Rocklea,5.6000000000000000
2024-11-10,Roma,6.079166666666670
2024-11-10,South Brisbane,5.266666666666670
2024-11-10,South Gladstone,6.8500000000000000
2024-11-10,Southport,4.5375000000000000
2024-11-10,Springwood,4.825
2024-11-10,Toowoomba,4.5625
2024-11-10,Woolloongabba,4.425
2024-11-10,Wynnum North,1.5083333333333300
2024-11-10,Wynnum West,2.475
2024-11-11,Brisbane City,7.125
2024-11-11,Cannon Hill,6.478260869565220
2024-11-11,Charleville,2.025
2024-11-11,Coomera,6.108333333333330
2024-11-11,Deagon,6.283333333333330
2024-11-11,Deception Bay,6.366666666666670
2024-11-11,Flinders View,6.4750000000000000
2024-11-11,Lytton,3.654166666666670
2024-11-11,Mountain Creek,6.4875
2024-11-11,Mutdapilly,5.895652173913040
2024-11-11,Nambour,6.191666666666670
2024-11-11,North Maclean,6.508333333333330
2024-11-11,Parkwood,2.3291666666666700
2024-11-11,Raceview,7.366666666666670
2024-11-11,Rangeville,2.0375
2024-11-11,Rocklea,4.825
2024-11-11,Roma,2.658333333333330
2024-11-11,South Brisbane,6.708333333333330
2024-11-11,South Gladstone,5.9625000000000000
2024-11-11,Southport,5.575
2024-11-11,Springwood,6.620833333333330
2024-11-11,Toowoomba,6.095833333333330
2024-11-11,Woolloongabba,5.816666666666670
2024-11-11,Wynnum North,1.7875000000000000
2024-11-11,Wynnum West,2.0541666666666700
2024-11-12,Brisbane City,5.979166666666670
2024-11-12,Cannon Hill,5.120833333333330
2024-11-12,Charleville,2.004166666666670
2024-11-12,Coomera,5.695833333333330
2024-11-12,Deagon,5.358333333333330
2024-11-12,Deception Bay,5.583333333333330
2024-11-12,Flinders View,4.391666666666670
2024-11-12,Lytton,4.171428571428570
2024-11-12,Mountain Creek,4.666666666666670
2024-11-12,Mutdapilly,4.654166666666670
2024-11-12,Nambour,4.341666666666670
2024-11-12,North Maclean,4.579166666666670
2024-11-12,Parkwood,3.3541666666666700
2024-11-12,Raceview,5.954166666666670
2024-11-12,Rangeville,2.2041666666666700
2024-11-12,Rocklea,6.075
2024-11-12,Roma,5.3500000000000000
2024-11-12,South Brisbane,5.883333333333330
2024-11-12,South Gladstone,6.779166666666670
2024-11-12,Southport,5.391666666666670
2024-11-12,Springwood,5.625
2024-11-12,Toowoomba,3.0041666666666700
2024-11-12,Woolloongabba,4.958333333333330
2024-11-12,Wynnum North,2.370833333333330
2024-11-12,Wynnum West,4.675
2024-12-01,Brisbane City,7.233333333333330
2024-12-01,Cannon Hill,6.816666666666670
2024-12-01,Charleville,2.004166666666670
2024-12-01,Coomera,8.595833333333330
2024-12-01,Deagon,6.55
2024-12-01,Deception Bay,7.033333333333330
2024-12-01,Flinders View,5.633333333333330
2024-12-01,Lytton,5.120833333333330
2024-12-01,Mountain Creek,7.404166666666670
2024-12-01,Mutdapilly,6.05
2024-12-01,Nambour,6.1625000000000000
2024-12-01,North Maclean,5.3125
2024-12-01,Parkwood,8.016666666666670
2024-12-01,Rangeville,2.6333333333333300
2024-12-01,Rocklea,6.504166666666670
2024-12-01,Roma,9.583333333333330
2024-12-01,South Brisbane,7.379166666666670
2024-12-01,South Gladstone,8.354166666666670
2024-12-01,Southport,9.468181818181820
2024-12-01,Springwood,7.3625
2024-12-01,Toowoomba,5.470833333333330
2024-12-01,Woolloongabba,6.4000000000000000
2024-12-01,Wynnum North,2.120833333333330
2024-12-01,Wynnum West,2.0208333333333300
2024-12-02,Brisbane City,6.416666666666670
2024-12-02,Cannon Hill,6.7625
2024-12-02,Charleville,2.0208333333333300
2024-12-02,Coomera,6.829166666666670
2024-12-02,Deagon,6.679166666666670
2024-12-02,Deception Bay,7.029166666666670
2024-12-02,Flinders View,5.925
2024-12-02,Lytton,4.125
2024-12-02,Mountain Creek,7.8500000000000000
2024-12-02,Mutdapilly,7.3
2024-12-02,Nambour,7.283333333333330
2024-12-02,North Maclean,4.933333333333330
2024-12-02,Parkwood,6.141666666666670
2024-12-02,Rangeville,2.475
2024-12-02,Rocklea,5.077272727272730
2024-12-02,Roma,5.379166666666670
2024-12-02,South Brisbane,6.783333333333330
2024-12-02,South Gladstone,5.423809523809520
2024-12-02,Southport,7.729166666666670
2024-12-02,Springwood,6.295833333333330
2024-12-02,Toowoomba,5.745833333333330
2024-12-02,Woolloongabba,5.925
2024-12-02,Wynnum North,2.2875
2024-12-02,Wynnum West,2.1363636363636400
2024-12-03,Brisbane City,6.879166666666670
2024-12-03,Cannon Hill,6.7125000000000000
2024-12-03,Charleville,2.004166666666670
2024-12-03,Coomera,7.133333333333330
2024-12-03,Deagon,7.145833333333330
2024-12-03,Deception Bay,7.770833333333330
2024-12-03,Flinders View,6.133333333333330
2024-12-03,Lytton,4.441666666666670
2024-12-03,Mountain Creek,9.879166666666670
2024-12-03,Mutdapilly,7.683333333333330
2024-12-03,Nambour,8.15
2024-12-03,North Maclean,5.383333333333330
2024-12-03,Parkwood,6.425
2024-12-03,Rangeville,2.4250000000000000
2024-12-03,Rocklea,5.483333333333330
2024-12-03,Roma,6.2625
2024-12-03,South Brisbane,7.179166666666670
2024-12-03,South Gladstone,8.783333333333330
2024-12-03,Southport,7.716666666666670
2024-12-03,Springwood,7.020833333333330
2024-12-03,Toowoomba,5.6500000000000000
2024-12-03,Woolloongabba,6.366666666666670
2024-12-03,Wynnum North,2.1166666666666700
2024-12-03,Wynnum West,2.1625
2024-12-04,Brisbane City,5.483333333333330
2024-12-04,Cannon Hill,5.529166666666670
2024-12-04,Charleville,2.0208333333333300
2024-12-04,Coomera,5.570833333333330
2024-12-04,Deagon,5.529166666666670
2024-12-04,Deception Bay,5.429166666666670
2024-12-04,Flinders View,5.233333333333330
2024-12-04,Lytton,4.295833333333330
2024-12-04,Mountain Creek,6.408333333333330
2024-12-04,Mutdapilly,6.541666666666670
2024-12-04,Nambour,5.925
2024-12-04,North Maclean,5.7750000000000000
2024-12-04,Parkwood,4.629166666666670
2024-12-04,Rangeville,2.1333333333333300
2024-12-04,Rocklea,5.616666666666670
2024-12-04,Roma,6.141666666666670
2024-12-04,South Brisbane,5.9750000000000000
2024-12-04,South Gladstone,6.8
2024-12-04,Southport,5.841666666666670
2024-12-04,Springwood,5.7250000000000000
2024-12-04,Toowoomba,4.658333333333330
2024-12-04,Woolloongabba,5.404166666666670
2024-12-04,Wynnum North,2.8125
2024-12-04,Wynnum West,2.8041666666666700
2024-12-05,Brisbane City,4.5875000000000000
2024-12-05,Cannon Hill,5.054166666666670
2024-12-05,Charleville,2.004166666666670
2024-12-05,Coomera,3.8000000000000000
2024-12-05,Deagon,4.008333333333330
2024-12-05,Deception Bay,4.845833333333330
2024-12-05,Flinders View,3.7583333333333300
2024-12-05,Lytton,3.2541666666666700
2024-12-05,Mountain Creek,3.9250000000000000
2024-12-05,Mutdapilly,2.7458333333333300
2024-12-05,Nambour,3.704166666666670
2024-12-05,North Maclean,5.1875
2024-12-05,Parkwood,2.4541666666666700
2024-12-05,Rangeville,2.308333333333330
2024-12-05,Rocklea,4.591666666666670
2024-12-05,Roma,2.7708333333333300
2024-12-05,South Brisbane,5.370833333333330
2024-12-05,South Gladstone,4.2750000000000000
2024-12-05,Southport,2.904166666666670
2024-12-05,Springwood,4.1375
2024-12-05,Toowoomba,2.9958333333333300
2024-12-05,Woolloongabba,4.004166666666670
2024-12-05,Wynnum North,2.4833333333333300
2024-12-05,Wynnum West,2.0708333333333300
2024-12-06,Cannon Hill,3.733333333333330
2024-12-06,Charleville,2.0625
2024-12-06,Coomera,4.008333333333330
2024-12-06,Deagon,3.7416666666666700
2024-12-06,Deception Bay,4.086363636363640
2024-12-06,Flinders View,5.445833333333330
2024-12-06,Lytton,3.704166666666670
2024-12-06,Mountain Creek,4.029166666666670
2024-12-06,Mutdapilly,4.325
2024-12-06,Nambour,3.4125
2024-12-06,North Maclean,9.820833333333330
2024-12-06,Parkwood,3.5208333333333300
2024-12-06,Rangeville,2.433333333333330
2024-12-06,Rocklea,4.891666666666670
2024-12-06,Roma,4.170833333333330
2024-12-06,South Brisbane,4.416666666666670
2024-12-06,South Gladstone,5.291666666666670
2024-12-06,Southport,3.9791666666666700
2024-12-06,Springwood,4.366666666666670
2024-12-06,Toowoomba,3.6791666666666700
2024-12-06,Woolloongabba,4.666666666666670
2024-12-06,Wynnum North,2.8250000000000000
2024-12-06,Wynnum West,2.5208333333333300
2024-12-07,Brisbane City,4.633333333333330
2024-12-07,Cannon Hill,6.370833333333330
2024-12-07,Charleville,2.025
2024-12-07,Coomera,5.754166666666670
2024-12-07,Deagon,6.091666666666670
2024-12-07,Deception Bay,7.7250000000000000
2024-12-07,Flinders View,5.75
2024-12-07,Lytton,4.7750000000000000
2024-12-07,Mountain Creek,6.566666666666670
2024-12-07,Mutdapilly,4.1521739130434800
2024-12-07,Nambour,3.954166666666670
2024-12-07,North Maclean,9.75
2024-12-07,Parkwood,6.3500000000000000
2024-12-07,Rangeville,2.0130434782608700
2024-12-07,Rocklea,6.545833333333330
2024-12-07,Roma,4.141666666666670
2024-12-07,South Brisbane,6.3625
2024-12-07,South Gladstone,5.404166666666670
2024-12-07,Southport,5.4875
2024-12-07,Springwood,6.895833333333330
2024-12-07,Toowoomba,3.908333333333330
2024-12-07,Woolloongabba,4.933333333333330
2024-12-07,Wynnum North,3.3375
2024-12-07,Wynnum West,3.2625000000000000
2024-12-08,Brisbane City,4.979166666666670
2024-12-08,Cannon Hill,4.916666666666670
2024-12-08,Charleville,2.0
2024-12-08,Coomera,5.616666666666670
2024-12-08,Deagon,5.791666666666670
2024-12-08,Deception Bay,6.0
2024-12-08,Flinders View,4.766666666666670
2024-12-08,Lytton,2.8833333333333300
2024-12-08,Mountain Creek,6.408333333333330
2024-12-08,Mutdapilly,2.9416666666666700
2024-12-08,Nambour,5.2375
2024-12-08,North Maclean,3.7625000000000000
2024-12-08,Parkwood,5.045833333333330
2024-12-08,Rangeville,2.1083333333333300
2024-12-08,Rocklea,3.533333333333330
2024-12-08,Roma,2.1416666666666700
2024-12-08,South Brisbane,5.691666666666670
2024-12-08,South Gladstone,6.354166666666670
2024-12-08,Southport,5.9375
2024-12-08,Springwood,5.375
2024-12-08,Toowoomba,3.658333333333330
2024-12-08,Woolloongabba,4.4750000000000000
2024-12-08,Wynnum North,1.8083333333333300
2024-12-08,Wynnum West,1.9458333333333300
2024-12-09,Brisbane City,7.858333333333330
2024-12-09,Cannon Hill,6.9375
2024-12-09,Charleville,2.1458333333333300
2024-12-09,Coomera,6.708333333333330
2024-12-09,Deagon,6.345833333333330
2024-12-09,Deception Bay,6.858333333333330
2024-12-09,Flinders View,7.3125
2024-12-09,Lytton,7.4714285714285700
2024-12-09,Mountain Creek,6.5125
2024-12-09,Mutdapilly,6.843478260869570
2024-12-09,Nambour,6.370833333333330
2024-12-09,North Maclean,8.887500000000000
2024-12-09,Parkwood,5.6375
2024-12-09,Rangeville,2.1708333333333300
2024-12-09,Rocklea,7.7250000000000000
2024-12-09,Roma,3.5750000000000000
2024-12-09,South Brisbane,7.416666666666670
2024-12-09,South Gladstone,6.041666666666670
2024-12-09,Southport,5.7
2024-12-09,Springwood,7.133333333333330
2024-12-09,Toowoomba,7.333333333333330
2024-12-09,Woolloongabba,6.458333333333330
2024-12-09,Wynnum North,4.495833333333330
2024-12-09,Wynnum West,3.841666666666670
2024-12-10,Brisbane City,6.108333333333330
2024-12-10,Cannon Hill,5.8875
2024-12-10,Charleville,2.0708333333333300
2024-12-10,Coomera,4.9125000000000000
2024-12-10,Deagon,4.991666666666670
2024-12-10,Deception Bay,4.720833333333330
2024-12-10,Flinders View,5.2
2024-12-10,Lytton,4.7750000000000000
2024-12-10,Mountain Creek,4.429166666666670
2024-12-10,Mutdapilly,5.195833333333330
2024-12-10,Nambour,4.658333333333330
2024-12-10,North Maclean,6.1625000000000000
2024-12-10,Parkwood,3.9958333333333300
2024-12-10,Raceview,5.845833333333330
2024-12-10,Rangeville,2.0375
2024-12-10,Rocklea,6.6875
2024-12-10,Roma,5.766666666666670
2024-12-10,South Brisbane,5.620833333333330
2024-12-10,South Gladstone,6.4000000000000000
2024-12-10,Southport,4.466666666666670
2024-12-10,Springwood,6.341666666666670
2024-12-10,Toowoomba,4.754166666666670
2024-12-10,Woolloongabba,4.741666666666670
2024-12-10,Wynnum North,3.483333333333330
2024-12-10,Wynnum West,3.4791666666666700
2024-12-11,Brisbane City,8.516666666666670
2024-12-11,Cannon Hill,7.575
2024-12-11,Charleville,2.2083333333333300
2024-12-11,Coomera,6.2125000000000000
2024-12-11,Deagon,7.670833333333330
2024-12-11,Deception Bay,8.141666666666670
2024-12-11,Flinders View,7.766666666666670
2024-12-11,Lytton,4.9000000000000000
2024-12-11,Mountain Creek,7.659090909090910
2024-12-11,Mutdapilly,6.395652173913040
2024-12-11,Nambour,7.654166666666670
2024-12-11,North Maclean,6.466666666666670
2024-12-11,Parkwood,2.954166666666670
2024-12-11,Raceview,8.583333333333330
2024-12-11,Rangeville,2.058333333333330
2024-12-11,Rocklea,7.279166666666670
2024-12-11,Roma,3.7291666666666700
2024-12-11,South Brisbane,7.995833333333330
2024-12-11,South Gladstone,5.983333333333330
2024-12-11,Southport,5.395833333333330
2024-12-11,Springwood,7.133333333333330
2024-12-11,Toowoomba,7.104166666666670
2024-12-11,Woolloongabba,6.904166666666670
2024-12-11,Wynnum North,4.091666666666670
2024-12-11,Wynnum West,4.366666666666670
2024-12-12,Brisbane City,7.316666666666670
2024-12-12,Cannon Hill,6.770833333333330
2024-12-12,Charleville,2.0125000000000000
2024-12-12,Coomera,6.570833333333330
2024-12-12,Deagon,6.483333333333330
2024-12-12,Deception Bay,6.541666666666670
2024-12-12,Flinders View,6.445833333333330
2024-12-12,Lytton,5.120833333333330
2024-12-12,Mountain Creek,6.717391304347830
2024-12-12,Mutdapilly,6.7043478260869600
2024-12-12,Nambour,6.6500000000000000
2024-12-12,North Maclean,5.558333333333330
2024-12-12,Parkwood,3.9875000000000000
2024-12-12,Raceview,8.575000000000000
2024-12-12,Rangeville,2.2291666666666700
2024-12-12,Rocklea,6.925
2024-12-12,Roma,5.745833333333330
2024-12-12,South Brisbane,6.979166666666670
2024-12-12,South Gladstone,4.658333333333330
2024-12-12,Southport,5.804166666666670
2024-12-12,Springwood,6.554166666666670
2024-12-12,Toowoomba,6.1875
2024-12-12,Woolloongabba,5.816666666666670
2024-12-12,Wynnum North,2.858333333333330
2024-12-12,Wynnum West,2.57